[Licensing::Module] Trying to connect to existing licensing client channel...
Built from '6000.5/staging' branch; Version is '6000.5.8f1 (5cb7df797b7d) revision 6076383'; Using compiler version '194234433'; Build Type 'Release'
OS: 'Windows 11  (10.0.26200) Core' Language: 'ru' Physical Memory: 32189 MB
BatchMode: 1, IsHumanControllingUs: 0, StartBugReporterOnCrash: 0, Is64bit: 1
System  architecture: x64
[Licensing::IpcConnector] Successfully connected to: "LicenseClient-User" at "2026-08-13T16:14:06.4078967Z"
Process architecture: x64
Date: 2026-08-13T16:14:06Z

COMMAND LINE ARGUMENTS:
<UNITY_INSTALL>\Editor\Unity.exe
-batchmode
-nographics
-projectPath
<USER_HOME>\AppData\Local\Temp\aibt-p0-001-875d70f48cba4675a69110fbf82558f5
-quit
-logFile
<REPOSITORY>\Assets\AIBT\Planning~\Evidence\P0-001\batch-compile.log
Successfully changed project path to: <USER_HOME>\AppData\Local\Temp\aibt-p0-001-875d70f48cba4675a69110fbf82558f5
<USER_HOME>/AppData/Local/Temp/aibt-p0-001-875d70f48cba4675a69110fbf82558f5
[UnityMemory] Configuration Parameters - Can be set up in boot.config
    "memorysetup-temp-allocator-size-gi-baking-worker=262144"
    "memorysetup-temp-allocator-size-gi-baking-worker=262144"
    "memorysetup-temp-allocator-size-gi-baking-worker=262144"
    "memorysetup-temp-allocator-size-gi-baking-worker=262144"
    "memorysetup-temp-allocator-size-gi-baking-worker=262144"
    "memorysetup-temp-allocator-size-nav-mesh-worker=65536"
    "memorysetup-temp-allocator-size-audio-worker=65536"
    "memorysetup-temp-allocator-size-cloud-worker=32768"
    "memorysetup-temp-allocator-size-gfx=262144"
    "memorysetup-temp-allocator-size-preload-manager=33554432"
    "memorysetup-allocator-temp-initial-block-size-main=262144"
    "memorysetup-allocator-temp-initial-block-size-worker=262144"
    "memorysetup-temp-allocator-size-job-worker=262144"
    "memorysetup-temp-allocator-size-background-worker=32768"
    "memorysetup-bucket-allocator-granularity=16"
    "memorysetup-bucket-allocator-bucket-count=8"
    "memorysetup-bucket-allocator-block-size=33554432"
    "memorysetup-bucket-allocator-block-count=8"
    "memorysetup-main-allocator-block-size=16777216"
    "memorysetup-thread-allocator-block-size=16777216"
    "memorysetup-main-allocator-mimalloc-enabled=0"
    "memorysetup-gfx-main-allocator-block-size=16777216"
    "memorysetup-gfx-thread-allocator-block-size=16777216"
    "memorysetup-cache-allocator-block-size=4194304"
    "memorysetup-typetree-allocator-block-size=2097152"
    "memorysetup-profiler-bucket-allocator-granularity=16"
    "memorysetup-profiler-bucket-allocator-bucket-count=8"
    "memorysetup-profiler-bucket-allocator-block-size=33554432"
    "memorysetup-profiler-bucket-allocator-block-count=8"
    "memorysetup-profiler-allocator-block-size=16777216"
    "memorysetup-profiler-editor-allocator-block-size=1048576"
    "memorysetup-temp-allocator-size-main=16777216"
    "memorysetup-job-temp-allocator-block-size=2097152"
    "memorysetup-job-temp-allocator-block-size-background=1048576"
    "memorysetup-job-temp-allocator-reduction-small-platforms=262144"
Logging is directed to a specific file, skipping project log.Player connection [54112]  Target information:

Player connection [54112]  * "[IP] <LOCAL_IP> [Port] 55505 [Flags] 2 [Guid] 3236971607 [EditorId] 3236971607 [Version] 1048832 [Id] WindowsEditor(7,<HOST>) [Debug] 1 [PackageName] WindowsEditor [ProjectName] Editor" 

Player connection [54112] Host joined multi-casting on [225.0.0.222:54997]...
Player connection [54112] Host joined alternative multi-casting on [225.0.0.222:34997]...
Input System module state changed to: Initialized.
[Physics::Module] Initialized fallback backend.
[Physics::Module] Id: 0xdecafbad
[Package Manager] Connected to IPC stream "Upm-44528" after 0.2 seconds.
[Licensing::Module] Licensing is not yet initialized.
[Licensing::Client] Error: HandshakeResponse reported an error:
	ResponseCode: 505
	ResponseStatus: Unsupported protocol version '1.18.1'.
[Licensing::Module] Error: Failed to handshake to channel: "LicenseClient-User"
[Licensing::IpcConnector] LicenseClient-User channel disconnected successfully.
[Licensing::IpcConnector] Successfully connected to: "LicenseClient-User-6000.5.8" at "2026-08-13T16:14:07.0079549Z"
[Licensing::Client] Code 10 while verifying Licensing Client signature (process Id: 49480, path: "<UNITY_INSTALL>/Editor/Data/Resources/Licensing/Client/Unity.Licensing.Client.exe")
[Licensing::Module] LicensingClient has failed validation; ignoring
[Licensing::Client] Handshaking with LicensingClient:
  Version:                 1.18.1+9fbee8e
  Session Id:              <REDACTED>
  Correlation Id:          <REDACTED>
  External correlation Id: <REDACTED>
  Machine Id:              <REDACTED>
[Licensing::Module] Successfully connected to LicensingClient on channel: "LicenseClient-User-6000.5.8" (connect: 0.00s, validation: 0.00s, handshake: 0.00s)
[Licensing::IpcConnector] Successfully connected to: "LicenseClient-User-6000.5.8-notifications" at "2026-08-13T16:14:07.0122262Z"
[Licensing::Module] Error: Access token is unavailable; failed to update
[Licensing::Client] Successfully resolved entitlement details
[Licensing::Module] License group:
  Id: 2209603-UnityPersXXXX
  Product: Unity Personal
  Type: Assigned
  Expiration: Unlimited
[Licensing::Client] Successfully updated license, isAsync: True, time: 0.00
[Licensing::Client] Successfully resolved entitlement details
[Licensing::Module] Licensing Background thread has ended after 0.61s
[Licensing::Module] Licensing is initialized (took 0.31s).
[Licensing::Client] Successfully resolved entitlement details
Library Redirect Path: Library/
Rebuilding Library because the asset database could not be found!
[Physics::Module] Selected backend.
[Physics::Module] Name: PhysX
[Physics::Module] Id: 0xf2b8ea05
[Physics::Module] SDK Version: 4.1.2
[Physics::Module] Integration Version: 1.0.0
[Physics::Module] Threading Mode: Multi-Threaded
Initialize engine version: 6000.5.8f1 (5cb7df797b7d)
[Subsystems] Discovering subsystems at path <UNITY_INSTALL>/Editor/Data/Resources/UnitySubsystems
[Subsystems] Discovering subsystems at path <USER_HOME>/AppData/Local/Temp/aibt-p0-001-875d70f48cba4675a69110fbf82558f5/Assets
Forcing GfxDevice: Null
GfxDevice: creating device client; kGfxThreadingModeNonThreaded
NullGfxDevice:
    Version:  NULL 1.0 [1.0]
    Renderer: Null Device
    Vendor:   Unity Technologies
Initialize mono
Mono path[0] = '<UNITY_INSTALL>/Editor/Data/Managed'
Mono path[1] = '<UNITY_INSTALL>/Editor/Data/BCLExtensions/runtime/netstandard2.1'
Mono path[2] = '<UNITY_INSTALL>/Editor/Data/MonoBleedingEdge/lib/mono/unityjit-win32'
Mono config path = '<UNITY_INSTALL>/Editor/Data/MonoBleedingEdge/etc'
Using monoOptions --debugger-agent=transport=dt_socket,embedding=1,server=y,suspend=n,address=127.0.0.1:56528
CodeReloadManager initialized
ImportWorker Server TCP listen port: 0
AcceleratorClientConnectionCallback - disconnected - :0
Begin MonoManager ReloadAssembly
Registering precompiled unity dll's ...
Register platform support module: <UNITY_INSTALL>/Editor/Data/PlaybackEngines/WebGLSupport/UnityEditor.WebGL.Extensions.dll
Register platform support module: <UNITY_INSTALL>/Editor/Data/PlaybackEngines/MacStandaloneSupport/UnityEditor.OSXStandalone.Extensions.dll
Register platform support module: <UNITY_INSTALL>/Editor/Data/PlaybackEngines/WindowsStandaloneSupport/UnityEditor.WindowsStandalone.Extensions.dll
[Licensing::Client] Successfully resolved entitlement details
Register platform support module: <UNITY_INSTALL>/Editor/Data/PlaybackEngines/AndroidPlayer/UnityEditor.Android.Extensions.dll
[Licensing::Client] Successfully resolved entitlement details
Register platform support module: <UNITY_INSTALL>/Editor/Data/PlaybackEngines/iOSSupport/UnityEditor.iOS.Extensions.dll
Register platform support module: <UNITY_INSTALL>/Editor/Data/PlaybackEngines/LinuxStandaloneSupport/UnityEditor.LinuxStandalone.Extensions.dll
Registered in 0.004942 seconds.
Native extension for LinuxStandalone target not found
Native extension for iOS target not found
Native extension for Android target not found
Native extension for WindowsStandalone target not found
Native extension for OSXStandalone target not found
Native extension for WebGL target not found
Package Manager log level set to [2]
[Licensing::Client] Successfully resolved entitlement details
ScheduleIndexationOnStartup MainProcess:False IndexOnStartup:False
Mono: successfully reloaded assembly
- Finished resetting the current domain, in 10.596 seconds
Domain Reload Profiling: 10981ms
	BeginReloadAssembly (106ms)
		CreateAndSetChildDomain (15ms)
	RebuildCommonClasses (4ms)
	RebuildNativeTypeToScriptingClass (11ms)
	initialDomainReloadingComplete (50ms)
	LoadAllAssembliesAndSetupDomain (213ms)
		LoadAssemblies (91ms)
		AnalyzeDomain (153ms)
			TypeCache.Refresh (151ms)
				TypeCache.ScanAssembly (139ms)
	FinalizeReload (10596ms)
		SetupLoadedEditorAssemblies (0ms)
			InitializePlatformSupportModulesInManaged (10ms)
			BeforeProcessingInitializeOnLoad (66ms)
			ProcessInitializeOnLoadAttributes (74ms)
			ProcessInitializeOnLoadMethodAttributes (10402ms)
[Licensing::Client] Successfully resolved entitlement details
Application.AssetDatabase Initial Refresh Start
[Package Manager] Done resolving packages in 15.31 seconds
[Licensing::Client] Successfully resolved entitlement details
[Package Manager] Registered 69 packages:
  Packages from [https://packages.unity.com]:
    com.unity.addressables@3.1.0 (location: <USER_HOME>\AppData\Local\Temp\aibt-p0-001-875d70f48cba4675a69110fbf82558f5\Library\PackageCache\com.unity.addressables@9bffe1a216ce)
    com.unity.cinemachine@3.1.7 (location: <USER_HOME>\AppData\Local\Temp\aibt-p0-001-875d70f48cba4675a69110fbf82558f5\Library\PackageCache\com.unity.cinemachine@f3f96bcb59af)
    com.unity.cloud.gltfast@6.19.0 (location: <USER_HOME>\AppData\Local\Temp\aibt-p0-001-875d70f48cba4675a69110fbf82558f5\Library\PackageCache\com.unity.cloud.gltfast@92828f845157)
    com.unity.collab-proxy@2.13.5 (location: <USER_HOME>\AppData\Local\Temp\aibt-p0-001-875d70f48cba4675a69110fbf82558f5\Library\PackageCache\com.unity.collab-proxy@120d77864ebc)
    com.unity.ide.rider@3.0.39 (location: <USER_HOME>\AppData\Local\Temp\aibt-p0-001-875d70f48cba4675a69110fbf82558f5\Library\PackageCache\com.unity.ide.rider@4504839d03f7)
    com.unity.ide.visualstudio@2.0.27 (location: <USER_HOME>\AppData\Local\Temp\aibt-p0-001-875d70f48cba4675a69110fbf82558f5\Library\PackageCache\com.unity.ide.visualstudio@dc1ddd4f09b6)
    com.unity.probuilder@6.1.2 (location: <USER_HOME>\AppData\Local\Temp\aibt-p0-001-875d70f48cba4675a69110fbf82558f5\Library\PackageCache\com.unity.probuilder@8be9724b2335)
    com.unity.timeline@1.8.12 (location: <USER_HOME>\AppData\Local\Temp\aibt-p0-001-875d70f48cba4675a69110fbf82558f5\Library\PackageCache\com.unity.timeline@8cd8509afae5)
    com.unity.visualscripting@1.9.12 (location: <USER_HOME>\AppData\Local\Temp\aibt-p0-001-875d70f48cba4675a69110fbf82558f5\Library\PackageCache\com.unity.visualscripting@4edfcc09512f)
    com.unity.settings-manager@2.1.1 (location: <USER_HOME>\AppData\Local\Temp\aibt-p0-001-875d70f48cba4675a69110fbf82558f5\Library\PackageCache\com.unity.settings-manager@0b8638c5ce86)
    com.unity.burst@1.8.30 (location: <USER_HOME>\AppData\Local\Temp\aibt-p0-001-875d70f48cba4675a69110fbf82558f5\Library\PackageCache\com.unity.burst@2f3d916873ea)
    com.unity.splines@2.9.0 (location: <USER_HOME>\AppData\Local\Temp\aibt-p0-001-875d70f48cba4675a69110fbf82558f5\Library\PackageCache\com.unity.splines@e6e1d5900acc)
    com.unity.profiling.core@1.0.3 (location: <USER_HOME>\AppData\Local\Temp\aibt-p0-001-875d70f48cba4675a69110fbf82558f5\Library\PackageCache\com.unity.profiling.core@8a49f7027d06)
    com.unity.scriptablebuildpipeline@3.1.1 (location: <USER_HOME>\AppData\Local\Temp\aibt-p0-001-875d70f48cba4675a69110fbf82558f5\Library\PackageCache\com.unity.scriptablebuildpipeline@ea93f1084040)
    com.unity.nuget.newtonsoft-json@3.2.2 (location: <USER_HOME>\AppData\Local\Temp\aibt-p0-001-875d70f48cba4675a69110fbf82558f5\Library\PackageCache\com.unity.nuget.newtonsoft-json@4dfd81071c64)
    com.unity.searcher@4.9.5 (location: <USER_HOME>\AppData\Local\Temp\aibt-p0-001-875d70f48cba4675a69110fbf82558f5\Library\PackageCache\com.unity.searcher@a463122f2c00)
    com.unity.nuget.mono-cecil@1.11.6 (location: <USER_HOME>\AppData\Local\Temp\aibt-p0-001-875d70f48cba4675a69110fbf82558f5\Library\PackageCache\com.unity.nuget.mono-cecil@ecb9724e46ff)
    com.unity.test-framework.performance@3.5.0 (location: <USER_HOME>\AppData\Local\Temp\aibt-p0-001-875d70f48cba4675a69110fbf82558f5\Library\PackageCache\com.unity.test-framework.performance@8b56083ec0f0)
  Built-in packages:
    com.unity.graphtoolkit@0.5.0-exp.1 (location: <USER_HOME>\AppData\Local\Temp\aibt-p0-001-875d70f48cba4675a69110fbf82558f5\Library\PackageCache\com.unity.graphtoolkit@e04fb5469f9c)
    com.unity.render-pipelines.universal@17.5.0 (location: <USER_HOME>\AppData\Local\Temp\aibt-p0-001-875d70f48cba4675a69110fbf82558f5\Library\PackageCache\com.unity.render-pipelines.universal@73b4c4ff130e)
    com.unity.test-framework@1.7.0 (location: <USER_HOME>\AppData\Local\Temp\aibt-p0-001-875d70f48cba4675a69110fbf82558f5\Library\PackageCache\com.unity.test-framework@1405238725ab)
    com.unity.ugui@2.5.0 (location: <USER_HOME>\AppData\Local\Temp\aibt-p0-001-875d70f48cba4675a69110fbf82558f5\Library\PackageCache\com.unity.ugui@1c4864518158)
    com.unity.visualeffectgraph@17.5.0 (location: <USER_HOME>\AppData\Local\Temp\aibt-p0-001-875d70f48cba4675a69110fbf82558f5\Library\PackageCache\com.unity.visualeffectgraph@b1f03b147b92)
    com.unity.modules.accessibility@1.0.0 (location: <USER_HOME>\AppData\Local\Temp\aibt-p0-001-875d70f48cba4675a69110fbf82558f5\Library\PackageCache\com.unity.modules.accessibility)
    com.unity.modules.adaptiveperformance@1.0.0 (location: <USER_HOME>\AppData\Local\Temp\aibt-p0-001-875d70f48cba4675a69110fbf82558f5\Library\PackageCache\com.unity.modules.adaptiveperformance)
    com.unity.modules.ai@1.0.0 (location: <USER_HOME>\AppData\Local\Temp\aibt-p0-001-875d70f48cba4675a69110fbf82558f5\Library\PackageCache\com.unity.modules.ai)
    com.unity.modules.androidjni@1.0.0 (location: <USER_HOME>\AppData\Local\Temp\aibt-p0-001-875d70f48cba4675a69110fbf82558f5\Library\PackageCache\com.unity.modules.androidjni)
    com.unity.modules.animation@1.0.0 (location: <USER_HOME>\AppData\Local\Temp\aibt-p0-001-875d70f48cba4675a69110fbf82558f5\Library\PackageCache\com.unity.modules.animation)
    com.unity.modules.assetbundle@1.0.0 (location: <USER_HOME>\AppData\Local\Temp\aibt-p0-001-875d70f48cba4675a69110fbf82558f5\Library\PackageCache\com.unity.modules.assetbundle)
    com.unity.modules.audio@1.0.0 (location: <USER_HOME>\AppData\Local\Temp\aibt-p0-001-875d70f48cba4675a69110fbf82558f5\Library\PackageCache\com.unity.modules.audio)
    com.unity.modules.cloth@1.0.0 (location: <USER_HOME>\AppData\Local\Temp\aibt-p0-001-875d70f48cba4675a69110fbf82558f5\Library\PackageCache\com.unity.modules.cloth)
    com.unity.modules.director@1.0.0 (location: <USER_HOME>\AppData\Local\Temp\aibt-p0-001-875d70f48cba4675a69110fbf82558f5\Library\PackageCache\com.unity.modules.director)
    com.unity.modules.imageconversion@1.0.0 (location: <USER_HOME>\AppData\Local\Temp\aibt-p0-001-875d70f48cba4675a69110fbf82558f5\Library\PackageCache\com.unity.modules.imageconversion)
    com.unity.modules.imgui@1.0.0 (location: <USER_HOME>\AppData\Local\Temp\aibt-p0-001-875d70f48cba4675a69110fbf82558f5\Library\PackageCache\com.unity.modules.imgui)
    com.unity.modules.jsonserialize@1.0.0 (location: <USER_HOME>\AppData\Local\Temp\aibt-p0-001-875d70f48cba4675a69110fbf82558f5\Library\PackageCache\com.unity.modules.jsonserialize)
    com.unity.modules.particlesystem@1.0.0 (location: <USER_HOME>\AppData\Local\Temp\aibt-p0-001-875d70f48cba4675a69110fbf82558f5\Library\PackageCache\com.unity.modules.particlesystem)
    com.unity.modules.physics@1.0.0 (location: <USER_HOME>\AppData\Local\Temp\aibt-p0-001-875d70f48cba4675a69110fbf82558f5\Library\PackageCache\com.unity.modules.physics)
    com.unity.modules.physics2d@1.0.0 (location: <USER_HOME>\AppData\Local\Temp\aibt-p0-001-875d70f48cba4675a69110fbf82558f5\Library\PackageCache\com.unity.modules.physics2d)
    com.unity.modules.physicscore2d@1.0.0 (location: <USER_HOME>\AppData\Local\Temp\aibt-p0-001-875d70f48cba4675a69110fbf82558f5\Library\PackageCache\com.unity.modules.physicscore2d)
    com.unity.modules.screencapture@1.0.0 (location: <USER_HOME>\AppData\Local\Temp\aibt-p0-001-875d70f48cba4675a69110fbf82558f5\Library\PackageCache\com.unity.modules.screencapture)
    com.unity.modules.terrain@1.0.0 (location: <USER_HOME>\AppData\Local\Temp\aibt-p0-001-875d70f48cba4675a69110fbf82558f5\Library\PackageCache\com.unity.modules.terrain)
    com.unity.modules.terrainphysics@1.0.0 (location: <USER_HOME>\AppData\Local\Temp\aibt-p0-001-875d70f48cba4675a69110fbf82558f5\Library\PackageCache\com.unity.modules.terrainphysics)
    com.unity.modules.tilemap@1.0.0 (location: <USER_HOME>\AppData\Local\Temp\aibt-p0-001-875d70f48cba4675a69110fbf82558f5\Library\PackageCache\com.unity.modules.tilemap)
    com.unity.modules.ui@1.0.0 (location: <USER_HOME>\AppData\Local\Temp\aibt-p0-001-875d70f48cba4675a69110fbf82558f5\Library\PackageCache\com.unity.modules.ui)
    com.unity.modules.uielements@1.0.0 (location: <USER_HOME>\AppData\Local\Temp\aibt-p0-001-875d70f48cba4675a69110fbf82558f5\Library\PackageCache\com.unity.modules.uielements)
    com.unity.modules.umbra@1.0.0 (location: <USER_HOME>\AppData\Local\Temp\aibt-p0-001-875d70f48cba4675a69110fbf82558f5\Library\PackageCache\com.unity.modules.umbra)
    com.unity.modules.unityanalytics@1.0.0 (location: <USER_HOME>\AppData\Local\Temp\aibt-p0-001-875d70f48cba4675a69110fbf82558f5\Library\PackageCache\com.unity.modules.unityanalytics)
    com.unity.modules.unitywebrequest@1.0.0 (location: <USER_HOME>\AppData\Local\Temp\aibt-p0-001-875d70f48cba4675a69110fbf82558f5\Library\PackageCache\com.unity.modules.unitywebrequest)
    com.unity.modules.unitywebrequestassetbundle@1.0.0 (location: <USER_HOME>\AppData\Local\Temp\aibt-p0-001-875d70f48cba4675a69110fbf82558f5\Library\PackageCache\com.unity.modules.unitywebrequestassetbundle)
    com.unity.modules.unitywebrequestaudio@1.0.0 (location: <USER_HOME>\AppData\Local\Temp\aibt-p0-001-875d70f48cba4675a69110fbf82558f5\Library\PackageCache\com.unity.modules.unitywebrequestaudio)
    com.unity.modules.unitywebrequesttexture@1.0.0 (location: <USER_HOME>\AppData\Local\Temp\aibt-p0-001-875d70f48cba4675a69110fbf82558f5\Library\PackageCache\com.unity.modules.unitywebrequesttexture)
    com.unity.modules.unitywebrequestwww@1.0.0 (location: <USER_HOME>\AppData\Local\Temp\aibt-p0-001-875d70f48cba4675a69110fbf82558f5\Library\PackageCache\com.unity.modules.unitywebrequestwww)
    com.unity.modules.vectorgraphics@1.0.0 (location: <USER_HOME>\AppData\Local\Temp\aibt-p0-001-875d70f48cba4675a69110fbf82558f5\Library\PackageCache\com.unity.modules.vectorgraphics)
    com.unity.modules.vehicles@1.0.0 (location: <USER_HOME>\AppData\Local\Temp\aibt-p0-001-875d70f48cba4675a69110fbf82558f5\Library\PackageCache\com.unity.modules.vehicles)
    com.unity.modules.video@1.0.0 (location: <USER_HOME>\AppData\Local\Temp\aibt-p0-001-875d70f48cba4675a69110fbf82558f5\Library\PackageCache\com.unity.modules.video)
    com.unity.modules.wind@1.0.0 (location: <USER_HOME>\AppData\Local\Temp\aibt-p0-001-875d70f48cba4675a69110fbf82558f5\Library\PackageCache\com.unity.modules.wind)
    com.unity.modules.xr@1.0.0 (location: <USER_HOME>\AppData\Local\Temp\aibt-p0-001-875d70f48cba4675a69110fbf82558f5\Library\PackageCache\com.unity.modules.xr)
    com.unity.modules.subsystems@1.0.0 (location: <USER_HOME>\AppData\Local\Temp\aibt-p0-001-875d70f48cba4675a69110fbf82558f5\Library\PackageCache\com.unity.modules.subsystems)
    com.unity.modules.hierarchycore@1.0.0 (location: <USER_HOME>\AppData\Local\Temp\aibt-p0-001-875d70f48cba4675a69110fbf82558f5\Library\PackageCache\com.unity.modules.hierarchycore)
    com.unity.shadergraph@17.5.0 (location: <USER_HOME>\AppData\Local\Temp\aibt-p0-001-875d70f48cba4675a69110fbf82558f5\Library\PackageCache\com.unity.shadergraph@8d7376ec43ee)
    com.unity.render-pipelines.core@17.5.0 (location: <USER_HOME>\AppData\Local\Temp\aibt-p0-001-875d70f48cba4675a69110fbf82558f5\Library\PackageCache\com.unity.render-pipelines.core@a4c9a9793789)
    com.unity.ext.nunit@2.1.0 (location: <USER_HOME>\AppData\Local\Temp\aibt-p0-001-875d70f48cba4675a69110fbf82558f5\Library\PackageCache\com.unity.ext.nunit@44f7d31723bd)
    com.unity.render-pipelines.universal-config@17.5.0 (location: <USER_HOME>\AppData\Local\Temp\aibt-p0-001-875d70f48cba4675a69110fbf82558f5\Library\PackageCache\com.unity.render-pipelines.universal-config@fdda01c80fe3)
    com.unity.collections@6.5.0 (location: <USER_HOME>\AppData\Local\Temp\aibt-p0-001-875d70f48cba4675a69110fbf82558f5\Library\PackageCache\com.unity.collections@ec2c217e4cb2)
    com.unity.mathematics@1.4.0 (location: <USER_HOME>\AppData\Local\Temp\aibt-p0-001-875d70f48cba4675a69110fbf82558f5\Library\PackageCache\com.unity.mathematics@981956d94fb6)
  Git packages:
    com.boxqkrtm.ide.cursor@https://github.com/boxqkrtm/com.unity.ide.cursor.git (location: <USER_HOME>\AppData\Local\Temp\aibt-p0-001-875d70f48cba4675a69110fbf82558f5\Library\PackageCache\com.boxqkrtm.ide.cursor@38fecf55e4fd)
    com.coplaydev.unity-mcp@https://github.com/CoplayDev/unity-mcp.git?path=/MCPForUnity#main (location: <USER_HOME>\AppData\Local\Temp\aibt-p0-001-875d70f48cba4675a69110fbf82558f5\Library\PackageCache\com.coplaydev.unity-mcp@8bd91ce7bd3a)
    com.cysharp.unitask@https://github.com/Cysharp/UniTask.git?path=src/UniTask/Assets/Plugins/UniTask (location: <USER_HOME>\AppData\Local\Temp\aibt-p0-001-875d70f48cba4675a69110fbf82558f5\Library\PackageCache\com.cysharp.unitask@a85b92a8e443)
    com.github-glitchenzo.nugetforunity@https://github.com/GlitchEnzo/NuGetForUnity.git?path=/src/NuGetForUnity (location: <USER_HOME>\AppData\Local\Temp\aibt-p0-001-875d70f48cba4675a69110fbf82558f5\Library\PackageCache\com.github-glitchenzo.nugetforunity@ee9526e0fa37)
[Subsystems] No new subsystems found in resolved package list.
[Package Manager] Done registering packages in 0.00 seconds
Directory monitor buffer overflow for 'Packages'Next Refresh will do full enumeration.AcceleratorClientConnectionCallback - disconnected - :0
Assembly reference Packages/com.unity.cinemachine/Editor/Samples/ExposeHDRPInternals/HDRP-Editor-ref.asmref has no target assembly definition
Assembly reference Packages/com.unity.cinemachine/Editor/Samples/ExposeHDRPInternals/HDRP-Editor-ref.asmref has no target assembly definition
[API Updater] Processing imported assemblies took 113 ms (0/0 assembly(ies)).
Assembly Updater Post Process Assets time: 0.116671s
[ScriptCompilation] Requested script compilation because: Assembly Definition File(s) changed
[ScriptCompilation] Requested script compilation because: AssetDatabase observed changes in script compilation related files
Assembly for Assembly Definition File 'Assets/AIBT/Runtime/AIBT.Runtime.asmdef' will not be compiled, because it has no scripts associated with it.
UnityEngine.Debug:ExtractStackTraceNoAlloc (byte*,int,string)
UnityEngine.StackTraceUtility:ExtractStackTrace ()
UnityEngine.DebugLogHandler:Internal_Log (UnityEngine.LogType,UnityEngine.LogOption,string,UnityEngine.Object)
UnityEngine.DebugLogHandler:LogFormat (UnityEngine.LogType,UnityEngine.Object,string,object[])
UnityEngine.Logger:LogFormat (UnityEngine.LogType,string,object[])
UnityEngine.Debug:LogWarningFormat (string,object[])
UnityEditor.Scripting.ScriptCompilation.EditorCompilation:WarnIfThereAreAssembliesWithoutAnyScripts (UnityEditor.Scripting.ScriptCompilation.ScriptAssemblySettings,UnityEditor.Scripting.ScriptCompilation.ScriptAssembly[])
UnityEditor.Scripting.ScriptCompilation.EditorCompilation:CompileScriptsWithSettings (UnityEditor.Scripting.ScriptCompilation.ScriptAssemblySettings)
UnityEditor.Scripting.ScriptCompilation.EditorCompilation:CompileScripts (UnityEditor.Scripting.ScriptCompilation.EditorScriptCompilationOptions,UnityEditor.BuildTarget,int,string[])
UnityEditor.Scripting.ScriptCompilation.EditorCompilationInterface/<>c__DisplayClass21_0:<CompileScripts>b__0 ()
UnityEditor.Scripting.ScriptCompilation.EditorCompilationInterface:EmitExceptionAsError<UnityEditor.Scripting.ScriptCompilation.EditorCompilation/CompileStatus> (System.Func`1<UnityEditor.Scripting.ScriptCompilation.EditorCompilation/CompileStatus>,UnityEditor.Scripting.ScriptCompilation.EditorCompilation/CompileStatus)
UnityEditor.Scripting.ScriptCompilation.EditorCompilationInterface:CompileScripts (UnityEditor.Scripting.ScriptCompilation.EditorScriptCompilationOptions,UnityEditor.BuildTarget,int,string[])

Assembly for Assembly Definition File 'Assets/AIBT/Authoring/AIBT.Authoring.asmdef' will not be compiled, because it has no scripts associated with it.
UnityEngine.Debug:ExtractStackTraceNoAlloc (byte*,int,string)
UnityEngine.StackTraceUtility:ExtractStackTrace ()
UnityEngine.DebugLogHandler:Internal_Log (UnityEngine.LogType,UnityEngine.LogOption,string,UnityEngine.Object)
UnityEngine.DebugLogHandler:LogFormat (UnityEngine.LogType,UnityEngine.Object,string,object[])
UnityEngine.Logger:LogFormat (UnityEngine.LogType,string,object[])
UnityEngine.Debug:LogWarningFormat (string,object[])
UnityEditor.Scripting.ScriptCompilation.EditorCompilation:WarnIfThereAreAssembliesWithoutAnyScripts (UnityEditor.Scripting.ScriptCompilation.ScriptAssemblySettings,UnityEditor.Scripting.ScriptCompilation.ScriptAssembly[])
UnityEditor.Scripting.ScriptCompilation.EditorCompilation:CompileScriptsWithSettings (UnityEditor.Scripting.ScriptCompilation.ScriptAssemblySettings)
UnityEditor.Scripting.ScriptCompilation.EditorCompilation:CompileScripts (UnityEditor.Scripting.ScriptCompilation.EditorScriptCompilationOptions,UnityEditor.BuildTarget,int,string[])
UnityEditor.Scripting.ScriptCompilation.EditorCompilationInterface/<>c__DisplayClass21_0:<CompileScripts>b__0 ()
UnityEditor.Scripting.ScriptCompilation.EditorCompilationInterface:EmitExceptionAsError<UnityEditor.Scripting.ScriptCompilation.EditorCompilation/CompileStatus> (System.Func`1<UnityEditor.Scripting.ScriptCompilation.EditorCompilation/CompileStatus>,UnityEditor.Scripting.ScriptCompilation.EditorCompilation/CompileStatus)
UnityEditor.Scripting.ScriptCompilation.EditorCompilationInterface:CompileScripts (UnityEditor.Scripting.ScriptCompilation.EditorScriptCompilationOptions,UnityEditor.BuildTarget,int,string[])

Assembly for Assembly Definition File 'Assets/AIBT/Tests/Editor/AIBT.Editor.Tests.asmdef' will not be compiled, because it has no scripts associated with it.
UnityEngine.Debug:ExtractStackTraceNoAlloc (byte*,int,string)
UnityEngine.StackTraceUtility:ExtractStackTrace ()
UnityEngine.DebugLogHandler:Internal_Log (UnityEngine.LogType,UnityEngine.LogOption,string,UnityEngine.Object)
UnityEngine.DebugLogHandler:LogFormat (UnityEngine.LogType,UnityEngine.Object,string,object[])
UnityEngine.Logger:LogFormat (UnityEngine.LogType,string,object[])
UnityEngine.Debug:LogWarningFormat (string,object[])
UnityEditor.Scripting.ScriptCompilation.EditorCompilation:WarnIfThereAreAssembliesWithoutAnyScripts (UnityEditor.Scripting.ScriptCompilation.ScriptAssemblySettings,UnityEditor.Scripting.ScriptCompilation.ScriptAssembly[])
UnityEditor.Scripting.ScriptCompilation.EditorCompilation:CompileScriptsWithSettings (UnityEditor.Scripting.ScriptCompilation.ScriptAssemblySettings)
UnityEditor.Scripting.ScriptCompilation.EditorCompilation:CompileScripts (UnityEditor.Scripting.ScriptCompilation.EditorScriptCompilationOptions,UnityEditor.BuildTarget,int,string[])
UnityEditor.Scripting.ScriptCompilation.EditorCompilationInterface/<>c__DisplayClass21_0:<CompileScripts>b__0 ()
UnityEditor.Scripting.ScriptCompilation.EditorCompilationInterface:EmitExceptionAsError<UnityEditor.Scripting.ScriptCompilation.EditorCompilation/CompileStatus> (System.Func`1<UnityEditor.Scripting.ScriptCompilation.EditorCompilation/CompileStatus>,UnityEditor.Scripting.ScriptCompilation.EditorCompilation/CompileStatus)
UnityEditor.Scripting.ScriptCompilation.EditorCompilationInterface:CompileScripts (UnityEditor.Scripting.ScriptCompilation.EditorScriptCompilationOptions,UnityEditor.BuildTarget,int,string[])

Assembly for Assembly Definition File 'Assets/AIBT/Editor/AIBT.Editor.asmdef' will not be compiled, because it has no scripts associated with it.
UnityEngine.Debug:ExtractStackTraceNoAlloc (byte*,int,string)
UnityEngine.StackTraceUtility:ExtractStackTrace ()
UnityEngine.DebugLogHandler:Internal_Log (UnityEngine.LogType,UnityEngine.LogOption,string,UnityEngine.Object)
UnityEngine.DebugLogHandler:LogFormat (UnityEngine.LogType,UnityEngine.Object,string,object[])
UnityEngine.Logger:LogFormat (UnityEngine.LogType,string,object[])
UnityEngine.Debug:LogWarningFormat (string,object[])
UnityEditor.Scripting.ScriptCompilation.EditorCompilation:WarnIfThereAreAssembliesWithoutAnyScripts (UnityEditor.Scripting.ScriptCompilation.ScriptAssemblySettings,UnityEditor.Scripting.ScriptCompilation.ScriptAssembly[])
UnityEditor.Scripting.ScriptCompilation.EditorCompilation:CompileScriptsWithSettings (UnityEditor.Scripting.ScriptCompilation.ScriptAssemblySettings)
UnityEditor.Scripting.ScriptCompilation.EditorCompilation:CompileScripts (UnityEditor.Scripting.ScriptCompilation.EditorScriptCompilationOptions,UnityEditor.BuildTarget,int,string[])
UnityEditor.Scripting.ScriptCompilation.EditorCompilationInterface/<>c__DisplayClass21_0:<CompileScripts>b__0 ()
UnityEditor.Scripting.ScriptCompilation.EditorCompilationInterface:EmitExceptionAsError<UnityEditor.Scripting.ScriptCompilation.EditorCompilation/CompileStatus> (System.Func`1<UnityEditor.Scripting.ScriptCompilation.EditorCompilation/CompileStatus>,UnityEditor.Scripting.ScriptCompilation.EditorCompilation/CompileStatus)
UnityEditor.Scripting.ScriptCompilation.EditorCompilationInterface:CompileScripts (UnityEditor.Scripting.ScriptCompilation.EditorScriptCompilationOptions,UnityEditor.BuildTarget,int,string[])

Assembly for Assembly Definition File 'Assets/AIBT/Tests/Runtime/AIBT.Runtime.Tests.asmdef' will not be compiled, because it has no scripts associated with it.
UnityEngine.Debug:ExtractStackTraceNoAlloc (byte*,int,string)
UnityEngine.StackTraceUtility:ExtractStackTrace ()
UnityEngine.DebugLogHandler:Internal_Log (UnityEngine.LogType,UnityEngine.LogOption,string,UnityEngine.Object)
UnityEngine.DebugLogHandler:LogFormat (UnityEngine.LogType,UnityEngine.Object,string,object[])
UnityEngine.Logger:LogFormat (UnityEngine.LogType,string,object[])
UnityEngine.Debug:LogWarningFormat (string,object[])
UnityEditor.Scripting.ScriptCompilation.EditorCompilation:WarnIfThereAreAssembliesWithoutAnyScripts (UnityEditor.Scripting.ScriptCompilation.ScriptAssemblySettings,UnityEditor.Scripting.ScriptCompilation.ScriptAssembly[])
UnityEditor.Scripting.ScriptCompilation.EditorCompilation:CompileScriptsWithSettings (UnityEditor.Scripting.ScriptCompilation.ScriptAssemblySettings)
UnityEditor.Scripting.ScriptCompilation.EditorCompilation:CompileScripts (UnityEditor.Scripting.ScriptCompilation.EditorScriptCompilationOptions,UnityEditor.BuildTarget,int,string[])
UnityEditor.Scripting.ScriptCompilation.EditorCompilationInterface/<>c__DisplayClass21_0:<CompileScripts>b__0 ()
UnityEditor.Scripting.ScriptCompilation.EditorCompilationInterface:EmitExceptionAsError<UnityEditor.Scripting.ScriptCompilation.EditorCompilation/CompileStatus> (System.Func`1<UnityEditor.Scripting.ScriptCompilation.EditorCompilation/CompileStatus>,UnityEditor.Scripting.ScriptCompilation.EditorCompilation/CompileStatus)
UnityEditor.Scripting.ScriptCompilation.EditorCompilationInterface:CompileScripts (UnityEditor.Scripting.ScriptCompilation.EditorScriptCompilationOptions,UnityEditor.BuildTarget,int,string[])

Starting: <UNITY_INSTALL>\Editor\Data\Tools\BuildPipeline\bee_backend.exe --ipc --defer-dag-verification --dagfile="Library/Bee/1900b0aEDbg.dag" --continue-on-failure --profile="Library/Bee/backend1.traceevents" ScriptAssemblies
WorkingDir: <USER_HOME>/AppData/Local/Temp/aibt-p0-001-875d70f48cba4675a69110fbf82558f5
ExitCode: 4 Duration: 0s48ms
[             ] Require frontend run.  Library/Bee/1900b0aEDbg.dag couldn't be loaded
DisplayProgressbar: Compiling Scripts
Starting: <UNITY_INSTALL>\Editor\Data\netcorerun\netcorerun.exe "<UNITY_INSTALL>\Editor\Data\Tools\BuildPipeline\ScriptCompilationBuildProgram.exe" "Library/Bee/1900b0aEDbg.dag.json" "Library/Bee/1900b0aEDbg-inputdata.json" "Library\Bee\buildprogram0.traceevents"
WorkingDir: <USER_HOME>/AppData/Local/Temp/aibt-p0-001-875d70f48cba4675a69110fbf82558f5
ExitCode: 0 Duration: 1s374ms
Starting: <UNITY_INSTALL>\Editor\Data\Tools\BuildPipeline\bee_backend.exe --ipc --defer-dag-verification --dagfile="Library/Bee/1900b0aEDbg.dag" --continue-on-failure --dagfilejson="Library\Bee\1900b0aEDbg.dag.json" --profile="Library/Bee/backend2.traceevents" ScriptAssemblies
WorkingDir: <USER_HOME>/AppData/Local/Temp/aibt-p0-001-875d70f48cba4675a69110fbf82558f5
ExitCode: 3 Duration: 8s783ms
Finished compiling graph: 1775 nodes, 39217 flattened edges (32805 ToBuild, 306 ToUse), maximum node priority 1933
[   1/1771  0s] WriteText Library/Bee/artifacts/1900b0aEDbg.dag/UnityEngine.TestRunner.UnityAdditionalFile.txt
[   2/1771  0s] WriteText Library/Bee/artifacts/1900b0aEDbg.dag/UnityEngine.TestRunner.rsp2
[   3/1771  0s] WriteText Library/Bee/artifacts/1900b0aEDbg.dag/UnityEngine.UI.UnityAdditionalFile.txt
[   4/1771  0s] WriteText Library/Bee/artifacts/1900b0aEDbg.dag/UnityEngine.UI.rsp2
[   5/1771  0s] MovedFromExtractor Library/Bee/artifacts/mvdfrm/UnityEngine.DSPGraphModule.dll_47B30877D3499018.mvfrm
[   6/1771  0s] MovedFromExtractor Library/Bee/artifacts/mvdfrm/UnityEditor.iOS.Extensions.Xcode.dll_3AD5B95F8AD2D9DF.mvfrm
[   7/1771  0s] MovedFromExtractor Library/Bee/artifacts/mvdfrm/UnityEngine.IdentifiersModule.dll_70543702210F0FF3.mvfrm
[   8/1771  0s] MovedFromExtractor Library/Bee/artifacts/mvdfrm/UnityEditor.iOS.Extensions.Xcode.dll_FE6F6486C9BDDEF8.mvfrm
[   9/1771  0s] MovedFromExtractor Library/Bee/artifacts/mvdfrm/UnityEngine.GridModule.dll_12DB3DDE53E44051.mvfrm
[  10/1771  0s] MovedFromExtractor Library/Bee/artifacts/mvdfrm/UnityEngine.GraphicsStateCollectionSerializerModule.dll_4FA782359B28550F.mvfrm
[  11/1771  0s] MovedFromExtractor Library/Bee/artifacts/mvdfrm/UnityEngine.DirectorModule.dll_4261A70E60E8BEF7.mvfrm
[  12/1771  0s] MovedFromExtractor Library/Bee/artifacts/mvdfrm/Unity.Android.Gradle.dll_2BE981D2FA432097.mvfrm
[  13/1771  0s] MovedFromExtractor Library/Bee/artifacts/mvdfrm/UnityEngine.VehiclesModule.dll_BA24A08DDB128E92.mvfrm
[  14/1771  0s] MovedFromExtractor Library/Bee/artifacts/mvdfrm/UnityEditor.Apple.Extensions.Common.dll_C42CD73C83A52BF1.mvfrm
[  15/1771  0s] MovedFromExtractor Library/Bee/artifacts/mvdfrm/UnityEngine.GIModule.dll_B6C891ECEDB265BD.mvfrm
[  16/1771  0s] MovedFromExtractor Library/Bee/artifacts/mvdfrm/UnityEngine.HotReloadModule.dll_7149DB8CB457328F.mvfrm
[  17/1771  0s] MovedFromExtractor Library/Bee/artifacts/mvdfrm/UnityEngine.InputForUIModule.dll_38858D5B3917A28E.mvfrm
[  18/1771  0s] MovedFromExtractor Library/Bee/artifacts/mvdfrm/UnityEngine.GameCenterModule.dll_35D33341D8F705D2.mvfrm
[  19/1771  0s] MovedFromExtractor Library/Bee/artifacts/mvdfrm/UnityEngine.HierarchyCoreModule.dll_B7269332F5BDF31D.mvfrm
[  20/1771  0s] MovedFromExtractor Library/Bee/artifacts/mvdfrm/UnityEngine.LocalizationModule.dll_547583633A5B4B24.mvfrm
[  21/1771  0s] MovedFromExtractor Library/Bee/artifacts/mvdfrm/UnityEngine.InputModule.dll_5313437831199163.mvfrm
[  22/1771  0s] MovedFromExtractor Library/Bee/artifacts/mvdfrm/UnityEngine.InputLegacyModule.dll_290FCA2AF687F7CC.mvfrm
[  23/1771  0s] MovedFromExtractor Library/Bee/artifacts/mvdfrm/UnityEditor.iOS.Extensions.Common.dll_A365430A05B91B94.mvfrm
[  24/1771  0s] MovedFromExtractor Library/Bee/artifacts/mvdfrm/Unity.Android.Types.dll_C28587884E6BA595.mvfrm
[  25/1771  0s] MovedFromExtractor Library/Bee/artifacts/mvdfrm/UnityEngine.JSONSerializeModule.dll_A0237F94864BFAB1.mvfrm
[  26/1771  0s] MovedFromExtractor Library/Bee/artifacts/mvdfrm/UnityEngine.ImageConversionModule.dll_E8E841416838A43A.mvfrm
[  27/1771  0s] MovedFromExtractor Library/Bee/artifacts/mvdfrm/UnityEngine.InsightsModule.dll_DC286F9EEB660E76.mvfrm
[  28/1771  0s] MovedFromExtractor Library/Bee/artifacts/mvdfrm/UnityEngine.IMGUIModule.dll_24FD1B2E811300A0.mvfrm
[  29/1771  0s] MovedFromExtractor Library/Bee/artifacts/mvdfrm/UnityEngine.PhysicsBackendPhysXModule.dll_391023B9300D6052.mvfrm
[  30/1771  0s] MovedFromExtractor Library/Bee/artifacts/mvdfrm/UnityEngine.RuntimeInitializeOnLoadManagerInitializerModule.dll_CE583B049F3EC36B.mvfrm
[  31/1771  0s] MovedFromExtractor Library/Bee/artifacts/mvdfrm/UnityEngine.MarshallingModule.dll_40334DA142BE6F2D.mvfrm
[  32/1771  0s] MovedFromExtractor Library/Bee/artifacts/mvdfrm/UnityEngine.Physics2DModule.dll_3CA70D777A210EA2.mvfrm
[  33/1771  0s] MovedFromExtractor Library/Bee/artifacts/mvdfrm/UnityEditor.ShaderFoundryModule.dll_4C465B04A949EF18.mvfrm
[  34/1771  0s] MovedFromExtractor Library/Bee/artifacts/mvdfrm/UnityEngine.RenderAs2DModule.dll_A44635062B3CB445.mvfrm
[  35/1771  0s] MovedFromExtractor Library/Bee/artifacts/mvdfrm/UnityEditor.SketchUpModule.dll_2F5FC9DE284F8387.mvfrm
[  36/1771  0s] MovedFromExtractor Library/Bee/artifacts/mvdfrm/UnityEngine.PropertiesModule.dll_630E72804BE26A0E.mvfrm
[  37/1771  0s] MovedFromExtractor Library/Bee/artifacts/mvdfrm/UnityEngine.ShaderVariantAnalyticsModule.dll_6658747F28B58521.mvfrm
[  38/1771  0s] MovedFromExtractor Library/Bee/artifacts/mvdfrm/UnityEngine.MultiplayerModule.dll_1772CB99175DCF53.mvfrm
[  39/1771  0s] MovedFromExtractor Library/Bee/artifacts/mvdfrm/UnityEngine.SharedInternalsModule.dll_6CF98016DF669F8A.mvfrm
[  40/1771  0s] MovedFromExtractor Library/Bee/artifacts/mvdfrm/UnityEditor.SpriteMaskModule.dll_1E513889F8228201.mvfrm
[  41/1771  0s] MovedFromExtractor Library/Bee/artifacts/mvdfrm/UnityEngine.SpriteShapeModule.dll_B12BDC67143879E5.mvfrm
[  42/1771  0s] MovedFromExtractor Library/Bee/artifacts/mvdfrm/UnityEngine.PerformanceReportingModule.dll_1ED1C959F4141919.mvfrm
[  43/1771  0s] MovedFromExtractor Library/Bee/artifacts/mvdfrm/UnityEngine.SubsystemsModule.dll_89AD0C33C8AE835F.mvfrm
[  44/1771  0s] MovedFromExtractor Library/Bee/artifacts/mvdfrm/UnityEditor.EditorToolbarModule.dll_E9C71A0387ADC852.mvfrm
[  45/1771  0s] MovedFromExtractor Library/Bee/artifacts/mvdfrm/UnityEngine.SpriteMaskModule.dll_1EFFA5D1FA669B4C.mvfrm
[  46/1771  0s] MovedFromExtractor Library/Bee/artifacts/mvdfrm/UnityEngine.PhysicsCore2DModule.dll_2DCFCE03E5B58F11.mvfrm
[  47/1771  0s] MovedFromExtractor Library/Bee/artifacts/mvdfrm/UnityEngine.MathematicsModule.dll_BCDF5CE5D30E390F.mvfrm
[  48/1771  0s] MovedFromExtractor Library/Bee/artifacts/mvdfrm/UnityEngine.ScriptingModule.dll_0722764D58ABC5C0.mvfrm
[  49/1771  0s] MovedFromExtractor Library/Bee/artifacts/mvdfrm/UnityEngine.ParticleSystemModule.dll_255F96A60BACC5C0.mvfrm
[  50/1771  0s] MovedFromExtractor Library/Bee/artifacts/mvdfrm/UnityEngine.ScreenCaptureModule.dll_BA0B2D199AB82713.mvfrm
[  51/1771  0s] MovedFromExtractor Library/Bee/artifacts/mvdfrm/UnityEngine.StreamingModule.dll_A4960AD728ABCE4B.mvfrm
[  52/1771  0s] MovedFromExtractor Library/Bee/artifacts/mvdfrm/UnityEngine.SubstanceModule.dll_81411F2073FECC59.mvfrm
[  53/1771  0s] MovedFromExtractor Library/Bee/artifacts/mvdfrm/UnityEngine.TerrainPhysicsModule.dll_25DA3F7924EFC04D.mvfrm
[  54/1771  0s] MovedFromExtractor Library/Bee/artifacts/mvdfrm/UnityEditor.SpriteShapeModule.dll_AB660CD801FE6960.mvfrm
[  55/1771  0s] MovedFromExtractor Library/Bee/artifacts/mvdfrm/UnityEngine.TerrainModule.dll_A477D9B34EAEFE5E.mvfrm
[  56/1771  0s] MovedFromExtractor Library/Bee/artifacts/mvdfrm/UnityEditor.EmbreeModule.dll_71B55584B22FF358.mvfrm
[  57/1771  0s] MovedFromExtractor Library/Bee/artifacts/mvdfrm/UnityEngine.TextCoreTextEngineModule.dll_8C71E0B1109A87B6.mvfrm
[  58/1771  0s] MovedFromExtractor Library/Bee/artifacts/mvdfrm/UnityEngine.TextRenderingModule.dll_E34A9F2451EFA708.mvfrm
[  59/1771  0s] MovedFromExtractor Library/Bee/artifacts/mvdfrm/UnityEngine.TLSModule.dll_F9F6EBEE58582A44.mvfrm
[  60/1771  0s] MovedFromExtractor Library/Bee/artifacts/mvdfrm/UnityEngine.TextCoreFontEngineModule.dll_4489AA3F8116CE98.mvfrm
[  61/1771  0s] MovedFromExtractor Library/Bee/artifacts/mvdfrm/UnityEngine.U2DRuntimeModule.dll_5A895CFA9909F96C.mvfrm
[  62/1771  0s] MovedFromExtractor Library/Bee/artifacts/mvdfrm/UnityEngine.UnityConnectModule.dll_83EBC809EBDF8610.mvfrm
[  63/1771  0s] MovedFromExtractor Library/Bee/artifacts/mvdfrm/UnityEditor.SubstanceModule.dll_CB5B2E378E7F1A74.mvfrm
[  64/1771  0s] MovedFromExtractor Library/Bee/artifacts/mvdfrm/UnityEngine.UmbraModule.dll_677227E048081832.mvfrm
[  65/1771  0s] MovedFromExtractor Library/Bee/artifacts/mvdfrm/UnityEngine.UnityAnalyticsModule.dll_44FF076FB7D417BC.mvfrm
[  66/1771  0s] MovedFromExtractor Library/Bee/artifacts/mvdfrm/UnityEngine.UIModule.dll_19FFE70CAE4A834F.mvfrm
[  67/1771  0s] MovedFromExtractor Library/Bee/artifacts/mvdfrm/UnityEngine.UnityAnalyticsCommonModule.dll_BA10869E0DFCB777.mvfrm
[  68/1771  0s] MovedFromExtractor Library/Bee/artifacts/mvdfrm/UnityEngine.TilemapModule.dll_43744134666BDF67.mvfrm
[  69/1771  0s] MovedFromExtractor Library/Bee/artifacts/mvdfrm/UnityEditor.TerrainModule.dll_B1FD2108E9A01719.mvfrm
[  70/1771  0s] MovedFromExtractor Library/Bee/artifacts/mvdfrm/UnityEngine.UnityCurlModule.dll_231DBEB8493808FA.mvfrm
[  71/1771  0s] MovedFromExtractor Library/Bee/artifacts/mvdfrm/UnityEngine.UnityConsentModule.dll_55915F35F8EA1C60.mvfrm
[  72/1771  0s] MovedFromExtractor Library/Bee/artifacts/mvdfrm/UnityEngine.UIElementsModule.dll_8DEB6D9BCBDABF56.mvfrm
[  73/1771  0s] MovedFromExtractor Library/Bee/artifacts/mvdfrm/UnityEngine.UnityWebRequestModule.dll_FA8748EB732D3EB9.mvfrm
[  74/1771  0s] MovedFromExtractor Library/Bee/artifacts/mvdfrm/UnityEngine.UnityWebRequestAssetBundleModule.dll_DA1DAFFD1007A78D.mvfrm
[  75/1771  0s] MovedFromExtractor Library/Bee/artifacts/mvdfrm/UnityEngine.UnityWebRequestAudioModule.dll_96CE1D387A7EE3B1.mvfrm
[  76/1771  0s] MovedFromExtractor Library/Bee/artifacts/mvdfrm/UnityEngine.UnityWebRequestTextureModule.dll_A59E56CE7CE949A6.mvfrm
[  77/1771  0s] MovedFromExtractor Library/Bee/artifacts/mvdfrm/UnityEngine.UnityWebRequestWWWModule.dll_5734260D005A4422.mvfrm
[  78/1771  0s] MovedFromExtractor Library/Bee/artifacts/mvdfrm/UnityEditor.GIModule.dll_785A005D823531F2.mvfrm
[  79/1771  0s] MovedFromExtractor Library/Bee/artifacts/mvdfrm/UnityEngine.VideoModule.dll_11A700327D738864.mvfrm
[  80/1771  0s] MovedFromExtractor Library/Bee/artifacts/mvdfrm/UnityEngine.VectorGraphicsModule.dll_BCA6CCDA9DB33C09.mvfrm
[  81/1771  0s] MovedFromExtractor Library/Bee/artifacts/mvdfrm/UnityEngine.VFXModule.dll_7AD5845D2EC593B1.mvfrm
[  82/1771  0s] MovedFromExtractor Library/Bee/artifacts/mvdfrm/UnityEngine.WindModule.dll_ABB8FD18CCC628C3.mvfrm
[  83/1771  0s] MovedFromExtractor Library/Bee/artifacts/mvdfrm/UnityEngine.VirtualTexturingModule.dll_F03828F02771A878.mvfrm
[  84/1771  0s] MovedFromExtractor Library/Bee/artifacts/mvdfrm/UnityEditor.ShaderCompilationModule.dll_F71B9202A3FF39E2.mvfrm
[  85/1771  0s] MovedFromExtractor Library/Bee/artifacts/mvdfrm/UnityEditor.GraphViewModule.dll_217BA15DFEC74267.mvfrm
[  86/1771  0s] MovedFromExtractor Library/Bee/artifacts/mvdfrm/UnityEditor.GenericRemoteModule.dll_49CC5A0C6FBC4001.mvfrm
[  87/1771  0s] MovedFromExtractor Library/Bee/artifacts/mvdfrm/UnityEditor.HierarchyModule.dll_0EEFA839BCA68129.mvfrm
[  88/1771  0s] MovedFromExtractor Library/Bee/artifacts/mvdfrm/UnityEngine.dll_FC2EBD45A239301B.mvfrm
[  89/1771  0s] MovedFromExtractor Library/Bee/artifacts/mvdfrm/UnityEditor.GraphicsStateCollectionSerializerModule.dll_46B3B545CE290BAA.mvfrm
[  90/1771  0s] MovedFromExtractor Library/Bee/artifacts/mvdfrm/UnityEngine.XRModule.dll_9F90D096D93F5625.mvfrm
[  91/1771  0s] MovedFromExtractor Library/Bee/artifacts/mvdfrm/UnityEditor.LightingModule.dll_41525C0A3009B09C.mvfrm
[  92/1771  0s] MovedFromExtractor Library/Bee/artifacts/mvdfrm/UnityEditor.GridModule.dll_EFBA6A8BABDED526.mvfrm
[  93/1771  0s] MovedFromExtractor Library/Bee/artifacts/mvdfrm/UnityEditor.GridAndSnapModule.dll_D28AE18F26BD4D7F.mvfrm
[  94/1771  0s] MovedFromExtractor Library/Bee/artifacts/mvdfrm/UnityEditor.MathematicsModule.dll_B7198D56C0D4288A.mvfrm
[  95/1771  0s] MovedFromExtractor Library/Bee/artifacts/mvdfrm/UnityEditor.TreeModule.dll_6FF543AC1B4FD46E.mvfrm
[  96/1771  0s] MovedFromExtractor Library/Bee/artifacts/mvdfrm/UnityEditor.MultiplayerModule.dll_11ACFC0A0523BECE.mvfrm
[  97/1771  0s] MovedFromExtractor Library/Bee/artifacts/mvdfrm/UnityEditor.Physics2DModule.dll_86C11C8E94A15CBD.mvfrm
[  98/1771  0s] MovedFromExtractor Library/Bee/artifacts/mvdfrm/UnityEditor.MediaModule.dll_F230D8F507B0C4A8.mvfrm
[  99/1771  0s] MovedFromExtractor Library/Bee/artifacts/mvdfrm/UnityEditor.PhysicsModule.dll_97B6A59A13E1CE2B.mvfrm
[ 100/1771  0s] MovedFromExtractor Library/Bee/artifacts/mvdfrm/UnityEditor.PhysicsCore2DModule.dll_A18EDBDC6CBD0BEC.mvfrm
[ 101/1771  0s] MovedFromExtractor Library/Bee/artifacts/mvdfrm/UnityEditor.PlayModeModule.dll_8D3ED6477BE6F6D7.mvfrm
[ 102/1771  0s] MovedFromExtractor Library/Bee/artifacts/mvdfrm/UnityEditor.SceneViewModule.dll_602B8465F3EA0F75.mvfrm
[ 103/1771  0s] MovedFromExtractor Library/Bee/artifacts/mvdfrm/UnityEditor.PresetsUIModule.dll_DCE1DA40011F9A6C.mvfrm
[ 104/1771  0s] MovedFromExtractor Library/Bee/artifacts/mvdfrm/UnityEditor.ProjectAuditorModule.dll_B4EFDF704458F715.mvfrm
[ 105/1771  0s] MovedFromExtractor Library/Bee/artifacts/mvdfrm/UnityEditor.PropertiesModule.dll_62600538499E50C3.mvfrm
[ 106/1771  0s] MovedFromExtractor Library/Bee/artifacts/mvdfrm/UnityEditor.QuickInstallModule.dll_7A3184C40DFA0E7E.mvfrm
[ 107/1771  0s] MovedFromExtractor Library/Bee/artifacts/mvdfrm/UnityEditor.SceneTemplateModule.dll_0D668AC1869A728A.mvfrm
[ 108/1771  0s] MovedFromExtractor Library/Bee/artifacts/mvdfrm/UnityEditor.SafeModeModule.dll_474AE48DDD1DE770.mvfrm
[ 109/1771  0s] MovedFromExtractor Library/Bee/artifacts/mvdfrm/UnityEditor.ShaderBuildSettingsModule.dll_A692EE1EE50AFBD0.mvfrm
[ 110/1771  0s] MovedFromExtractor Library/Bee/artifacts/mvdfrm/UnityEditor.QuickSearchModule.dll_53E17C1AFC2F8CE9.mvfrm
[ 111/1771  0s] MovedFromExtractor Library/Bee/artifacts/mvdfrm/UnityEditor.TilemapModule.dll_50F9888A015CF822.mvfrm
[ 112/1771  0s] MovedFromExtractor Library/Bee/artifacts/mvdfrm/UnityEditor.TextRenderingModule.dll_5709ACFCD8F723E3.mvfrm
[ 113/1771  0s] MovedFromExtractor Library/Bee/artifacts/mvdfrm/UnityEditor.TextCoreFontEngineModule.dll_C62A2EEC6E190FCD.mvfrm
[ 114/1771  0s] MovedFromExtractor Library/Bee/artifacts/mvdfrm/UnityEditor.TextCoreTextEngineModule.dll_0E12655DFD9CC8EB.mvfrm
[ 115/1771  0s] MovedFromExtractor Library/Bee/artifacts/mvdfrm/UnityEngine.AssetBundleModule.dll_97CAAF0C5E9641DB.mvfrm
[ 116/1771  0s] MovedFromExtractor Library/Bee/artifacts/mvdfrm/UnityEngine.PhysicsModule.dll_8A315E4478F0B570.mvfrm
[ 117/1771  0s] MovedFromExtractor Library/Bee/artifacts/mvdfrm/UnityEditor.U2DModule.dll_9A8C8CECF4B1E60B.mvfrm
[ 118/1771  0s] MovedFromExtractor Library/Bee/artifacts/mvdfrm/UnityEditor.UmbraModule.dll_A1456B7C168AE78D.mvfrm
[ 119/1771  0s] MovedFromExtractor Library/Bee/artifacts/mvdfrm/UnityEditor.UIElementsModule.dll_8D3D0053C996A60B.mvfrm
[ 120/1771  0s] MovedFromExtractor Library/Bee/artifacts/mvdfrm/UnityEditor.VFXModule.dll_6EB3E209BF1585AC.mvfrm
[ 121/1771  0s] MovedFromExtractor Library/Bee/artifacts/mvdfrm/UnityEditor.UIAutomationModule.dll_4BF3257568E7690B.mvfrm
[ 122/1771  0s] MovedFromExtractor Library/Bee/artifacts/mvdfrm/UnityEditor.UnityConnectModule.dll_968C43FAF1578565.mvfrm
[ 123/1771  0s] MovedFromExtractor Library/Bee/artifacts/mvdfrm/UnityEditor.UIElementsSamplesModule.dll_EB4D2F8AC0FB4512.mvfrm
[ 124/1771  0s] MovedFromExtractor Library/Bee/artifacts/mvdfrm/UnityEditor.VectorGraphicsModule.dll_01826B3F81C6A7FE.mvfrm
[ 125/1771  0s] MovedFromExtractor Library/Bee/artifacts/mvdfrm/UnityEditor.UIBuilderModule.dll_76044E7A717FBB9B.mvfrm
[ 126/1771  0s] MovedFromExtractor Library/Bee/artifacts/mvdfrm/UnityEditor.dll_C98A766D43C5A336.mvfrm
[ 127/1771  0s] MovedFromExtractor Library/Bee/artifacts/mvdfrm/UnityEngine.AdaptivePerformanceModule.dll_5EFC3C2C4D511D93.mvfrm
[ 128/1771  0s] MovedFromExtractor Library/Bee/artifacts/mvdfrm/UnityEngine.ARModule.dll_D7FF0DE2AF20DC6C.mvfrm
[ 129/1771  0s] MovedFromExtractor Library/Bee/artifacts/mvdfrm/UnityEditor.XRModule.dll_61223F076DC2225A.mvfrm
[ 130/1771  0s] MovedFromExtractor Library/Bee/artifacts/mvdfrm/UnityEditor.VideoModule.dll_4B7A43CE4BF657BF.mvfrm
[ 131/1771  0s] MovedFromExtractor Library/Bee/artifacts/mvdfrm/UnityEngine.AIModule.dll_1E8C48DF52037DA3.mvfrm
[ 132/1771  0s] MovedFromExtractor Library/Bee/artifacts/mvdfrm/UnityEngine.AccessibilityModule.dll_400BF65887109A27.mvfrm
[ 133/1771  0s] MovedFromExtractor Library/Bee/artifacts/mvdfrm/UnityEngine.ClothModule.dll_5385D8C294FE4BA3.mvfrm
[ 134/1771  0s] MovedFromExtractor Library/Bee/artifacts/mvdfrm/UnityEngine.AudioModule.dll_EC9D7BC7BAE16CBF.mvfrm
[ 135/1771  0s] MovedFromExtractor Library/Bee/artifacts/mvdfrm/UnityEngine.ClusterInputModule.dll_1628B910A2DF582B.mvfrm
[ 136/1771  0s] MovedFromExtractor Library/Bee/artifacts/mvdfrm/UnityEngine.AndroidJNIModule.dll_0B85E92712B614E1.mvfrm
[ 137/1771  0s] MovedFromExtractor Library/Bee/artifacts/mvdfrm/UnityEngine.ClusterRendererModule.dll_7CF64390E613EC46.mvfrm
[ 138/1771  0s] MovedFromExtractor Library/Bee/artifacts/mvdfrm/UnityEngine.AnimationModule.dll_F0011D86D924170D.mvfrm
[ 139/1771  0s] MovedFromExtractor Library/Bee/artifacts/mvdfrm/UnityEngine.ContentLoadModule.dll_30E1084D2D18E9C8.mvfrm
[ 140/1771  0s] MovedFromExtractor Library/Bee/artifacts/mvdfrm/UnityEngine.CoreModule.dll_356A21F03B8FAA5A.mvfrm
[ 141/1771  0s] WriteText Library/Bee/artifacts/1900b0aEDbg.dag/UnityEngine.TestRunner.dll.mvfrm.rsp
[ 142/1771  0s] WriteText Library/Bee/artifacts/1900b0aEDbg.dag/UnityEngine.TestRunner.rsp
[ 143/1771  0s] MovedFromExtractor Library/Bee/artifacts/mvdfrm/UnityEngine.CrashReportingModule.dll_D24D4D599D9B3A32.mvfrm
[ 144/1771  0s] MovedFromExtractor Library/Bee/artifacts/mvdfrm/Unity.Scripting.dll_6A08EED5C06BC662.mvfrm
[ 145/1771  0s] MovedFromExtractor Library/Bee/artifacts/mvdfrm/UnityEditor.AIModule.dll_E01DB74FE68649D8.mvfrm
[ 146/1771  0s] MovedFromExtractor Library/Bee/artifacts/mvdfrm/UnityEditor.UIToolkitAuthoringModule.dll_F980C3798C9F938D.mvfrm
[ 147/1771  0s] MovedFromExtractor Library/Bee/artifacts/mvdfrm/UnityEditor.AdaptivePerformanceModule.dll_9E6CA776120BCA8E.mvfrm
[ 148/1771  0s] MovedFromExtractor Library/Bee/artifacts/mvdfrm/UnityEditor.AssetComplianceModule.dll_B024910DF114C2EF.mvfrm
[ 149/1771  0s] WriteText Library/Bee/artifacts/1900b0aEDbg.dag/UnityEditor.TestRunner.UnityAdditionalFile.txt
[ 150/1771  0s] WriteText Library/Bee/artifacts/1900b0aEDbg.dag/UnityEditor.TestRunner.rsp2
[ 151/1771  0s] MovedFromExtractor Library/Bee/artifacts/mvdfrm/UnityEditor.GraphToolkitModule.dll_B72F1B2FBD22CED0.mvfrm
[ 152/1771  0s] WriteText Library/Bee/artifacts/1900b0aEDbg.dag/UnityEngine.UI.dll.mvfrm.rsp
[ 153/1771  0s] WriteText Library/Bee/artifacts/1900b0aEDbg.dag/UnityEngine.UI.rsp
[ 154/1771  0s] MovedFromExtractor Library/Bee/artifacts/mvdfrm/UnityEditor.BuildProfileModule.dll_9B523684CC73A04B.mvfrm
[ 155/1771  0s] MovedFromExtractor Library/Bee/artifacts/mvdfrm/UnityEditor.AccessibilityModule.dll_B3CB04310E181702.mvfrm
[ 156/1771  0s] WriteText Library/Bee/artifacts/1900b0aEDbg.dag/UnityEditor.UI.UnityAdditionalFile.txt
[ 157/1771  0s] WriteText Library/Bee/artifacts/1900b0aEDbg.dag/UnityEditor.UI.rsp2
[ 158/1771  0s] WriteText Library/Bee/artifacts/1900b0aEDbg.dag/UnityEditor.TestRunner.dll.mvfrm.rsp
[ 159/1771  0s] WriteText Library/Bee/artifacts/1900b0aEDbg.dag/UnityEditor.TestRunner.rsp
[ 160/1771  0s] WriteText Library/Bee/artifacts/1900b0aEDbg.dag/UnityEditor.UI.dll.mvfrm.rsp
[ 161/1771  0s] WriteText Library/Bee/artifacts/1900b0aEDbg.dag/UnityEditor.UI.rsp
[ 162/1771  0s] WriteText Library/Bee/artifacts/1900b0aEDbg.dag/Unity.Mathematics.UnityAdditionalFile.txt
[ 163/1771  0s] WriteText Library/Bee/artifacts/1900b0aEDbg.dag/Unity.Mathematics.rsp2
[ 164/1771  0s] WriteText Library/Bee/artifacts/1900b0aEDbg.dag/Unity.Burst.rsp2
[ 165/1771  0s] WriteText Library/Bee/artifacts/1900b0aEDbg.dag/Unity.Burst.UnityAdditionalFile.txt
[ 166/1771  0s] WriteText Library/Bee/artifacts/1900b0aEDbg.dag/Unity.Mathematics.dll.mvfrm.rsp
[ 167/1771  0s] WriteText Library/Bee/artifacts/1900b0aEDbg.dag/Unity.Mathematics.rsp
[ 168/1771  0s] MovedFromExtractor Library/Bee/artifacts/mvdfrm/UnityEditor.CoreBusinessMetricsModule.dll_1E57A0F03852F988.mvfrm
[ 169/1771  0s] WriteText Library/Bee/artifacts/1900b0aEDbg.dag/Unity.Burst.dll.mvfrm.rsp
[ 170/1771  0s] WriteText Library/Bee/artifacts/1900b0aEDbg.dag/Unity.Burst.rsp
[ 171/1771  0s] WriteText Library/Bee/artifacts/1900b0aEDbg.dag/Unity.Collections.rsp2
[ 172/1771  0s] WriteText Library/Bee/artifacts/1900b0aEDbg.dag/Unity.Collections.UnityAdditionalFile.txt
[ 173/1771  0s] WriteText Library/Bee/artifacts/1900b0aEDbg.dag/Unity.Collections.dll.mvfrm.rsp
[ 174/1771  0s] MovedFromExtractor Library/Bee/artifacts/mvdfrm/UnityEditor.ContentLoadModule.dll_2B1B38BE1ADED943.mvfrm
[ 175/1771  0s] WriteText Library/Bee/artifacts/1900b0aEDbg.dag/Unity.Collections.rsp
[ 176/1771  0s] WriteText Library/Bee/artifacts/1900b0aEDbg.dag/Unity.Burst.CodeGen.UnityAdditionalFile.txt
[ 177/1771  0s] WriteText Library/Bee/artifacts/1900b0aEDbg.dag/Unity.Collections.CodeGen.rsp2
[ 178/1771  0s] WriteText Library/Bee/artifacts/1900b0aEDbg.dag/Unity.Collections.CodeGen.UnityAdditionalFile.txt
[ 179/1771  0s] WriteText Library/Bee/artifacts/1900b0aEDbg.dag/Unity.Burst.CodeGen.rsp2
[ 180/1771  0s] WriteText Library/Bee/artifacts/1900b0aEDbg.dag/Unity.RenderPipelines.Core.Runtime.UnityAdditionalFile.txt
[ 181/1771  0s] WriteText Library/Bee/artifacts/1900b0aEDbg.dag/Unity.RenderPipelines.Core.Runtime.rsp2
[ 182/1771  0s] MovedFromExtractor Library/Bee/artifacts/mvdfrm/UnityEditor.ClothModule.dll_8D591C5E63811AFE.mvfrm
[ 183/1771  0s] MovedFromExtractor Library/Bee/artifacts/mvdfrm/UnityEditor.DeviceSimulatorModule.dll_7749811F7658DEC2.mvfrm
[ 184/1771  0s] MovedFromExtractor Library/Bee/artifacts/mvdfrm/UnityEditor.DiagnosticsModule.dll_C8D1FB0DA3589090.mvfrm
[ 185/1771  0s] MovedFromExtractor Library/Bee/artifacts/mvdfrm/UnityEditor.Graphs.dll_642F1B5CC096DA61.mvfrm
[ 186/1771  0s] MovedFromExtractor Library/Bee/artifacts/mvdfrm/UnityEditor.Android.Extensions.dll_D012495E78959137.mvfrm
[ 187/1771  0s] WriteText Library/Bee/artifacts/1900b0aEDbg.dag/Unity.Collections.CodeGen.dll.mvfrm.rsp
[ 188/1771  0s] WriteText Library/Bee/artifacts/1900b0aEDbg.dag/Unity.Burst.CodeGen.dll.mvfrm.rsp
[ 189/1771  0s] WriteText Library/Bee/artifacts/1900b0aEDbg.dag/Unity.Burst.CodeGen.rsp
[ 190/1771  0s] MovedFromExtractor Library/Bee/artifacts/mvdfrm/UnityEditor.CoreModule.dll_12494E9D938A3F2F.mvfrm
[ 191/1771  0s] WriteText Library/Bee/artifacts/1900b0aEDbg.dag/Unity.Collections.CodeGen.rsp
[ 192/1771  0s] WriteText Library/Bee/artifacts/1900b0aEDbg.dag/Unity.UnifiedRayTracing.Runtime.rsp2
[ 193/1771  0s] WriteText Library/Bee/artifacts/1900b0aEDbg.dag/Unity.UnifiedRayTracing.Runtime.UnityAdditionalFile.txt
[ 194/1771  0s] WriteText Library/Bee/artifacts/1900b0aEDbg.dag/Unity.RenderPipelines.Core.Runtime.dll.mvfrm.rsp
[ 195/1771  0s] WriteText Library/Bee/artifacts/1900b0aEDbg.dag/Unity.RenderPipelines.Core.Runtime.rsp
[ 196/1771  0s] WriteText Library/Bee/artifacts/1900b0aEDbg.dag/Unity.UnifiedRayTracing.Runtime.dll.mvfrm.rsp
[ 197/1771  0s] WriteText Library/Bee/artifacts/1900b0aEDbg.dag/Unity.UnifiedRayTracing.Runtime.rsp
[ 198/1771  0s] WriteText Library/Bee/artifacts/1900b0aEDbg.dag/Unity.PathTracing.Runtime.UnityAdditionalFile.txt
[ 199/1771  0s] WriteText Library/Bee/artifacts/1900b0aEDbg.dag/Unity.PathTracing.Runtime.rsp2
[ 200/1771  0s] WriteText Library/Bee/artifacts/1900b0aEDbg.dag/Unity.Timeline.UnityAdditionalFile.txt
[ 201/1771  0s] WriteText Library/Bee/artifacts/1900b0aEDbg.dag/Unity.Timeline.rsp2
[ 202/1771  0s] WriteText Library/Bee/artifacts/1900b0aEDbg.dag/Unity.InternalAPIEngineBridge.RenderPipelines.Core.Runtime.Shared.rsp2
[ 203/1771  0s] WriteText Library/Bee/artifacts/1900b0aEDbg.dag/Unity.InternalAPIEngineBridge.RenderPipelines.Core.Runtime.Shared.UnityAdditionalFile.txt
[ 204/1771  0s] WriteText Library/Bee/artifacts/1900b0aEDbg.dag/Unity.RenderPipelines.GPUDriven.Runtime.UnityAdditionalFile.txt
[ 205/1771  0s] WriteText Library/Bee/artifacts/1900b0aEDbg.dag/Unity.PathTracing.Runtime.dll.mvfrm.rsp
[ 206/1771  0s] WriteText Library/Bee/artifacts/1900b0aEDbg.dag/Unity.RenderPipelines.GPUDriven.Runtime.rsp2
[ 207/1771  0s] WriteText Library/Bee/artifacts/1900b0aEDbg.dag/Unity.Timeline.dll.mvfrm.rsp
[ 208/1771  0s] WriteText Library/Bee/artifacts/1900b0aEDbg.dag/Unity.PathTracing.Runtime.rsp
[ 209/1771  0s] WriteText Library/Bee/artifacts/1900b0aEDbg.dag/Unity.Timeline.rsp
[ 210/1771  0s] WriteText Library/Bee/artifacts/1900b0aEDbg.dag/Unity.Profiling.Core.UnityAdditionalFile.txt
[ 211/1771  0s] WriteText Library/Bee/artifacts/1900b0aEDbg.dag/Unity.Profiling.Core.rsp2
[ 212/1771  0s] WriteText Library/Bee/artifacts/1900b0aEDbg.dag/Unity.InternalAPIEngineBridge.RenderPipelines.Core.Runtime.Shared.dll.mvfrm.rsp
[ 213/1771  0s] MovedFromExtractor Library/Bee/artifacts/mvdfrm/UnityEditor.WebGL.Extensions.dll_870716584AF287F1.mvfrm
[ 214/1771  0s] WriteText Library/Bee/artifacts/1900b0aEDbg.dag/Unity.InternalAPIEngineBridge.RenderPipelines.Core.Runtime.Shared.rsp
[ 215/1771  0s] WriteText Library/Bee/artifacts/1900b0aEDbg.dag/Unity.RenderPipelines.Core.Runtime.Shared.UnityAdditionalFile.txt
[ 216/1771  0s] WriteText Library/Bee/artifacts/1900b0aEDbg.dag/Unity.RenderPipelines.Core.Runtime.Shared.rsp2
[ 217/1771  0s] WriteText Library/Bee/artifacts/1900b0aEDbg.dag/Unity.VisualEffectGraph.Runtime.rsp2
[ 218/1771  0s] WriteText Library/Bee/artifacts/1900b0aEDbg.dag/Unity.VisualEffectGraph.Runtime.UnityAdditionalFile.txt
[ 219/1771  0s] WriteText Library/Bee/artifacts/1900b0aEDbg.dag/Unity.SurfaceCache.Runtime.UnityAdditionalFile.txt
[ 220/1771  0s] WriteText Library/Bee/artifacts/1900b0aEDbg.dag/Unity.RenderPipeline.Universal.ShaderLibrary.UnityAdditionalFile.txt
[ 221/1771  0s] WriteText Library/Bee/artifacts/1900b0aEDbg.dag/Unity.SurfaceCache.Runtime.rsp2
[ 222/1771  0s] WriteText Library/Bee/artifacts/1900b0aEDbg.dag/Unity.RenderPipeline.Universal.ShaderLibrary.rsp2
[ 223/1771  0s] WriteText Library/Bee/artifacts/1900b0aEDbg.dag/Unity.RenderPipelines.Universal.Config.Runtime.UnityAdditionalFile.txt
[ 224/1771  0s] WriteText Library/Bee/artifacts/1900b0aEDbg.dag/Unity.Profiling.Core.dll.mvfrm.rsp
[ 225/1771  0s] WriteText Library/Bee/artifacts/1900b0aEDbg.dag/Unity.RenderPipelines.Universal.Config.Runtime.rsp2
[ 226/1771  0s] WriteText Library/Bee/artifacts/1900b0aEDbg.dag/Unity.RenderPipelines.GPUDriven.Runtime.dll.mvfrm.rsp
[ 227/1771  0s] WriteText Library/Bee/artifacts/1900b0aEDbg.dag/Unity.Profiling.Core.rsp
[ 228/1771  0s] WriteText Library/Bee/artifacts/1900b0aEDbg.dag/Unity.InternalAPIEngineBridge.RenderPipelines.Core.Editor.UnityAdditionalFile.txt
[ 229/1771  0s] WriteText Library/Bee/artifacts/1900b0aEDbg.dag/Unity.RenderPipelines.GPUDriven.Runtime.rsp
[ 230/1771  0s] WriteText Library/Bee/artifacts/1900b0aEDbg.dag/Unity.InternalAPIEngineBridge.RenderPipelines.Core.Editor.rsp2
[ 231/1771  0s] WriteText Library/Bee/artifacts/1900b0aEDbg.dag/Unity.ResourceManager.rsp2
[ 232/1771  0s] WriteResponseFile Library/Bee/artifacts/rsp/4747638433968585886.rsp
[ 233/1771  0s] WriteText Library/Bee/artifacts/1900b0aEDbg.dag/Unity.ResourceManager.UnityAdditionalFile.txt
[ 234/1771  0s] WriteText Library/Bee/artifacts/1900b0aEDbg.dag/Unity.PathTracing.Editor.rsp2
[ 235/1771  0s] WriteText Library/Bee/artifacts/1900b0aEDbg.dag/Unity.PathTracing.Editor.UnityAdditionalFile.txt
[ 236/1771  0s] WriteText Library/Bee/artifacts/1900b0aEDbg.dag/Unity.VisualScripting.Core.UnityAdditionalFile.txt
[ 237/1771  0s] WriteText Library/Bee/artifacts/1900b0aEDbg.dag/Unity.VisualScripting.Core.rsp2
[ 238/1771  0s] WriteText Library/Bee/artifacts/1900b0aEDbg.dag/Unity.InternalAPIEngineBridge.RenderPipelines.Core.Editor.dll.mvfrm.rsp
[ 239/1771  0s] WriteText Library/Bee/artifacts/1900b0aEDbg.dag/Unity.RenderPipelines.Core.Runtime.Shared.dll.mvfrm.rsp
[ 240/1771  0s] WriteText Library/Bee/artifacts/1900b0aEDbg.dag/Unity.VisualEffectGraph.Runtime.dll.mvfrm.rsp
[ 241/1771  0s] WriteText Library/Bee/artifacts/1900b0aEDbg.dag/Unity.InternalAPIEngineBridge.RenderPipelines.Core.Editor.rsp
[ 242/1771  0s] WriteText Library/Bee/artifacts/1900b0aEDbg.dag/Unity.PathTracing.Editor.dll.mvfrm.rsp
[ 243/1771  0s] MovedFromExtractor Library/Bee/artifacts/mvdfrm/UnityEditor.iOS.Extensions.dll_69011D60167245D1.mvfrm
[ 244/1771  0s] WriteText Library/Bee/artifacts/1900b0aEDbg.dag/Unity.RenderPipeline.Universal.ShaderLibrary.dll.mvfrm.rsp
[ 245/1771  0s] WriteText Library/Bee/artifacts/1900b0aEDbg.dag/Unity.SurfaceCache.Runtime.dll.mvfrm.rsp
[ 246/1771  0s] WriteText Library/Bee/artifacts/1900b0aEDbg.dag/Unity.RenderPipelines.Core.Runtime.Shared.rsp
[ 247/1771  0s] WriteText Library/Bee/artifacts/1900b0aEDbg.dag/Unity.VisualEffectGraph.Runtime.rsp
[ 248/1771  0s] WriteText Library/Bee/artifacts/1900b0aEDbg.dag/Unity.SurfaceCache.Runtime.rsp
[ 249/1771  0s] WriteText Library/Bee/artifacts/1900b0aEDbg.dag/Unity.PathTracing.Editor.rsp
[ 250/1771  0s] WriteText Library/Bee/artifacts/1900b0aEDbg.dag/Unity.RenderPipeline.Universal.ShaderLibrary.rsp
[ 251/1771  0s] WriteText Library/Bee/artifacts/1900b0aEDbg.dag/Unity.RenderPipelines.Universal.Config.Runtime.dll.mvfrm.rsp
[ 252/1771  0s] WriteText Library/Bee/artifacts/1900b0aEDbg.dag/Unity.RenderPipelines.Universal.Config.Runtime.rsp
[ 253/1771  0s] WriteText Library/Bee/artifacts/1900b0aEDbg.dag/Unity.RenderPipelines.Universal.Runtime.rsp2
[ 254/1771  0s] WriteText Library/Bee/artifacts/1900b0aEDbg.dag/Unity.RenderPipelines.Universal.Runtime.UnityAdditionalFile.txt
[ 255/1771  0s] WriteText Library/Bee/artifacts/1900b0aEDbg.dag/Unity.RenderPipelines.Core.Editor.UnityAdditionalFile.txt
[ 256/1771  0s] WriteText Library/Bee/artifacts/1900b0aEDbg.dag/Unity.VisualScripting.Core.dll.mvfrm.rsp
[ 257/1771  0s] WriteText Library/Bee/artifacts/1900b0aEDbg.dag/Unity.RenderPipelines.Core.Editor.rsp2
[ 258/1771  0s] WriteText Library/Bee/artifacts/1900b0aEDbg.dag/Unity.ResourceManager.dll.mvfrm.rsp
[ 259/1771  0s] WriteText Library/Bee/artifacts/1900b0aEDbg.dag/Unity.VisualScripting.Core.rsp
[ 260/1771  0s] WriteText Library/Bee/artifacts/1900b0aEDbg.dag/Unity.ResourceManager.rsp
[ 261/1771  0s] WriteText Library/Bee/artifacts/1900b0aEDbg.dag/Unity.RenderPipelines.Core.Editor.dll.mvfrm.rsp
[ 262/1771  0s] WriteText Library/Bee/artifacts/1900b0aEDbg.dag/Unity.InternalAPIEditorBridge.ShaderGraph.Editor.rsp2
[ 263/1771  0s] WriteText Library/Bee/artifacts/1900b0aEDbg.dag/Unity.Searcher.Editor.rsp2
[ 264/1771  0s] WriteText Library/Bee/artifacts/1900b0aEDbg.dag/Unity.RenderPipelines.Core.Editor.rsp
[ 265/1771  0s] WriteText Library/Bee/artifacts/1900b0aEDbg.dag/Unity.Searcher.Editor.UnityAdditionalFile.txt
[ 266/1771  0s] WriteText Library/Bee/artifacts/1900b0aEDbg.dag/Unity.InternalAPIEditorBridge.ShaderGraph.Editor.UnityAdditionalFile.txt
[ 267/1771  0s] WriteText Library/Bee/artifacts/1900b0aEDbg.dag/Unity.VisualScripting.Flow.UnityAdditionalFile.txt
[ 268/1771  0s] MovedFromExtractor Library/Bee/artifacts/mvdfrm/UnityEditor.LinuxStandalone.Extensions.dll_BE46191C34CC2551.mvfrm
[ 269/1771  0s] WriteText Library/Bee/artifacts/1900b0aEDbg.dag/Unity.VisualScripting.Flow.rsp2
[ 270/1771  0s] WriteText Library/Bee/artifacts/1900b0aEDbg.dag/Unity.Addressables.UnityAdditionalFile.txt
[ 271/1771  0s] WriteText Library/Bee/artifacts/1900b0aEDbg.dag/Unity.Addressables.rsp2
[ 272/1771  0s] WriteText Library/Bee/artifacts/1900b0aEDbg.dag/Unity.ShaderGraph.Utilities.rsp2
[ 273/1771  0s] WriteText Library/Bee/artifacts/1900b0aEDbg.dag/Unity.RenderPipelines.Universal.Runtime.dll.mvfrm.rsp
[ 274/1771  0s] WriteText Library/Bee/artifacts/1900b0aEDbg.dag/Unity.ShaderGraph.Utilities.UnityAdditionalFile.txt
[ 275/1771  0s] WriteText Library/Bee/artifacts/1900b0aEDbg.dag/Unity.RenderPipelines.Universal.Runtime.rsp
[ 276/1771  0s] WriteText Library/Bee/artifacts/1900b0aEDbg.dag/Unity.Searcher.Editor.dll.mvfrm.rsp
[ 277/1771  0s] WriteText Library/Bee/artifacts/1900b0aEDbg.dag/Unity.InternalAPIEditorBridge.ShaderGraph.Editor.dll.mvfrm.rsp
[ 278/1771  0s] WriteText Library/Bee/artifacts/1900b0aEDbg.dag/Unity.InternalAPIEngineBridge.004.UnityAdditionalFile.txt
[ 279/1771  0s] WriteText Library/Bee/artifacts/1900b0aEDbg.dag/Unity.InternalAPIEngineBridge.004.rsp2
[ 280/1771  0s] WriteText Library/Bee/artifacts/1900b0aEDbg.dag/Unity.InternalAPIEditorBridge.ShaderGraph.Editor.rsp
[ 281/1771  0s] WriteText Library/Bee/artifacts/1900b0aEDbg.dag/Unity.Searcher.Editor.rsp
[ 282/1771  0s] WriteText Library/Bee/artifacts/1900b0aEDbg.dag/Unity.VisualScripting.Core.Editor.UnityAdditionalFile.txt
[ 283/1771  0s] WriteText Library/Bee/artifacts/1900b0aEDbg.dag/Unity.ShaderGraph.Utilities.dll.mvfrm.rsp
[ 284/1771  0s] WriteText Library/Bee/artifacts/1900b0aEDbg.dag/Unity.VisualScripting.Core.Editor.rsp2
[ 285/1771  0s] WriteText Library/Bee/artifacts/1900b0aEDbg.dag/Unity.ScriptableBuildPipeline.UnityAdditionalFile.txt
[ 286/1771  0s] WriteText Library/Bee/artifacts/1900b0aEDbg.dag/Unity.ShaderGraph.Editor.rsp2
[ 287/1771  0s] WriteText Library/Bee/artifacts/1900b0aEDbg.dag/Unity.ShaderGraph.Utilities.rsp
[ 288/1771  0s] WriteText Library/Bee/artifacts/1900b0aEDbg.dag/Unity.ScriptableBuildPipeline.rsp2
[ 289/1771  0s] WriteText Library/Bee/artifacts/1900b0aEDbg.dag/Unity.ShaderGraph.Editor.UnityAdditionalFile.txt
[ 290/1771  0s] WriteText Library/Bee/artifacts/1900b0aEDbg.dag/Unity.VisualScripting.Flow.dll.mvfrm.rsp
[ 291/1771  0s] WriteText Library/Bee/artifacts/1900b0aEDbg.dag/UniTask.rsp2
[ 292/1771  0s] WriteText Library/Bee/artifacts/1900b0aEDbg.dag/Unity.Timeline.Editor.rsp2
[ 293/1771  0s] WriteText Library/Bee/artifacts/1900b0aEDbg.dag/Unity.Timeline.Editor.UnityAdditionalFile.txt
[ 294/1771  0s] WriteText Library/Bee/artifacts/1900b0aEDbg.dag/Disposable.UnityAdditionalFile.txt
[ 295/1771  0s] WriteText Library/Bee/artifacts/1900b0aEDbg.dag/UniTask.UnityAdditionalFile.txt
[ 296/1771  0s] WriteText Library/Bee/artifacts/1900b0aEDbg.dag/Unity.VisualScripting.Flow.rsp
[ 297/1771  0s] WriteText Library/Bee/artifacts/1900b0aEDbg.dag/Unity.VisualScripting.Core.Editor.dll.mvfrm.rsp
[ 298/1771  0s] WriteText Library/Bee/artifacts/1900b0aEDbg.dag/Disposable.rsp2
[ 299/1771  0s] WriteText Library/Bee/artifacts/1900b0aEDbg.dag/Unity.InternalAPIEngineBridge.004.dll.mvfrm.rsp
[ 300/1771  0s] WriteText Library/Bee/artifacts/1900b0aEDbg.dag/Unity.VisualScripting.Core.Editor.rsp
[ 301/1771  0s] WriteText Library/Bee/artifacts/1900b0aEDbg.dag/Unity.Addressables.dll.mvfrm.rsp
[ 302/1771  0s] WriteText Library/Bee/artifacts/1900b0aEDbg.dag/Unity.InternalAPIEngineBridge.004.rsp
[ 303/1771  0s] WriteText Library/Bee/artifacts/1900b0aEDbg.dag/Unity.ShaderGraph.Editor.dll.mvfrm.rsp
[ 304/1771  0s] WriteText Library/Bee/artifacts/1900b0aEDbg.dag/Unity.ScriptableBuildPipeline.dll.mvfrm.rsp
[ 305/1771  0s] WriteText Library/Bee/artifacts/1900b0aEDbg.dag/Unity.TextMeshPro.UnityAdditionalFile.txt
[ 306/1771  0s] WriteText Library/Bee/artifacts/1900b0aEDbg.dag/Unity.Addressables.rsp
[ 307/1771  0s] WriteText Library/Bee/artifacts/1900b0aEDbg.dag/Unity.TextMeshPro.rsp2
[ 308/1771  0s] WriteText Library/Bee/artifacts/1900b0aEDbg.dag/Unity.ScriptableBuildPipeline.rsp
[ 309/1771  0s] WriteText Library/Bee/artifacts/1900b0aEDbg.dag/Unity.ShaderGraph.Editor.rsp
[ 310/1771  0s] WriteText Library/Bee/artifacts/1900b0aEDbg.dag/Unity.Timeline.Editor.dll.mvfrm.rsp
[ 311/1771  0s] WriteText Library/Bee/artifacts/1900b0aEDbg.dag/Unity.Timeline.Editor.rsp
[ 312/1771  0s] WriteText Library/Bee/artifacts/1900b0aEDbg.dag/Unity.ProBuilder.KdTree.UnityAdditionalFile.txt
[ 313/1771  0s] WriteText Library/Bee/artifacts/1900b0aEDbg.dag/Unity.ProBuilder.Poly2Tri.rsp2
[ 314/1771  0s] WriteText Library/Bee/artifacts/1900b0aEDbg.dag/Unity.ProBuilder.Poly2Tri.UnityAdditionalFile.txt
[ 315/1771  0s] WriteText Library/Bee/artifacts/1900b0aEDbg.dag/Unity.ProBuilder.KdTree.rsp2
[ 316/1771  0s] WriteText Library/Bee/artifacts/1900b0aEDbg.dag/Unity.RenderPipelines.Universal.2D.Runtime.rsp2
[ 317/1771  0s] WriteText Library/Bee/artifacts/1900b0aEDbg.dag/Unity.RenderPipelines.Universal.2D.Runtime.UnityAdditionalFile.txt
[ 318/1771  0s] WriteText Library/Bee/artifacts/1900b0aEDbg.dag/Unity.ProBuilder.Poly2Tri.dll.mvfrm.rsp
[ 319/1771  0s] WriteText Library/Bee/artifacts/1900b0aEDbg.dag/Unity.ProBuilder.KdTree.dll.mvfrm.rsp
[ 320/1771  0s] WriteText Library/Bee/artifacts/1900b0aEDbg.dag/Unity.VisualScripting.Flow.Editor.rsp2
[ 321/1771  0s] WriteText Library/Bee/artifacts/1900b0aEDbg.dag/Unity.Splines.UnityAdditionalFile.txt
[ 322/1771  0s] WriteText Library/Bee/artifacts/1900b0aEDbg.dag/Unity.Splines.rsp2
[ 323/1771  0s] WriteText Library/Bee/artifacts/1900b0aEDbg.dag/Unity.ScriptableBuildPipeline.Editor.UnityAdditionalFile.txt
[ 324/1771  0s] WriteText Library/Bee/artifacts/1900b0aEDbg.dag/Unity.VisualScripting.State.UnityAdditionalFile.txt
[ 325/1771  0s] WriteText Library/Bee/artifacts/1900b0aEDbg.dag/Unity.VisualScripting.State.rsp2
[ 326/1771  0s] WriteText Library/Bee/artifacts/1900b0aEDbg.dag/Unity.ScriptableBuildPipeline.Editor.rsp2
[ 327/1771  0s] WriteText Library/Bee/artifacts/1900b0aEDbg.dag/Unity.ProBuilder.KdTree.rsp
[ 328/1771  0s] WriteText Library/Bee/artifacts/1900b0aEDbg.dag/Unity.VisualScripting.Flow.Editor.UnityAdditionalFile.txt
[ 329/1771  0s] WriteText Library/Bee/artifacts/1900b0aEDbg.dag/Unity.Settings.Editor.rsp2
[ 330/1771  0s] WriteText Library/Bee/artifacts/1900b0aEDbg.dag/Unity.Settings.Editor.UnityAdditionalFile.txt
[ 331/1771  0s] WriteText Library/Bee/artifacts/1900b0aEDbg.dag/Unity.RenderPipelines.Core.Editor.Shared.UnityAdditionalFile.txt
[ 332/1771  0s] WriteText Library/Bee/artifacts/1900b0aEDbg.dag/Unity.ProBuilder.Poly2Tri.rsp
[ 333/1771  0s] WriteText Library/Bee/artifacts/1900b0aEDbg.dag/Unity.Burst.Editor.UnityAdditionalFile.txt
[ 334/1771  0s] WriteText Library/Bee/artifacts/1900b0aEDbg.dag/Unity.VisualEffectGraph.Editor.UnityAdditionalFile.txt
[ 335/1771  0s] WriteText Library/Bee/artifacts/1900b0aEDbg.dag/Unity.Burst.Editor.rsp2
[ 336/1771  0s] WriteText Library/Bee/artifacts/1900b0aEDbg.dag/Unity.RenderPipelines.Core.Editor.Shared.rsp2
[ 337/1771  0s] WriteText Library/Bee/artifacts/1900b0aEDbg.dag/Unity.VisualEffectGraph.Editor.rsp2
[ 338/1771  0s] WriteText Library/Bee/artifacts/1900b0aEDbg.dag/Unity.ProBuilder.UnityAdditionalFile.txt
[ 339/1771  0s] WriteText Library/Bee/artifacts/1900b0aEDbg.dag/Unity.ProBuilder.rsp2
[ 340/1771  0s] WriteText Library/Bee/artifacts/1900b0aEDbg.dag/Unity.ProBuilder.AssetIdRemapUtility.rsp2
[ 341/1771  0s] WriteText Library/Bee/artifacts/1900b0aEDbg.dag/Disposable.dll.mvfrm.rsp
[ 342/1771  0s] WriteText Library/Bee/artifacts/1900b0aEDbg.dag/Unity.ProBuilder.AssetIdRemapUtility.UnityAdditionalFile.txt
[ 343/1771  0s] WriteText Library/Bee/artifacts/1900b0aEDbg.dag/Disposable.rsp
[ 344/1771  0s] WriteText Library/Bee/artifacts/1900b0aEDbg.dag/Unity.RenderPipelines.Universal.2D.Runtime.dll.mvfrm.rsp
[ 345/1771  0s] WriteText Library/Bee/artifacts/1900b0aEDbg.dag/Unity.ScriptableBuildPipeline.Editor.dll.mvfrm.rsp
[ 346/1771  0s] WriteText Library/Bee/artifacts/1900b0aEDbg.dag/UniTask.dll.mvfrm.rsp
[ 347/1771  0s] WriteText Library/Bee/artifacts/1900b0aEDbg.dag/Unity.VisualScripting.State.dll.mvfrm.rsp
[ 348/1771  0s] WriteText Library/Bee/artifacts/1900b0aEDbg.dag/Unity.TextMeshPro.dll.mvfrm.rsp
[ 349/1771  0s] WriteText Library/Bee/artifacts/1900b0aEDbg.dag/Unity.VisualScripting.Flow.Editor.dll.mvfrm.rsp
[ 350/1771  0s] WriteText Library/Bee/artifacts/1900b0aEDbg.dag/Unity.Splines.dll.mvfrm.rsp
[ 351/1771  0s] WriteText Library/Bee/artifacts/1900b0aEDbg.dag/Unity.ScriptableBuildPipeline.Editor.rsp
[ 352/1771  0s] WriteText Library/Bee/artifacts/1900b0aEDbg.dag/Unity.RenderPipelines.Universal.2D.Runtime.rsp
[ 353/1771  0s] WriteText Library/Bee/artifacts/1900b0aEDbg.dag/Unity.Settings.Editor.dll.mvfrm.rsp
[ 354/1771  0s] WriteText Library/Bee/artifacts/1900b0aEDbg.dag/Unity.Burst.Editor.dll.mvfrm.rsp
[ 355/1771  0s] WriteText Library/Bee/artifacts/1900b0aEDbg.dag/Unity.VisualScripting.State.rsp
[ 356/1771  0s] WriteText Library/Bee/artifacts/1900b0aEDbg.dag/Unity.TextMeshPro.rsp
[ 357/1771  0s] WriteText Library/Bee/artifacts/1900b0aEDbg.dag/Unity.RenderPipelines.Core.Editor.Shared.dll.mvfrm.rsp
[ 358/1771  0s] WriteText Library/Bee/artifacts/1900b0aEDbg.dag/UniTask.rsp
[ 359/1771  0s] WriteText Library/Bee/artifacts/1900b0aEDbg.dag/Unity.VisualScripting.Flow.Editor.rsp
[ 360/1771  0s] WriteText Library/Bee/artifacts/1900b0aEDbg.dag/Unity.Splines.rsp
[ 361/1771  0s] WriteText Library/Bee/artifacts/1900b0aEDbg.dag/Unity.VisualEffectGraph.Editor.dll.mvfrm.rsp
[ 362/1771  0s] WriteText Library/Bee/artifacts/1900b0aEDbg.dag/Unity.ProBuilder.dll.mvfrm.rsp
[ 363/1771  0s] WriteText Library/Bee/artifacts/1900b0aEDbg.dag/LocalizedDomain.Core.UnityAdditionalFile.txt
[ 364/1771  0s] WriteText Library/Bee/artifacts/1900b0aEDbg.dag/LocalizedDomain.Core.rsp2
[ 365/1771  0s] WriteText Library/Bee/artifacts/1900b0aEDbg.dag/Unity.RenderPipelines.Core.Editor.Shared.rsp
[ 366/1771  0s] WriteText Library/Bee/artifacts/1900b0aEDbg.dag/Unity.Settings.Editor.rsp
[ 367/1771  0s] WriteText Library/Bee/artifacts/1900b0aEDbg.dag/Unity.VisualEffectGraph.Editor.rsp
[ 368/1771  0s] WriteText Library/Bee/artifacts/1900b0aEDbg.dag/Unity.ProBuilder.Stl.rsp2
[ 369/1771  0s] WriteText Library/Bee/artifacts/1900b0aEDbg.dag/Unity.ProBuilder.Csg.UnityAdditionalFile.txt
[ 370/1771  0s] WriteText Library/Bee/artifacts/1900b0aEDbg.dag/Unity.ProBuilder.Csg.rsp2
[ 371/1771  0s] WriteText Library/Bee/artifacts/1900b0aEDbg.dag/Unity.Burst.Editor.rsp
[ 372/1771  0s] WriteText Library/Bee/artifacts/1900b0aEDbg.dag/Unity.ProBuilder.Stl.UnityAdditionalFile.txt
[ 373/1771  0s] MovedFromExtractor Library/Bee/artifacts/mvdfrm/UnityEditor.OSXStandalone.Extensions.dll_6DAA5DD84670418C.mvfrm
[ 374/1771  0s] WriteText Library/Bee/artifacts/1900b0aEDbg.dag/Unity.PlasticSCM.Editor.rsp2
[ 375/1771  0s] WriteText Library/Bee/artifacts/1900b0aEDbg.dag/DialogSystem.Runtime.rsp2
[ 376/1771  0s] WriteText Library/Bee/artifacts/1900b0aEDbg.dag/Unity.ProBuilder.AssetIdRemapUtility.dll.mvfrm.rsp
[ 377/1771  0s] WriteText Library/Bee/artifacts/1900b0aEDbg.dag/DialogSystem.Runtime.UnityAdditionalFile.txt
[ 378/1771  0s] WriteText Library/Bee/artifacts/1900b0aEDbg.dag/Unity.ProBuilder.rsp
[ 379/1771  0s] WriteText Library/Bee/artifacts/1900b0aEDbg.dag/Unity.PlasticSCM.Editor.UnityAdditionalFile.txt
[ 380/1771  0s] WriteText Library/Bee/artifacts/1900b0aEDbg.dag/Unity.ProBuilder.AssetIdRemapUtility.rsp
[ 381/1771  0s] WriteText Library/Bee/artifacts/1900b0aEDbg.dag/glTFast.rsp2
[ 382/1771  0s] WriteText Library/Bee/artifacts/1900b0aEDbg.dag/MVVM.Reactive.rsp2
[ 383/1771  0s] WriteText Library/Bee/artifacts/1900b0aEDbg.dag/Unity.ProBuilder.Stl.dll.mvfrm.rsp
[ 384/1771  0s] WriteText Library/Bee/artifacts/1900b0aEDbg.dag/Unity.ProBuilder.Csg.dll.mvfrm.rsp
[ 385/1771  0s] WriteText Library/Bee/artifacts/1900b0aEDbg.dag/glTFast.UnityAdditionalFile.txt
[ 386/1771  0s] WriteText Library/Bee/artifacts/1900b0aEDbg.dag/MVVM.Reactive.UnityAdditionalFile.txt
[ 387/1771  0s] WriteText Library/Bee/artifacts/1900b0aEDbg.dag/Unity.Addressables.Editor.rsp2
[ 388/1771  0s] WriteText Library/Bee/artifacts/1900b0aEDbg.dag/Unity.ProBuilder.Stl.rsp
[ 389/1771  0s] WriteText Library/Bee/artifacts/1900b0aEDbg.dag/Unity.ProBuilder.Csg.rsp
[ 390/1771  0s] WriteText Library/Bee/artifacts/1900b0aEDbg.dag/Unity.Addressables.Editor.UnityAdditionalFile.txt
[ 391/1771  0s] WriteText Library/Bee/artifacts/1900b0aEDbg.dag/LocalizedDomain.Core.dll.mvfrm.rsp
[ 392/1771  0s] WriteText Library/Bee/artifacts/1900b0aEDbg.dag/Unity.ProBuilder.Editor.UnityAdditionalFile.txt
[ 393/1771  0s] WriteText Library/Bee/artifacts/1900b0aEDbg.dag/Unity.RenderPipelines.Universal.Editor.UnityAdditionalFile.txt
[ 394/1771  0s] WriteText Library/Bee/artifacts/1900b0aEDbg.dag/Unity.Splines.Editor.rsp2
[ 395/1771  0s] WriteText Library/Bee/artifacts/1900b0aEDbg.dag/Unity.Splines.Editor.UnityAdditionalFile.txt
[ 396/1771  0s] WriteText Library/Bee/artifacts/1900b0aEDbg.dag/Unity.Cinemachine.rsp2
[ 397/1771  0s] WriteText Library/Bee/artifacts/1900b0aEDbg.dag/Unity.Cinemachine.UnityAdditionalFile.txt
[ 398/1771  0s] WriteText Library/Bee/artifacts/1900b0aEDbg.dag/LightDI.rsp2
[ 399/1771  0s] WriteText Library/Bee/artifacts/1900b0aEDbg.dag/LightDI.UnityAdditionalFile.txt
[ 400/1771  0s] WriteText Library/Bee/artifacts/1900b0aEDbg.dag/Unity.ProBuilder.Editor.rsp2
[ 401/1771  0s] WriteText Library/Bee/artifacts/1900b0aEDbg.dag/Unity.VisualScripting.State.Editor.UnityAdditionalFile.txt
[ 402/1771  0s] WriteText Library/Bee/artifacts/1900b0aEDbg.dag/Unity.PlasticSCM.Editor.dll.mvfrm.rsp
[ 403/1771  0s] WriteText Library/Bee/artifacts/1900b0aEDbg.dag/Unity.VisualScripting.State.Editor.rsp2
[ 404/1771  0s] WriteText Library/Bee/artifacts/1900b0aEDbg.dag/Unity.RenderPipelines.Universal.Editor.rsp2
[ 405/1771  0s] WriteText Library/Bee/artifacts/1900b0aEDbg.dag/LocalizedDomain.Core.rsp
[ 406/1771  0s] WriteText Library/Bee/artifacts/1900b0aEDbg.dag/Unity.PlasticSCM.Editor.rsp
[ 407/1771  0s] WriteText Library/Bee/artifacts/1900b0aEDbg.dag/LocalizedDomain.Unity.rsp2
[ 408/1771  0s] WriteText Library/Bee/artifacts/1900b0aEDbg.dag/Unity.Addressables.Editor.dll.mvfrm.rsp
[ 409/1771  0s] WriteText Library/Bee/artifacts/1900b0aEDbg.dag/DialogSystem.Runtime.dll.mvfrm.rsp
[ 410/1771  0s] WriteText Library/Bee/artifacts/1900b0aEDbg.dag/LocalizedDomain.Unity.UnityAdditionalFile.txt
[ 411/1771  0s] WriteText Library/Bee/artifacts/1900b0aEDbg.dag/Unity.Addressables.Editor.rsp
[ 412/1771  0s] WriteText Library/Bee/artifacts/1900b0aEDbg.dag/DialogSystem.Runtime.rsp
[ 413/1771  0s] WriteText Library/Bee/artifacts/1900b0aEDbg.dag/glTFast.dll.mvfrm.rsp
[ 414/1771  0s] WriteText Library/Bee/artifacts/1900b0aEDbg.dag/MVVM.Reactive.dll.mvfrm.rsp
[ 415/1771  0s] WriteText Library/Bee/artifacts/1900b0aEDbg.dag/Unity.RenderPipelines.Universal.Editor.dll.mvfrm.rsp
[ 416/1771  0s] WriteText Library/Bee/artifacts/1900b0aEDbg.dag/Unity.Cinemachine.dll.mvfrm.rsp
[ 417/1771  0s] WriteText Library/Bee/artifacts/1900b0aEDbg.dag/Unity.ProBuilder.Editor.dll.mvfrm.rsp
[ 418/1771  0s] WriteText Library/Bee/artifacts/1900b0aEDbg.dag/Unity.VisualScripting.State.Editor.dll.mvfrm.rsp
[ 419/1771  0s] WriteText Library/Bee/artifacts/1900b0aEDbg.dag/Unity.Splines.Editor.dll.mvfrm.rsp
[ 420/1771  0s] WriteText Library/Bee/artifacts/1900b0aEDbg.dag/glTFast.rsp
[ 421/1771  0s] MovedFromExtractor Library/Bee/artifacts/mvdfrm/UnityEditor.WindowsStandalone.Extensions.dll_9C372BAB81105C61.mvfrm
[ 422/1771  0s] WriteText Library/Bee/artifacts/1900b0aEDbg.dag/Unity.RenderPipelines.Universal.Editor.rsp
[ 423/1771  0s] WriteText Library/Bee/artifacts/1900b0aEDbg.dag/MVVM.Reactive.rsp
[ 424/1771  0s] WriteText Library/Bee/artifacts/1900b0aEDbg.dag/Unity.Splines.Editor.rsp
[ 425/1771  0s] WriteText Library/Bee/artifacts/1900b0aEDbg.dag/Unity.Cinemachine.rsp
[ 426/1771  0s] WriteText Library/Bee/artifacts/1900b0aEDbg.dag/Unity.ProBuilder.Editor.rsp
[ 427/1771  0s] WriteText Library/Bee/artifacts/1900b0aEDbg.dag/MVP.UnityAdditionalFile.txt
[ 428/1771  0s] WriteText Library/Bee/artifacts/1900b0aEDbg.dag/Unity.VisualScripting.State.Editor.rsp
[ 429/1771  0s] WriteText Library/Bee/artifacts/1900b0aEDbg.dag/LightDI.dll.mvfrm.rsp
[ 430/1771  0s] WriteText Library/Bee/artifacts/1900b0aEDbg.dag/MVP.rsp2
[ 431/1771  0s] WriteText Library/Bee/artifacts/1900b0aEDbg.dag/BehaviourTree.rsp2
[ 432/1771  0s] WriteText Library/Bee/artifacts/1900b0aEDbg.dag/BehaviourTree.UnityAdditionalFile.txt
[ 433/1771  0s] WriteText Library/Bee/artifacts/1900b0aEDbg.dag/Config.UnityAdditionalFile.txt
[ 434/1771  0s] WriteText Library/Bee/artifacts/1900b0aEDbg.dag/Observer.UnityAdditionalFile.txt
[ 435/1771  0s] WriteText Library/Bee/artifacts/1900b0aEDbg.dag/Observer.rsp2
[ 436/1771  0s] WriteText Library/Bee/artifacts/1900b0aEDbg.dag/LightDI.rsp
[ 437/1771  0s] WriteText Library/Bee/artifacts/1900b0aEDbg.dag/Config.rsp2
[ 438/1771  0s] WriteText Library/Bee/artifacts/1900b0aEDbg.dag/DialogSystem.Flow.UnityAdditionalFile.txt
[ 439/1771  0s] WriteText Library/Bee/artifacts/1900b0aEDbg.dag/DialogSystem.Flow.rsp2
[ 440/1771  0s] WriteText Library/Bee/artifacts/1900b0aEDbg.dag/LocalSaveSystem.UnityAdditionalFile.txt
[ 441/1771  0s] WriteText Library/Bee/artifacts/1900b0aEDbg.dag/MVVM.Core.rsp2
[ 442/1771  0s] WriteText Library/Bee/artifacts/1900b0aEDbg.dag/MVVM.Core.UnityAdditionalFile.txt
[ 443/1771  0s] WriteText Library/Bee/artifacts/1900b0aEDbg.dag/LocalSaveSystem.rsp2
[ 444/1771  0s] WriteText Library/Bee/artifacts/1900b0aEDbg.dag/LocalizedDomain.Unity.dll.mvfrm.rsp
[ 445/1771  0s] WriteText Library/Bee/artifacts/1900b0aEDbg.dag/LightDI.Example.rsp2
[ 446/1771  0s] WriteText Library/Bee/artifacts/1900b0aEDbg.dag/glTFast.Export.rsp2
[ 447/1771  0s] WriteText Library/Bee/artifacts/1900b0aEDbg.dag/glTFast.Export.UnityAdditionalFile.txt
[ 448/1771  0s] WriteText Library/Bee/artifacts/1900b0aEDbg.dag/LightDI.Example.UnityAdditionalFile.txt
[ 449/1771  0s] WriteText Library/Bee/artifacts/1900b0aEDbg.dag/Unity.VisualStudio.Editor.UnityAdditionalFile.txt
[ 450/1771  0s] WriteText Library/Bee/artifacts/1900b0aEDbg.dag/MCPForUnity.Runtime.UnityAdditionalFile.txt
[ 451/1771  0s] WriteText Library/Bee/artifacts/1900b0aEDbg.dag/Unity.VisualStudio.Editor.rsp2
[ 452/1771  0s] WriteText Library/Bee/artifacts/1900b0aEDbg.dag/Unity.Rider.Editor.UnityAdditionalFile.txt
[ 453/1771  0s] WriteText Library/Bee/artifacts/1900b0aEDbg.dag/MCPForUnity.Runtime.rsp2
[ 454/1771  0s] WriteText Library/Bee/artifacts/1900b0aEDbg.dag/UniTask.Addressables.UnityAdditionalFile.txt
[ 455/1771  0s] WriteText Library/Bee/artifacts/1900b0aEDbg.dag/UniTask.Addressables.rsp2
[ 456/1771  0s] WriteText Library/Bee/artifacts/1900b0aEDbg.dag/Unity.Rider.Editor.rsp2
[ 457/1771  0s] WriteText Library/Bee/artifacts/1900b0aEDbg.dag/LocalizedDomain.Unity.rsp
[ 458/1771  0s] WriteText Library/Bee/artifacts/1900b0aEDbg.dag/BehaviourTree.dll.mvfrm.rsp
[ 459/1771  0s] WriteText Library/Bee/artifacts/1900b0aEDbg.dag/Unity.RenderPipelines.Universal.Shaders.UnityAdditionalFile.txt
[ 460/1771  0s] WriteText Library/Bee/artifacts/1900b0aEDbg.dag/Unity.TextMeshPro.Editor.UnityAdditionalFile.txt
[ 461/1771  0s] WriteText Library/Bee/artifacts/1900b0aEDbg.dag/Unity.RenderPipelines.Universal.Shaders.rsp2
[ 462/1771  0s] WriteText Library/Bee/artifacts/1900b0aEDbg.dag/Unity.Rendering.LightTransport.Editor.UnityAdditionalFile.txt
[ 463/1771  0s] WriteText Library/Bee/artifacts/1900b0aEDbg.dag/Unity.Rendering.LightTransport.Editor.rsp2
[ 464/1771  0s] WriteText Library/Bee/artifacts/1900b0aEDbg.dag/Unity.VisualScripting.SettingsProvider.Editor.UnityAdditionalFile.txt
[ 465/1771  0s] WriteText Library/Bee/artifacts/1900b0aEDbg.dag/Unity.Collections.Editor.rsp2
[ 466/1771  0s] WriteText Library/Bee/artifacts/1900b0aEDbg.dag/Unity.Cursor.Editor.rsp2
[ 467/1771  0s] WriteText Library/Bee/artifacts/1900b0aEDbg.dag/Unity.Cinemachine.Editor.rsp2
[ 468/1771  0s] WriteText Library/Bee/artifacts/1900b0aEDbg.dag/Root.UnityAdditionalFile.txt
[ 469/1771  0s] WriteText Library/Bee/artifacts/1900b0aEDbg.dag/Root.rsp2
[ 470/1771  0s] WriteText Library/Bee/artifacts/1900b0aEDbg.dag/Unity.Collections.Editor.UnityAdditionalFile.txt
[ 471/1771  0s] WriteText Library/Bee/artifacts/1900b0aEDbg.dag/Unity.Cinemachine.Editor.UnityAdditionalFile.txt
[ 472/1771  0s] WriteText Library/Bee/artifacts/1900b0aEDbg.dag/Unity.AutoGroupGenerator.Editor.rsp2
[ 473/1771  0s] WriteText Library/Bee/artifacts/1900b0aEDbg.dag/Unity.AutoGroupGenerator.Editor.UnityAdditionalFile.txt
[ 474/1771  0s] WriteText Library/Bee/artifacts/1900b0aEDbg.dag/Unity.PlasticSCM.Editor.Assistant.rsp2
[ 475/1771  0s] WriteText Library/Bee/artifacts/1900b0aEDbg.dag/MVP.dll.mvfrm.rsp
[ 476/1771  0s] WriteText Library/Bee/artifacts/1900b0aEDbg.dag/Unity.PlasticSCM.Editor.Assistant.UnityAdditionalFile.txt
[ 477/1771  0s] WriteText Library/Bee/artifacts/1900b0aEDbg.dag/Unity.VisualScripting.SettingsProvider.Editor.rsp2
[ 478/1771  0s] WriteText Library/Bee/artifacts/1900b0aEDbg.dag/UnityEditor.UI.Analytics.UnityAdditionalFile.txt
[ 479/1771  0s] WriteText Library/Bee/artifacts/1900b0aEDbg.dag/Unity.VisualScripting.Shared.Editor.rsp2
[ 480/1771  0s] WriteText Library/Bee/artifacts/1900b0aEDbg.dag/UnityEditor.UI.Analytics.rsp2
[ 481/1771  0s] WriteText Library/Bee/artifacts/1900b0aEDbg.dag/Unity.VisualScripting.Shared.Editor.UnityAdditionalFile.txt
[ 482/1771  0s] WriteText Library/Bee/artifacts/1900b0aEDbg.dag/Unity.RenderPipelines.Core.ShaderLibrary.UnityAdditionalFile.txt
[ 483/1771  0s] WriteText Library/Bee/artifacts/1900b0aEDbg.dag/Unity.ProBuilder.AddOns.Editor.rsp2
[ 484/1771  0s] WriteText Library/Bee/artifacts/1900b0aEDbg.dag/Unity.ProBuilder.AddOns.Editor.UnityAdditionalFile.txt
[ 485/1771  0s] WriteText Library/Bee/artifacts/1900b0aEDbg.dag/Unity.RenderPipelines.ShaderGraph.ShaderGraphLibrary.rsp2
[ 486/1771  0s] WriteText Library/Bee/artifacts/1900b0aEDbg.dag/Unity.Cursor.Editor.UnityAdditionalFile.txt
[ 487/1771  0s] WriteText Library/Bee/artifacts/1900b0aEDbg.dag/Unity.RenderPipelines.ShaderGraph.ShaderGraphLibrary.UnityAdditionalFile.txt
[ 488/1771  0s] WriteText Library/Bee/artifacts/1900b0aEDbg.dag/Unity.RenderPipelines.Universal.2D.Editor.Overrides.UnityAdditionalFile.txt
[ 489/1771  0s] WriteText Library/Bee/artifacts/1900b0aEDbg.dag/Unity.TextMeshPro.Editor.rsp2
[ 490/1771  0s] WriteText Library/Bee/artifacts/1900b0aEDbg.dag/Unity.RenderPipelines.Universal.2D.Editor.Overrides.rsp2
[ 491/1771  0s] WriteText Library/Bee/artifacts/1900b0aEDbg.dag/Unity.RenderPipelines.Core.ShaderLibrary.rsp2
[ 492/1771  0s] WriteText Library/Bee/artifacts/1900b0aEDbg.dag/LocalSaveSystem.dll.mvfrm.rsp
[ 493/1771  0s] WriteText Library/Bee/artifacts/1900b0aEDbg.dag/BehaviourTree.rsp
[ 494/1771  0s] WriteText Library/Bee/artifacts/1900b0aEDbg.dag/Observer.dll.mvfrm.rsp
[ 495/1771  0s] WriteText Library/Bee/artifacts/1900b0aEDbg.dag/DialogSystem.Flow.dll.mvfrm.rsp
[ 496/1771  0s] WriteText Library/Bee/artifacts/1900b0aEDbg.dag/Config.dll.mvfrm.rsp
[ 497/1771  0s] WriteText Library/Bee/artifacts/1900b0aEDbg.dag/MVVM.Core.dll.mvfrm.rsp
[ 498/1771  0s] WriteText Library/Bee/artifacts/1900b0aEDbg.dag/MVP.rsp
[ 499/1771  0s] WriteText Library/Bee/artifacts/1900b0aEDbg.dag/Unity.VisualStudio.Editor.dll.mvfrm.rsp
[ 500/1771  0s] WriteText Library/Bee/artifacts/1900b0aEDbg.dag/MVVM.Core.rsp
[ 501/1771  0s] WriteText Library/Bee/artifacts/1900b0aEDbg.dag/LocalSaveSystem.rsp
[ 502/1771  0s] WriteText Library/Bee/artifacts/1900b0aEDbg.dag/Observer.rsp
[ 503/1771  0s] WriteText Library/Bee/artifacts/1900b0aEDbg.dag/DialogSystem.Flow.rsp
[ 504/1771  0s] WriteText Library/Bee/artifacts/1900b0aEDbg.dag/Config.rsp
[ 505/1771  0s] WriteText Library/Bee/artifacts/1900b0aEDbg.dag/glTFast.Export.dll.mvfrm.rsp
[ 506/1771  0s] WriteText Library/Bee/artifacts/1900b0aEDbg.dag/UniTask.Addressables.dll.mvfrm.rsp
[ 507/1771  0s] WriteText Library/Bee/artifacts/1900b0aEDbg.dag/Unity.Rider.Editor.dll.mvfrm.rsp
[ 508/1771  0s] WriteText Library/Bee/artifacts/1900b0aEDbg.dag/LightDI.Example.dll.mvfrm.rsp
[ 509/1771  0s] WriteText Library/Bee/artifacts/1900b0aEDbg.dag/DetectionService.UnityAdditionalFile.txt
[ 510/1771  0s] WriteText Library/Bee/artifacts/1900b0aEDbg.dag/MCPForUnity.Runtime.dll.mvfrm.rsp
[ 511/1771  0s] WriteText Library/Bee/artifacts/1900b0aEDbg.dag/Unity.TextMeshPro.Editor.dll.mvfrm.rsp
[ 512/1771  0s] WriteText Library/Bee/artifacts/1900b0aEDbg.dag/Unity.RenderPipelines.Universal.2D.Editor.Overrides.dll.mvfrm.rsp
[ 513/1771  0s] WriteText Library/Bee/artifacts/1900b0aEDbg.dag/DetectionService.rsp2
[ 514/1771  0s] WriteText Library/Bee/artifacts/1900b0aEDbg.dag/Unity.RenderPipelines.ShaderGraph.ShaderGraphLibrary.dll.mvfrm.rsp
[ 515/1771  0s] WriteText Library/Bee/artifacts/1900b0aEDbg.dag/BehaviourTree.Example.rsp2
[ 516/1771  0s] WriteText Library/Bee/artifacts/1900b0aEDbg.dag/BehaviourTree.Example.UnityAdditionalFile.txt
[ 517/1771  0s] WriteText Library/Bee/artifacts/1900b0aEDbg.dag/Unity.VisualScripting.SettingsProvider.Editor.dll.mvfrm.rsp
[ 518/1771  0s] WriteText Library/Bee/artifacts/1900b0aEDbg.dag/UniRx.UnityAdditionalFile.txt
[ 519/1771  0s] WriteText Library/Bee/artifacts/1900b0aEDbg.dag/Unity.VisualScripting.Shared.Editor.dll.mvfrm.rsp
[ 520/1771  0s] WriteText Library/Bee/artifacts/1900b0aEDbg.dag/Unity.PlasticSCM.Editor.Assistant.dll.mvfrm.rsp
[ 521/1771  0s] WriteText Library/Bee/artifacts/1900b0aEDbg.dag/UniRx.rsp2
[ 522/1771  0s] WriteText Library/Bee/artifacts/1900b0aEDbg.dag/Unity.AutoGroupGenerator.Editor.dll.mvfrm.rsp
[ 523/1771  0s] WriteText Library/Bee/artifacts/1900b0aEDbg.dag/Unity.Cursor.Editor.dll.mvfrm.rsp
[ 524/1771  0s] WriteText Library/Bee/artifacts/1900b0aEDbg.dag/MVVM.Unity.UnityAdditionalFile.txt
[ 525/1771  0s] WriteText Library/Bee/artifacts/1900b0aEDbg.dag/MVVM.Unity.rsp2
[ 526/1771  0s] WriteText Library/Bee/artifacts/1900b0aEDbg.dag/Unity.Collections.Editor.dll.mvfrm.rsp
[ 527/1771  0s] WriteText Library/Bee/artifacts/1900b0aEDbg.dag/ResourceLoader.rsp2
[ 528/1771  0s] WriteText Library/Bee/artifacts/1900b0aEDbg.dag/Unity.Cinemachine.Editor.dll.mvfrm.rsp
[ 529/1771  0s] WriteText Library/Bee/artifacts/1900b0aEDbg.dag/UnityEditor.UI.Analytics.dll.mvfrm.rsp
[ 530/1771  0s] WriteText Library/Bee/artifacts/1900b0aEDbg.dag/Unity.ProBuilder.AddOns.Editor.dll.mvfrm.rsp
[ 531/1771  0s] WriteText Library/Bee/artifacts/1900b0aEDbg.dag/Unity.Rendering.LightTransport.Editor.dll.mvfrm.rsp
[ 532/1771  0s] WriteText Library/Bee/artifacts/1900b0aEDbg.dag/Unity.RenderPipelines.Universal.Shaders.dll.mvfrm.rsp
[ 533/1771  0s] WriteText Library/Bee/artifacts/1900b0aEDbg.dag/ResourceLoader.UnityAdditionalFile.txt
[ 534/1771  0s] WriteText Library/Bee/artifacts/1900b0aEDbg.dag/Unity.RenderPipelines.Core.ShaderLibrary.dll.mvfrm.rsp
[ 535/1771  0s] WriteText Library/Bee/artifacts/1900b0aEDbg.dag/MCPForUnity.Runtime.rsp
[ 536/1771  0s] WriteText Library/Bee/artifacts/1900b0aEDbg.dag/LightDI.Example.rsp
[ 537/1771  0s] WriteText Library/Bee/artifacts/1900b0aEDbg.dag/glTFast.Export.rsp
[ 538/1771  0s] WriteText Library/Bee/artifacts/1900b0aEDbg.dag/Unity.VisualStudio.Editor.rsp
[ 539/1771  0s] WriteText Library/Bee/artifacts/1900b0aEDbg.dag/Unity.Rider.Editor.rsp
[ 540/1771  0s] WriteText Library/Bee/artifacts/1900b0aEDbg.dag/UniTask.Addressables.rsp
[ 541/1771  0s] WriteText Library/Bee/artifacts/1900b0aEDbg.dag/Unity.VisualScripting.Shared.Editor.rsp
[ 542/1771  0s] WriteText Library/Bee/artifacts/1900b0aEDbg.dag/Unity.VisualScripting.SettingsProvider.Editor.rsp
[ 543/1771  0s] WriteText Library/Bee/artifacts/1900b0aEDbg.dag/Unity.TextMeshPro.Editor.rsp
[ 544/1771  0s] WriteText Library/Bee/artifacts/1900b0aEDbg.dag/Unity.RenderPipelines.Universal.2D.Editor.Overrides.rsp
[ 545/1771  0s] WriteText Library/Bee/artifacts/1900b0aEDbg.dag/Unity.Rendering.LightTransport.Editor.rsp
[ 546/1771  0s] WriteText Library/Bee/artifacts/1900b0aEDbg.dag/Unity.RenderPipelines.Universal.Shaders.rsp
[ 547/1771  0s] WriteText Library/Bee/artifacts/1900b0aEDbg.dag/Unity.RenderPipelines.ShaderGraph.ShaderGraphLibrary.rsp
[ 548/1771  0s] WriteText Library/Bee/artifacts/1900b0aEDbg.dag/Unity.RenderPipelines.Core.ShaderLibrary.rsp
[ 549/1771  0s] WriteText Library/Bee/artifacts/1900b0aEDbg.dag/Unity.ProBuilder.AddOns.Editor.rsp
[ 550/1771  0s] WriteText Library/Bee/artifacts/1900b0aEDbg.dag/Unity.PlasticSCM.Editor.Assistant.rsp
[ 551/1771  0s] WriteText Library/Bee/artifacts/1900b0aEDbg.dag/Unity.Cursor.Editor.rsp
[ 552/1771  0s] WriteText Library/Bee/artifacts/1900b0aEDbg.dag/Unity.Collections.Editor.rsp
[ 553/1771  0s] WriteText Library/Bee/artifacts/1900b0aEDbg.dag/Unity.Cinemachine.Editor.rsp
[ 554/1771  0s] WriteText Library/Bee/artifacts/1900b0aEDbg.dag/Unity.AutoGroupGenerator.Editor.rsp
[ 555/1771  0s] WriteText Library/Bee/artifacts/1900b0aEDbg.dag/DialogSystem.Example.UnityAdditionalFile.txt
[ 556/1771  0s] WriteText Library/Bee/artifacts/1900b0aEDbg.dag/UniTask.DOTween.UnityAdditionalFile.txt
[ 557/1771  0s] WriteText Library/Bee/artifacts/1900b0aEDbg.dag/Root.dll.mvfrm.rsp
[ 558/1771  0s] WriteText Library/Bee/artifacts/1900b0aEDbg.dag/UnityEditor.UI.Analytics.rsp
[ 559/1771  0s] WriteText Library/Bee/artifacts/1900b0aEDbg.dag/glTFast.Editor.rsp2
[ 560/1771  0s] WriteText Library/Bee/artifacts/1900b0aEDbg.dag/UniTask.DOTween.rsp2
[ 561/1771  0s] WriteText Library/Bee/artifacts/1900b0aEDbg.dag/LocalizedDomain.Unity.TextMeshPro.rsp2
[ 562/1771  0s] WriteText Library/Bee/artifacts/1900b0aEDbg.dag/MVVM.Example.UnityAdditionalFile.txt
[ 563/1771  0s] WriteText Library/Bee/artifacts/1900b0aEDbg.dag/UniTask.Linq.UnityAdditionalFile.txt
[ 564/1771  0s] WriteText Library/Bee/artifacts/1900b0aEDbg.dag/LocalizedDomain.Unity.TextMeshPro.UnityAdditionalFile.txt
[ 565/1771  0s] WriteText Library/Bee/artifacts/1900b0aEDbg.dag/Logger.rsp2
[ 566/1771  0s] WriteText Library/Bee/artifacts/1900b0aEDbg.dag/DialogSystem.Flow.Editor.UnityAdditionalFile.txt
[ 567/1771  0s] WriteText Library/Bee/artifacts/1900b0aEDbg.dag/DialogSystem.Editor.rsp2
[ 568/1771  0s] WriteText Library/Bee/artifacts/1900b0aEDbg.dag/TickHandler.rsp2
[ 569/1771  0s] WriteText Library/Bee/artifacts/1900b0aEDbg.dag/DialogSystem.Editor.UnityAdditionalFile.txt
[ 570/1771  0s] WriteText Library/Bee/artifacts/1900b0aEDbg.dag/UniTask.Linq.rsp2
[ 571/1771  0s] WriteText Library/Bee/artifacts/1900b0aEDbg.dag/glTFast.Editor.UnityAdditionalFile.txt
[ 572/1771  0s] WriteText Library/Bee/artifacts/1900b0aEDbg.dag/LocalizedDomain.Editor.UnityAdditionalFile.txt
[ 573/1771  0s] WriteText Library/Bee/artifacts/1900b0aEDbg.dag/Logger.UnityAdditionalFile.txt
[ 574/1771  0s] WriteText Library/Bee/artifacts/1900b0aEDbg.dag/LocalizedDomain.Editor.rsp2
[ 575/1771  0s] WriteText Library/Bee/artifacts/1900b0aEDbg.dag/LocalSaveSystem.Example.rsp2
[ 576/1771  0s] WriteText Library/Bee/artifacts/1900b0aEDbg.dag/UniTask.TextMeshPro.rsp2
[ 577/1771  0s] WriteText Library/Bee/artifacts/1900b0aEDbg.dag/LocalizedDomain.Example.UnityAdditionalFile.txt
[ 578/1771  0s] WriteText Library/Bee/artifacts/1900b0aEDbg.dag/glTFast.dots.rsp2
[ 579/1771  0s] WriteText Library/Bee/artifacts/1900b0aEDbg.dag/glTFast.dots.UnityAdditionalFile.txt
[ 580/1771  0s] WriteText Library/Bee/artifacts/1900b0aEDbg.dag/LocalizedDomain.Example.rsp2
[ 581/1771  0s] WriteText Library/Bee/artifacts/1900b0aEDbg.dag/Config.Tests.rsp2
[ 582/1771  0s] WriteText Library/Bee/artifacts/1900b0aEDbg.dag/MCPForUnity.Editor.UnityAdditionalFile.txt
[ 583/1771  0s] WriteText Library/Bee/artifacts/1900b0aEDbg.dag/TickHandler.UnityAdditionalFile.txt
[ 584/1771  0s] WriteText Library/Bee/artifacts/1900b0aEDbg.dag/SceneSwitcher.rsp2
[ 585/1771  0s] WriteText Library/Bee/artifacts/1900b0aEDbg.dag/MCPForUnity.Editor.rsp2
[ 586/1771  0s] WriteText Library/Bee/artifacts/1900b0aEDbg.dag/Utils.UnityAdditionalFile.txt
[ 587/1771  0s] WriteText Library/Bee/artifacts/1900b0aEDbg.dag/Config.Tests.UnityAdditionalFile.txt
[ 588/1771  0s] WriteText Library/Bee/artifacts/1900b0aEDbg.dag/Utils.rsp2
[ 589/1771  0s] WriteText Library/Bee/artifacts/1900b0aEDbg.dag/LocalSaveSystem.Example.UnityAdditionalFile.txt
[ 590/1771  0s] WriteText Library/Bee/artifacts/1900b0aEDbg.dag/AssemblyExample.rsp2
[ 591/1771  0s] WriteText Library/Bee/artifacts/1900b0aEDbg.dag/Observer.Samples.UnityAdditionalFile.txt
[ 592/1771  0s] WriteText Library/Bee/artifacts/1900b0aEDbg.dag/Observer.Samples.rsp2
[ 593/1771  0s] WriteText Library/Bee/artifacts/1900b0aEDbg.dag/SceneSwitcher.UnityAdditionalFile.txt
[ 594/1771  0s] WriteText Library/Bee/artifacts/1900b0aEDbg.dag/Config.Example.rsp2
[ 595/1771  0s] WriteText Library/Bee/artifacts/1900b0aEDbg.dag/DialogSystem.Flow.Editor.rsp2
[ 596/1771  0s] WriteText Library/Bee/artifacts/1900b0aEDbg.dag/AssemblyExample.UnityAdditionalFile.txt
[ 597/1771  0s] WriteText Library/Bee/artifacts/1900b0aEDbg.dag/UniTask.TextMeshPro.UnityAdditionalFile.txt
[ 598/1771  0s] WriteText Library/Bee/artifacts/1900b0aEDbg.dag/Config.Example.UnityAdditionalFile.txt
[ 599/1771  0s] WriteText Library/Bee/artifacts/1900b0aEDbg.dag/MVVM.Example.rsp2
[ 600/1771  0s] WriteText Library/Bee/artifacts/1900b0aEDbg.dag/DialogSystem.Example.rsp2
[ 601/1771  0s] WriteText Library/Bee/artifacts/1900b0aEDbg.dag/MVP.Example.UnityAdditionalFile.txt
[ 602/1771  0s] WriteText Library/Bee/artifacts/1900b0aEDbg.dag/Unity.PerformanceTesting.UnityAdditionalFile.txt
[ 603/1771  0s] WriteText Library/Bee/artifacts/1900b0aEDbg.dag/BehaviourTree.Example.dll.mvfrm.rsp
[ 604/1771  0s] MovedFromExtractor Library/Bee/artifacts/mvdfrm/Unity.Collections.LowLevel.ILSupport.dll_0DA839304028E421.mvfrm
[ 605/1771  0s] WriteText Library/Bee/artifacts/1900b0aEDbg.dag/ResourceLoader.dll.mvfrm.rsp
[ 606/1771  0s] WriteText Library/Bee/artifacts/1900b0aEDbg.dag/DetectionService.dll.mvfrm.rsp
[ 607/1771  0s] WriteText Library/Bee/artifacts/1900b0aEDbg.dag/Root.rsp
[ 608/1771  0s] WriteText Library/Bee/artifacts/1900b0aEDbg.dag/MVP.Example.rsp2
[ 609/1771  0s] MovedFromExtractor Library/Bee/artifacts/mvdfrm/Unity.VisualScripting.Antlr3.Runtime.dll_E9EF366BD634428A.mvfrm
[ 610/1771  0s] WriteText Library/Bee/artifacts/1900b0aEDbg.dag/MVVM.Unity.dll.mvfrm.rsp
[ 611/1771  0s] WriteText Library/Bee/artifacts/1900b0aEDbg.dag/Unity.PerformanceTesting.rsp2
[ 612/1771  0s] WriteText Library/Bee/artifacts/1900b0aEDbg.dag/DialogSystem.Flow.Editor.dll.mvfrm.rsp
[ 613/1771  0s] WriteText Library/Bee/artifacts/1900b0aEDbg.dag/LocalizedDomain.Editor.dll.mvfrm.rsp
[ 614/1771  0s] WriteText Library/Bee/artifacts/1900b0aEDbg.dag/UniRx.dll.mvfrm.rsp
[ 615/1771  0s] WriteText Library/Bee/artifacts/1900b0aEDbg.dag/Config.Tests.dll.mvfrm.rsp
[ 616/1771  0s] WriteText Library/Bee/artifacts/1900b0aEDbg.dag/LocalizedDomain.Example.dll.mvfrm.rsp
[ 617/1771  0s] WriteText Library/Bee/artifacts/1900b0aEDbg.dag/MCPForUnity.Editor.dll.mvfrm.rsp
[ 618/1771  0s] WriteText Library/Bee/artifacts/1900b0aEDbg.dag/Config.Example.dll.mvfrm.rsp
[ 619/1771  0s] WriteText Library/Bee/artifacts/1900b0aEDbg.dag/AssemblyExample.dll.mvfrm.rsp
[ 620/1771  0s] MovedFromExtractor Library/Bee/artifacts/mvdfrm/Unity.Plastic.Newtonsoft.Json.dll_7244676A550405AD.mvfrm
[ 621/1771  0s] WriteText Library/Bee/artifacts/1900b0aEDbg.dag/Observer.Samples.dll.mvfrm.rsp
[ 622/1771  0s] WriteText Library/Bee/artifacts/1900b0aEDbg.dag/DetectionService.rsp
[ 623/1771  0s] WriteText Library/Bee/artifacts/1900b0aEDbg.dag/UniTask.Linq.dll.mvfrm.rsp
[ 624/1771  0s] WriteText Library/Bee/artifacts/1900b0aEDbg.dag/MVP.Example.dll.mvfrm.rsp
[ 625/1771  0s] WriteText Library/Bee/artifacts/1900b0aEDbg.dag/LocalizedDomain.Unity.TextMeshPro.dll.mvfrm.rsp
[ 626/1771  0s] WriteText Library/Bee/artifacts/1900b0aEDbg.dag/DialogSystem.Example.dll.mvfrm.rsp
[ 627/1771  0s] WriteText Library/Bee/artifacts/1900b0aEDbg.dag/MVVM.Unity.rsp
[ 628/1771  0s] WriteText Library/Bee/artifacts/1900b0aEDbg.dag/Unity.PerformanceTesting.dll.mvfrm.rsp
[ 629/1771  0s] WriteText Library/Bee/artifacts/1900b0aEDbg.dag/glTFast.dots.dll.mvfrm.rsp
[ 630/1771  0s] WriteText Library/Bee/artifacts/1900b0aEDbg.dag/Logger.dll.mvfrm.rsp
[ 631/1771  0s] WriteText Library/Bee/artifacts/1900b0aEDbg.dag/DialogSystem.Editor.dll.mvfrm.rsp
[ 632/1771  0s] WriteText Library/Bee/artifacts/1900b0aEDbg.dag/MVVM.Example.dll.mvfrm.rsp
[ 633/1771  0s] WriteText Library/Bee/artifacts/1900b0aEDbg.dag/UniTask.DOTween.dll.mvfrm.rsp
[ 634/1771  0s] WriteText Library/Bee/artifacts/1900b0aEDbg.dag/UniTask.TextMeshPro.dll.mvfrm.rsp
[ 635/1771  0s] WriteText Library/Bee/artifacts/1900b0aEDbg.dag/LocalSaveSystem.Example.dll.mvfrm.rsp
[ 636/1771  0s] WriteText Library/Bee/artifacts/1900b0aEDbg.dag/SceneSwitcher.dll.mvfrm.rsp
[ 637/1771  0s] WriteText Library/Bee/artifacts/1900b0aEDbg.dag/BehaviourTree.Example.rsp
[ 638/1771  0s] WriteText Library/Bee/artifacts/1900b0aEDbg.dag/glTFast.Editor.dll.mvfrm.rsp
[ 639/1771  0s] WriteText Library/Bee/artifacts/1900b0aEDbg.dag/Utils.dll.mvfrm.rsp
[ 640/1771  0s] WriteText Library/Bee/artifacts/1900b0aEDbg.dag/ResourceLoader.rsp
[ 641/1771  0s] WriteText Library/Bee/artifacts/1900b0aEDbg.dag/TickHandler.dll.mvfrm.rsp
[ 642/1771  0s] WriteText Library/Bee/artifacts/1900b0aEDbg.dag/Unity.PerformanceTesting.rsp
[ 643/1771  0s] WriteText Library/Bee/artifacts/1900b0aEDbg.dag/glTFast.Editor.rsp
[ 644/1771  0s] WriteText Library/Bee/artifacts/1900b0aEDbg.dag/LocalizedDomain.Editor.rsp
[ 645/1771  0s] WriteText Library/Bee/artifacts/1900b0aEDbg.dag/LocalizedDomain.Example.rsp
[ 646/1771  0s] WriteText Library/Bee/artifacts/1900b0aEDbg.dag/Config.Tests.rsp
[ 647/1771  0s] WriteText Library/Bee/artifacts/1900b0aEDbg.dag/Observer.Samples.rsp
[ 648/1771  0s] WriteText Library/Bee/artifacts/1900b0aEDbg.dag/UniRx.rsp
[ 649/1771  0s] WriteText Library/Bee/artifacts/1900b0aEDbg.dag/MCPForUnity.Editor.rsp
[ 650/1771  0s] WriteText Library/Bee/artifacts/1900b0aEDbg.dag/Config.Example.rsp
[ 651/1771  0s] WriteText Library/Bee/artifacts/1900b0aEDbg.dag/MVVM.Example.rsp
[ 652/1771  0s] WriteText Library/Bee/artifacts/1900b0aEDbg.dag/UniTask.DOTween.rsp
[ 653/1771  0s] WriteText Library/Bee/artifacts/1900b0aEDbg.dag/UniTask.TextMeshPro.rsp
[ 654/1771  0s] WriteText Library/Bee/artifacts/1900b0aEDbg.dag/UniTask.Linq.rsp
[ 655/1771  0s] WriteText Library/Bee/artifacts/1900b0aEDbg.dag/glTFast.dots.rsp
[ 656/1771  0s] WriteText Library/Bee/artifacts/1900b0aEDbg.dag/TickHandler.rsp
[ 657/1771  0s] WriteText Library/Bee/artifacts/1900b0aEDbg.dag/Logger.rsp
[ 658/1771  0s] WriteText Library/Bee/artifacts/1900b0aEDbg.dag/LocalizedDomain.Unity.TextMeshPro.rsp
[ 659/1771  0s] WriteText Library/Bee/artifacts/1900b0aEDbg.dag/DialogSystem.Editor.rsp
[ 660/1771  0s] WriteText Library/Bee/artifacts/1900b0aEDbg.dag/LocalSaveSystem.Example.rsp
[ 661/1771  0s] WriteText Library/Bee/artifacts/1900b0aEDbg.dag/DialogSystem.Flow.Editor.rsp
[ 662/1771  0s] WriteText Library/Bee/artifacts/1900b0aEDbg.dag/SceneSwitcher.rsp
[ 663/1771  0s] WriteText Library/Bee/artifacts/1900b0aEDbg.dag/MVP.Example.rsp
[ 664/1771  0s] WriteText Library/Bee/artifacts/1900b0aEDbg.dag/Utils.rsp
[ 665/1771  0s] WriteText Library/Bee/artifacts/1900b0aEDbg.dag/MVP.Tests.rsp2
[ 666/1771  0s] WriteText Library/Bee/artifacts/1900b0aEDbg.dag/DialogSystem.Example.rsp
[ 667/1771  0s] WriteText Library/Bee/artifacts/1900b0aEDbg.dag/AssemblyExample.rsp
[ 668/1771  0s] WriteText Library/Bee/artifacts/1900b0aEDbg.dag/glTFast.Newtonsoft.UnityAdditionalFile.txt
[ 669/1771  0s] WriteText Library/Bee/artifacts/1900b0aEDbg.dag/MVP.Tests.UnityAdditionalFile.txt
[ 670/1771  0s] WriteText Library/Bee/artifacts/1900b0aEDbg.dag/glTFast.Newtonsoft.rsp2
[ 671/1771  0s] WriteText Library/Bee/artifacts/1900b0aEDbg.dag/Assembly-CSharp.UnityAdditionalFile.txt
[ 672/1771  0s] WriteText Library/Bee/artifacts/1900b0aEDbg.dag/Assembly-CSharp.rsp2
[ 673/1771  0s] WriteText Library/Bee/artifacts/1900b0aEDbg.dag/Assembly-CSharp.dll.mvfrm.rsp
[ 674/1771  0s] WriteText Library/Bee/artifacts/1900b0aEDbg.dag/MVP.Tests.dll.mvfrm.rsp
[ 675/1771  0s] WriteText Library/Bee/artifacts/1900b0aEDbg.dag/glTFast.Newtonsoft.rsp
[ 676/1771  0s] WriteText Library/Bee/artifacts/1900b0aEDbg.dag/glTFast.Newtonsoft.dll.mvfrm.rsp
[ 677/1771  0s] WriteText Library/Bee/artifacts/1900b0aEDbg.dag/MVP.Tests.rsp
[ 678/1771  0s] WriteText Library/Bee/artifacts/1900b0aEDbg.dag/Assembly-CSharp.rsp
[ 679/1771  0s] WriteText Library/Bee/artifacts/1900b0aEDbg.dag/Root.Example.dll.mvfrm.rsp
[ 680/1771  0s] WriteText Library/Bee/artifacts/1900b0aEDbg.dag/MVVM.Tests.dll.mvfrm.rsp
[ 681/1771  0s] WriteText Library/Bee/artifacts/1900b0aEDbg.dag/glTFast.Documentation.Examples.dll.mvfrm.rsp
[ 682/1771  0s] WriteText Library/Bee/artifacts/1900b0aEDbg.dag/UniRx.Examples.dll.mvfrm.rsp
[ 683/1771  0s] WriteText Library/Bee/artifacts/1900b0aEDbg.dag/Disposable.PlayModeTests.dll.mvfrm.rsp
[ 684/1771  0s] WriteText Library/Bee/artifacts/1900b0aEDbg.dag/Unity.VisualScripting.DocCodeExamples.dll.mvfrm.rsp
[ 685/1771  0s] WriteText Library/Bee/artifacts/1900b0aEDbg.dag/Assembly-CSharp-Editor.dll.mvfrm.rsp
[ 686/1771  0s] WriteText Library/Bee/artifacts/1900b0aEDbg.dag/UniTask.Editor.dll.mvfrm.rsp
[ 687/1771  0s] WriteText Library/Bee/artifacts/1900b0aEDbg.dag/LocalizedDomain.Unity.Addressables.dll.mvfrm.rsp
[ 688/1771  0s] WriteText Library/Bee/artifacts/1900b0aEDbg.dag/LocalizedDomain.Tests.dll.mvfrm.rsp
[ 689/1771  0s] WriteText Library/Bee/artifacts/1900b0aEDbg.dag/UniRx.Examples.UnityAdditionalFile.txt
[ 690/1771  0s] WriteText Library/Bee/artifacts/1900b0aEDbg.dag/MVVM.Tests.UnityAdditionalFile.txt
[ 691/1771  0s] WriteText Library/Bee/artifacts/1900b0aEDbg.dag/LocalSaveSystem.Tests.dll.mvfrm.rsp
[ 692/1771  0s] WriteText Library/Bee/artifacts/1900b0aEDbg.dag/Unity.CollabProxy.Editor.dll.mvfrm.rsp
[ 693/1771  0s] WriteText Library/Bee/artifacts/1900b0aEDbg.dag/Unity.VisualScripting.DocCodeExamples.UnityAdditionalFile.txt
[ 694/1771  0s] WriteText Library/Bee/artifacts/1900b0aEDbg.dag/Observer.Tests.dll.mvfrm.rsp
[ 695/1771  0s] WriteText Library/Bee/artifacts/1900b0aEDbg.dag/Root.Example.UnityAdditionalFile.txt
[ 696/1771  0s] WriteText Library/Bee/artifacts/1900b0aEDbg.dag/UniRx.Examples.rsp2
[ 697/1771  0s] WriteText Library/Bee/artifacts/1900b0aEDbg.dag/BehaviourTree.Tests.dll.mvfrm.rsp
[ 698/1771  0s] WriteText Library/Bee/artifacts/1900b0aEDbg.dag/LightDI.Tests.dll.mvfrm.rsp
[ 699/1771  0s] WriteText Library/Bee/artifacts/1900b0aEDbg.dag/glTFast.Documentation.Examples.rsp2
[ 700/1771  0s] WriteText Library/Bee/artifacts/1900b0aEDbg.dag/MVVM.Tests.rsp2
[ 701/1771  0s] WriteText Library/Bee/artifacts/1900b0aEDbg.dag/Unity.Addressables.DocExampleCode.Editor.Tests.dll.mvfrm.rsp
[ 702/1771  0s] WriteText Library/Bee/artifacts/1900b0aEDbg.dag/DialogSystem.Tests.dll.mvfrm.rsp
[ 703/1771  0s] WriteText Library/Bee/artifacts/1900b0aEDbg.dag/DetectionService.Tests.dll.mvfrm.rsp
[ 704/1771  0s] WriteText Library/Bee/artifacts/1900b0aEDbg.dag/NuGetForUnity.dll.mvfrm.rsp
[ 705/1771  0s] WriteText Library/Bee/artifacts/1900b0aEDbg.dag/Disposable.Tests.dll.mvfrm.rsp
[ 706/1771  0s] WriteText Library/Bee/artifacts/1900b0aEDbg.dag/Root.Example.rsp2
[ 707/1771  0s] WriteText Library/Bee/artifacts/1900b0aEDbg.dag/Disposable.PlayModeTests.rsp2
[ 708/1771  0s] WriteText Library/Bee/artifacts/1900b0aEDbg.dag/LocalizedDomain.Unity.Addressables.UnityAdditionalFile.txt
[ 709/1771  0s] WriteText Library/Bee/artifacts/1900b0aEDbg.dag/Disposable.PlayModeTests.UnityAdditionalFile.txt
[ 710/1771  0s] WriteText Library/Bee/artifacts/1900b0aEDbg.dag/glTFast.Documentation.Examples.UnityAdditionalFile.txt
[ 711/1771  0s] WriteText Library/Bee/artifacts/1900b0aEDbg.dag/Unity.PlasticSCM.Editor.Entities.dll.mvfrm.rsp
[ 712/1771  0s] WriteText Library/Bee/artifacts/1900b0aEDbg.dag/LocalizedDomain.Unity.Addressables.rsp2
[ 713/1771  0s] WriteText Library/Bee/artifacts/1900b0aEDbg.dag/ResourceLoader.Tests.dll.mvfrm.rsp
[ 714/1771  0s] WriteText Library/Bee/artifacts/1900b0aEDbg.dag/Unity.PerformanceTesting.Editor.dll.mvfrm.rsp
[ 715/1771  0s] WriteText Library/Bee/artifacts/1900b0aEDbg.dag/Disposable.PlayModeTests.rsp
[ 716/1771  0s] WriteText Library/Bee/artifacts/1900b0aEDbg.dag/Disposable.Tests.UnityAdditionalFile.txt
[ 717/1771  0s] WriteText Library/Bee/artifacts/1900b0aEDbg.dag/DialogSystem.Tests.rsp2
[ 718/1771  0s] WriteText Library/Bee/artifacts/1900b0aEDbg.dag/Unity.VisualScripting.DocCodeExamples.rsp2
[ 719/1771  0s] WriteText Library/Bee/artifacts/1900b0aEDbg.dag/Root.Tests.dll.mvfrm.rsp
[ 720/1771  0s] WriteText Library/Bee/artifacts/1900b0aEDbg.dag/Disposable.Tests.rsp2
[ 721/1771  0s] WriteText Library/Bee/artifacts/1900b0aEDbg.dag/LightDI.Tests.UnityAdditionalFile.txt
[ 722/1771  0s] WriteText Library/Bee/artifacts/1900b0aEDbg.dag/Observer.Tests.UnityAdditionalFile.txt
[ 723/1771  0s] WriteText Library/Bee/artifacts/1900b0aEDbg.dag/LightDI.Tests.rsp2
[ 724/1771  0s] WriteText Library/Bee/artifacts/1900b0aEDbg.dag/UniTask.Editor.UnityAdditionalFile.txt
[ 725/1771  0s] WriteText Library/Bee/artifacts/1900b0aEDbg.dag/Unity.PlasticSCM.Editor.Entities.UnityAdditionalFile.txt
[ 726/1771  0s] WriteText Library/Bee/artifacts/1900b0aEDbg.dag/Observer.Tests.rsp2
[ 727/1771  0s] WriteText Library/Bee/artifacts/1900b0aEDbg.dag/Unity.PerformanceTesting.Editor.rsp2
[ 728/1771  0s] WriteText Library/Bee/artifacts/1900b0aEDbg.dag/UniTask.Editor.rsp2
[ 729/1771  0s] WriteText Library/Bee/artifacts/1900b0aEDbg.dag/UniRx.Examples.rsp
[ 730/1771  0s] WriteText Library/Bee/artifacts/1900b0aEDbg.dag/Unity.PerformanceTesting.Editor.UnityAdditionalFile.txt
[ 731/1771  0s] WriteText Library/Bee/artifacts/1900b0aEDbg.dag/BehaviourTree.Tests.rsp2
[ 732/1771  0s] WriteText Library/Bee/artifacts/1900b0aEDbg.dag/Root.Tests.rsp2
[ 733/1771  0s] WriteText Library/Bee/artifacts/1900b0aEDbg.dag/BehaviourTree.Tests.UnityAdditionalFile.txt
[ 734/1771  0s] WriteText Library/Bee/artifacts/1900b0aEDbg.dag/Root.Tests.UnityAdditionalFile.txt
[ 735/1771  0s] WriteText Library/Bee/artifacts/1900b0aEDbg.dag/Root.Example.rsp
[ 736/1771  0s] WriteText Library/Bee/artifacts/1900b0aEDbg.dag/LocalizedDomain.Tests.UnityAdditionalFile.txt
[ 737/1771  0s] WriteText Library/Bee/artifacts/1900b0aEDbg.dag/LocalizedDomain.Unity.Addressables.rsp
[ 738/1771  0s] WriteText Library/Bee/artifacts/1900b0aEDbg.dag/Unity.CollabProxy.Editor.UnityAdditionalFile.txt
[ 739/1771  0s] WriteText Library/Bee/artifacts/1900b0aEDbg.dag/Unity.CollabProxy.Editor.rsp2
[ 740/1771  0s] WriteText Library/Bee/artifacts/1900b0aEDbg.dag/LocalSaveSystem.Tests.UnityAdditionalFile.txt
[ 741/1771  0s] WriteText Library/Bee/artifacts/1900b0aEDbg.dag/Unity.PlasticSCM.Editor.Entities.rsp2
[ 742/1771  0s] WriteText Library/Bee/artifacts/1900b0aEDbg.dag/Unity.VisualScripting.DocCodeExamples.rsp
[ 743/1771  0s] WriteText Library/Bee/artifacts/1900b0aEDbg.dag/LocalSaveSystem.Tests.rsp2
[ 744/1771  0s] WriteText Library/Bee/artifacts/1900b0aEDbg.dag/MVVM.Tests.rsp
[ 745/1771  0s] WriteText Library/Bee/artifacts/1900b0aEDbg.dag/ResourceLoader.Tests.UnityAdditionalFile.txt
[ 746/1771  0s] WriteText Library/Bee/artifacts/1900b0aEDbg.dag/Unity.Addressables.DocExampleCode.Editor.Tests.UnityAdditionalFile.txt
[ 747/1771  0s] WriteText Library/Bee/artifacts/1900b0aEDbg.dag/ResourceLoader.Tests.rsp2
[ 748/1771  0s] WriteText Library/Bee/artifacts/1900b0aEDbg.dag/Unity.Addressables.DocExampleCode.Editor.Tests.rsp2
[ 749/1771  0s] WriteText Library/Bee/artifacts/1900b0aEDbg.dag/Assembly-CSharp-Editor.UnityAdditionalFile.txt
[ 750/1771  0s] WriteText Library/Bee/artifacts/1900b0aEDbg.dag/glTFast.Documentation.Examples.rsp
[ 751/1771  0s] WriteText Library/Bee/artifacts/1900b0aEDbg.dag/Assembly-CSharp-Editor.rsp2
[ 752/1771  0s] WriteText Library/Bee/artifacts/1900b0aEDbg.dag/NuGetForUnity.UnityAdditionalFile.txt
[ 753/1771  0s] WriteText Library/Bee/artifacts/1900b0aEDbg.dag/LocalizedDomain.Tests.rsp2
[ 754/1771  0s] WriteText Library/Bee/artifacts/1900b0aEDbg.dag/DetectionService.Tests.UnityAdditionalFile.txt
[ 755/1771  0s] WriteText Library/Bee/artifacts/1900b0aEDbg.dag/DetectionService.Tests.rsp2
[ 756/1771  0s] WriteText Library/Bee/artifacts/1900b0aEDbg.dag/NuGetForUnity.rsp2
[ 757/1771  0s] WriteText Library/Bee/artifacts/1900b0aEDbg.dag/DialogSystem.Tests.rsp
[ 758/1771  0s] WriteText Library/Bee/artifacts/1900b0aEDbg.dag/Unity.Addressables.DocExampleCode.Editor.Tests.rsp
[ 759/1771  0s] WriteText Library/Bee/artifacts/1900b0aEDbg.dag/DialogSystem.Tests.UnityAdditionalFile.txt
[ 760/1771  0s] WriteText Library/Bee/artifacts/1900b0aEDbg.dag/BehaviourTree.Tests.rsp
[ 761/1771  0s] WriteText Library/Bee/artifacts/1900b0aEDbg.dag/Unity.PlasticSCM.Editor.Entities.rsp
[ 762/1771  0s] WriteText Library/Bee/artifacts/1900b0aEDbg.dag/DetectionService.Tests.rsp
[ 763/1771  0s] WriteText Library/Bee/artifacts/1900b0aEDbg.dag/Root.Tests.rsp
[ 764/1771  0s] WriteText Library/Bee/artifacts/1900b0aEDbg.dag/LocalizedDomain.Tests.rsp
[ 765/1771  0s] WriteText Library/Bee/artifacts/1900b0aEDbg.dag/LightDI.Tests.rsp
[ 766/1771  0s] WriteText Library/Bee/artifacts/1900b0aEDbg.dag/Unity.CollabProxy.Editor.rsp
[ 767/1771  0s] WriteText Library/Bee/artifacts/1900b0aEDbg.dag/Observer.Tests.rsp
[ 768/1771  0s] WriteText Library/Bee/artifacts/1900b0aEDbg.dag/Disposable.Tests.rsp
[ 769/1771  0s] WriteText Library/Bee/artifacts/1900b0aEDbg.dag/Assembly-CSharp-Editor.rsp
[ 770/1771  0s] WriteText Library/Bee/artifacts/1900b0aEDbg.dag/NuGetForUnity.rsp
[ 771/1771  0s] WriteResponseFile Library/Bee/artifacts/rsp/8480374303727254931.rsp
[ 772/1771  0s] WriteText Library/Bee/artifacts/1900b0aEDbg.dag/ResourceLoader.Tests.rsp
[ 773/1771  0s] WriteText Library/Bee/artifacts/1900b0aEDbg.dag/Unity.PerformanceTesting.Editor.rsp
[ 774/1771  0s] WriteText Library/Bee/artifacts/1900b0aEDbg.dag/UniTask.Editor.rsp
[ 775/1771  0s] WriteResponseFile Library/Bee/artifacts/rsp/347054566669303647.rsp
[ 776/1771  0s] WriteText Library/Bee/artifacts/1900b0aEDbg.dag/LocalSaveSystem.Tests.rsp
[ 777/1771  0s] WriteResponseFile Library/Bee/artifacts/rsp/9523896272125829617.rsp
[ 778/1771  0s] WriteResponseFile Library/Bee/artifacts/rsp/12300581887632208784.rsp
[ 779/1771  0s] WriteResponseFile Library/Bee/artifacts/rsp/3591788522332290529.rsp
[ 780/1771  0s] WriteResponseFile Library/Bee/artifacts/rsp/14430918436674379973.rsp
[ 781/1771  0s] WriteResponseFile Library/Bee/artifacts/rsp/9263707530294325947.rsp
[ 782/1771  0s] WriteResponseFile Library/Bee/artifacts/rsp/18087566282024790197.rsp
[ 783/1771  0s] WriteResponseFile Library/Bee/artifacts/rsp/14902851503452023726.rsp
[ 784/1771  0s] WriteResponseFile Library/Bee/artifacts/rsp/1790374775883721841.rsp
[ 785/1771  0s] WriteResponseFile Library/Bee/artifacts/rsp/12642482374746149726.rsp
[ 786/1771  0s] WriteResponseFile Library/Bee/artifacts/rsp/5250401239555191028.rsp
[ 787/1771  0s] WriteResponseFile Library/Bee/artifacts/rsp/12826685123125824019.rsp
[ 788/1771  0s] WriteResponseFile Library/Bee/artifacts/rsp/14114173060502923426.rsp
[ 789/1771  0s] WriteResponseFile Library/Bee/artifacts/rsp/2752849203540463912.rsp
[ 790/1771  0s] WriteResponseFile Library/Bee/artifacts/rsp/2772870866097534798.rsp
[ 791/1771  0s] WriteResponseFile Library/Bee/artifacts/rsp/663317943886722861.rsp
[ 792/1771  0s] WriteResponseFile Library/Bee/artifacts/rsp/15345395123426929137.rsp
[ 793/1771  0s] WriteResponseFile Library/Bee/artifacts/rsp/875613563223356389.rsp
[ 794/1771  0s] WriteResponseFile Library/Bee/artifacts/rsp/8209900647369793526.rsp
[ 795/1771  0s] WriteResponseFile Library/Bee/artifacts/rsp/3524915965688733585.rsp
[ 796/1771  0s] WriteResponseFile Library/Bee/artifacts/rsp/8294100515912051134.rsp
[ 797/1771  0s] WriteResponseFile Library/Bee/artifacts/rsp/10737166954586391488.rsp
[ 798/1771  0s] WriteResponseFile Library/Bee/artifacts/rsp/5773781333471399581.rsp
[ 799/1771  0s] WriteResponseFile Library/Bee/artifacts/rsp/10024200538832084055.rsp
[ 800/1771  0s] WriteResponseFile Library/Bee/artifacts/rsp/13435875145466805545.rsp
[ 801/1771  0s] WriteResponseFile Library/Bee/artifacts/rsp/815582727997124698.rsp
[ 802/1771  0s] WriteResponseFile Library/Bee/artifacts/rsp/7045526637208854022.rsp
[ 803/1771  0s] WriteResponseFile Library/Bee/artifacts/rsp/3541450068851925112.rsp
[ 804/1771  0s] WriteResponseFile Library/Bee/artifacts/rsp/14944518940209746966.rsp
[ 805/1771  0s] WriteResponseFile Library/Bee/artifacts/rsp/5675608460108396414.rsp
[ 806/1771  0s] WriteResponseFile Library/Bee/artifacts/rsp/874559550636751888.rsp
[ 807/1771  0s] WriteResponseFile Library/Bee/artifacts/rsp/4082344215324493762.rsp
[ 808/1771  0s] WriteResponseFile Library/Bee/artifacts/rsp/4164783660510437284.rsp
[ 809/1771  0s] WriteResponseFile Library/Bee/artifacts/rsp/6359886736996950024.rsp
[ 810/1771  0s] WriteResponseFile Library/Bee/artifacts/rsp/4187867133517984800.rsp
[ 811/1771  0s] WriteResponseFile Library/Bee/artifacts/rsp/18154283279592302977.rsp
[ 812/1771  0s] WriteResponseFile Library/Bee/artifacts/rsp/4801630418167604538.rsp
[ 813/1771  0s] WriteResponseFile Library/Bee/artifacts/rsp/9761865380786859028.rsp
[ 814/1771  0s] WriteResponseFile Library/Bee/artifacts/rsp/4172707023850728460.rsp
[ 815/1771  0s] WriteResponseFile Library/Bee/artifacts/rsp/14303120142147522424.rsp
[ 816/1771  0s] WriteResponseFile Library/Bee/artifacts/rsp/5362816869880811361.rsp
[ 817/1771  0s] WriteResponseFile Library/Bee/artifacts/rsp/2879909895643501859.rsp
[ 818/1771  0s] WriteResponseFile Library/Bee/artifacts/rsp/15062584988718553144.rsp
[ 819/1771  0s] WriteResponseFile Library/Bee/artifacts/rsp/5885981975422744963.rsp
[ 820/1771  0s] WriteResponseFile Library/Bee/artifacts/rsp/10817363960601125172.rsp
[ 821/1771  0s] WriteResponseFile Library/Bee/artifacts/rsp/10061567675400582526.rsp
[ 822/1771  0s] WriteResponseFile Library/Bee/artifacts/rsp/10902268028056741788.rsp
[ 823/1771  0s] WriteResponseFile Library/Bee/artifacts/rsp/12774605468344472980.rsp
[ 824/1771  0s] WriteResponseFile Library/Bee/artifacts/rsp/10310748195109523636.rsp
[ 825/1771  0s] WriteResponseFile Library/Bee/artifacts/rsp/16260826657817162067.rsp
[ 826/1771  0s] WriteResponseFile Library/Bee/artifacts/rsp/14214653468032267122.rsp
[ 827/1771  0s] WriteResponseFile Library/Bee/artifacts/rsp/10978895435824068268.rsp
[ 828/1771  0s] WriteResponseFile Library/Bee/artifacts/rsp/7485064970484070094.rsp
[ 829/1771  0s] WriteResponseFile Library/Bee/artifacts/rsp/3392531604929722081.rsp
[ 830/1771  0s] WriteResponseFile Library/Bee/artifacts/rsp/11439015315328887429.rsp
[ 831/1771  0s] WriteResponseFile Library/Bee/artifacts/rsp/16540716290554644618.rsp
[ 832/1771  0s] WriteResponseFile Library/Bee/artifacts/rsp/3950884498161704362.rsp
[ 833/1771  0s] WriteResponseFile Library/Bee/artifacts/rsp/13279423640760612673.rsp
[ 834/1771  0s] WriteResponseFile Library/Bee/artifacts/rsp/17206416036114848451.rsp
[ 835/1771  0s] WriteResponseFile Library/Bee/artifacts/rsp/6923917603542047555.rsp
[ 836/1771  0s] WriteResponseFile Library/Bee/artifacts/rsp/14539713768323031873.rsp
[ 837/1771  0s] WriteResponseFile Library/Bee/artifacts/rsp/5068094731376506261.rsp
[ 838/1771  0s] WriteResponseFile Library/Bee/artifacts/rsp/4807859418463668504.rsp
[ 839/1771  0s] WriteResponseFile Library/Bee/artifacts/rsp/10540497235457876305.rsp
[ 840/1771  0s] WriteResponseFile Library/Bee/artifacts/rsp/8307990173642030153.rsp
[ 841/1771  0s] WriteResponseFile Library/Bee/artifacts/rsp/940410080344361185.rsp
[ 842/1771  0s] WriteResponseFile Library/Bee/artifacts/rsp/8352540489763676303.rsp
[ 843/1771  0s] WriteResponseFile Library/Bee/artifacts/rsp/7826424507098463023.rsp
[ 844/1771  0s] WriteResponseFile Library/Bee/artifacts/rsp/15113959814186066486.rsp
[ 845/1771  0s] WriteResponseFile Library/Bee/artifacts/rsp/11276843090293111915.rsp
[ 846/1771  0s] WriteResponseFile Library/Bee/artifacts/rsp/14811776502145285846.rsp
[ 847/1771  0s] WriteResponseFile Library/Bee/artifacts/rsp/5510544847207433897.rsp
[ 848/1771  0s] WriteResponseFile Library/Bee/artifacts/rsp/10072734556219904916.rsp
[ 849/1771  0s] WriteResponseFile Library/Bee/artifacts/rsp/14338170096024295969.rsp
[ 850/1771  0s] WriteResponseFile Library/Bee/artifacts/rsp/12256522893710645209.rsp
[ 851/1771  0s] WriteResponseFile Library/Bee/artifacts/rsp/1679197209529901891.rsp
[ 852/1771  0s] WriteResponseFile Library/Bee/artifacts/rsp/7069794055905200616.rsp
[ 853/1771  0s] WriteResponseFile Library/Bee/artifacts/rsp/7602888114531086682.rsp
[ 854/1771  0s] WriteResponseFile Library/Bee/artifacts/rsp/9646700431872553298.rsp
[ 855/1771  0s] WriteResponseFile Library/Bee/artifacts/rsp/8803180022647166625.rsp
[ 856/1771  0s] WriteResponseFile Library/Bee/artifacts/rsp/16765266549976182072.rsp
[ 857/1771  0s] WriteResponseFile Library/Bee/artifacts/rsp/15323984483996636724.rsp
[ 858/1771  0s] WriteResponseFile Library/Bee/artifacts/rsp/11556721456661460103.rsp
[ 859/1771  0s] WriteResponseFile Library/Bee/artifacts/rsp/374712428497090320.rsp
[ 860/1771  0s] WriteResponseFile Library/Bee/artifacts/rsp/10756517099639384098.rsp
[ 861/1771  0s] WriteResponseFile Library/Bee/artifacts/rsp/7609101006467691378.rsp
[ 862/1771  0s] WriteResponseFile Library/Bee/artifacts/rsp/5465071027294452425.rsp
[ 863/1771  0s] WriteResponseFile Library/Bee/artifacts/rsp/4495572836693869671.rsp
[ 864/1771  0s] WriteResponseFile Library/Bee/artifacts/rsp/2962138881210717109.rsp
[ 865/1771  0s] WriteResponseFile Library/Bee/artifacts/rsp/3050411730461426618.rsp
[ 866/1771  0s] WriteResponseFile Library/Bee/artifacts/rsp/8382138734949223600.rsp
[ 867/1771  0s] WriteResponseFile Library/Bee/artifacts/rsp/5437769195855483410.rsp
[ 868/1771  0s] WriteResponseFile Library/Bee/artifacts/rsp/1791736576883518749.rsp
[ 869/1771  0s] WriteResponseFile Library/Bee/artifacts/rsp/1527496589467524538.rsp
[ 870/1771  0s] WriteResponseFile Library/Bee/artifacts/rsp/862228858913129562.rsp
[ 871/1771  0s] WriteResponseFile Library/Bee/artifacts/rsp/11793066456053230617.rsp
[ 872/1771  0s] WriteResponseFile Library/Bee/artifacts/rsp/5147072719652273855.rsp
[ 873/1771  0s] WriteResponseFile Library/Bee/artifacts/rsp/3374092467779639547.rsp
[ 874/1771  0s] WriteResponseFile Library/Bee/artifacts/rsp/17487438117723563502.rsp
[ 875/1771  0s] WriteResponseFile Library/Bee/artifacts/rsp/7136928195444580170.rsp
[ 876/1771  0s] WriteResponseFile Library/Bee/artifacts/rsp/16186684979044175686.rsp
[ 877/1771  0s] WriteResponseFile Library/Bee/artifacts/rsp/2132729801719205004.rsp
[ 878/1771  0s] WriteResponseFile Library/Bee/artifacts/rsp/1368919720426971504.rsp
[ 879/1771  0s] WriteResponseFile Library/Bee/artifacts/rsp/15607649557060790178.rsp
[ 880/1771  0s] WriteResponseFile Library/Bee/artifacts/rsp/7307018743345469276.rsp
[ 881/1771  0s] WriteResponseFile Library/Bee/artifacts/rsp/14794116981652814047.rsp
[ 882/1771  0s] WriteResponseFile Library/Bee/artifacts/rsp/7045246832102146154.rsp
[ 883/1771  0s] WriteResponseFile Library/Bee/artifacts/rsp/8160633778266953362.rsp
[ 884/1771  0s] WriteResponseFile Library/Bee/artifacts/rsp/12391268863132583056.rsp
[ 885/1771  0s] WriteResponseFile Library/Bee/artifacts/rsp/7480027478895629309.rsp
[ 886/1771  0s] WriteResponseFile Library/Bee/artifacts/rsp/2978179910344971805.rsp
[ 887/1771  0s] WriteResponseFile Library/Bee/artifacts/rsp/8259271663070631083.rsp
[ 888/1771  0s] WriteResponseFile Library/Bee/artifacts/rsp/17846749829275073493.rsp
[ 889/1771  0s] WriteResponseFile Library/Bee/artifacts/rsp/2027749435250855972.rsp
[ 890/1771  0s] WriteResponseFile Library/Bee/artifacts/rsp/17626248429526979731.rsp
[ 891/1771  0s] WriteResponseFile Library/Bee/artifacts/rsp/10280151241497969650.rsp
[ 892/1771  0s] WriteResponseFile Library/Bee/artifacts/rsp/18365255511867171480.rsp
[ 893/1771  0s] WriteResponseFile Library/Bee/artifacts/rsp/4231056368997063253.rsp
[ 894/1771  0s] WriteResponseFile Library/Bee/artifacts/rsp/7917304513136103991.rsp
[ 895/1771  0s] WriteResponseFile Library/Bee/artifacts/rsp/12060322553711846936.rsp
[ 896/1771  0s] WriteResponseFile Library/Bee/artifacts/rsp/14332357240218380283.rsp
[ 897/1771  0s] WriteResponseFile Library/Bee/artifacts/rsp/13937618220218904785.rsp
[ 898/1771  0s] WriteResponseFile Library/Bee/artifacts/rsp/13283745091630919918.rsp
[ 899/1771  0s] WriteResponseFile Library/Bee/artifacts/rsp/17183149037825225594.rsp
[ 900/1771  0s] WriteResponseFile Library/Bee/artifacts/rsp/12244479590358847285.rsp
[ 901/1771  0s] WriteResponseFile Library/Bee/artifacts/rsp/813213105222797901.rsp
[ 902/1771  0s] WriteResponseFile Library/Bee/artifacts/rsp/6612984560353810012.rsp
[ 903/1771  0s] WriteResponseFile Library/Bee/artifacts/rsp/3860631983085548277.rsp
[ 904/1771  0s] WriteResponseFile Library/Bee/artifacts/rsp/6524497925344654690.rsp
[ 905/1771  0s] WriteResponseFile Library/Bee/artifacts/rsp/15985480389207366606.rsp
[ 906/1771  0s] WriteResponseFile Library/Bee/artifacts/rsp/17278736735188021267.rsp
[ 907/1771  0s] WriteResponseFile Library/Bee/artifacts/rsp/11063944008802906088.rsp
[ 908/1771  0s] WriteResponseFile Library/Bee/artifacts/rsp/15910861768058647208.rsp
[ 909/1771  0s] WriteResponseFile Library/Bee/artifacts/rsp/16215010279817442977.rsp
[ 910/1771  0s] WriteResponseFile Library/Bee/artifacts/rsp/6314292769550499627.rsp
[ 911/1771  0s] WriteResponseFile Library/Bee/artifacts/rsp/5370675416670549313.rsp
[ 912/1771  0s] WriteResponseFile Library/Bee/artifacts/rsp/18300855121871840270.rsp
[ 913/1771  0s] WriteResponseFile Library/Bee/artifacts/rsp/1617839107924545559.rsp
[ 914/1771  0s] WriteResponseFile Library/Bee/artifacts/rsp/6091726674939728014.rsp
[ 915/1771  0s] WriteResponseFile Library/Bee/artifacts/rsp/12613685767448417227.rsp
[ 916/1771  0s] WriteResponseFile Library/Bee/artifacts/rsp/14678556393833052243.rsp
[ 917/1771  0s] WriteResponseFile Library/Bee/artifacts/rsp/5949762845119081553.rsp
[ 918/1771  0s] WriteResponseFile Library/Bee/artifacts/rsp/1870578038070178299.rsp
[ 919/1771  0s] WriteResponseFile Library/Bee/artifacts/rsp/1191125675877671024.rsp
[ 920/1771  0s] WriteResponseFile Library/Bee/artifacts/rsp/15112065493507149036.rsp
[ 921/1771  0s] WriteResponseFile Library/Bee/artifacts/rsp/897033258679644327.rsp
[ 922/1771  0s] MovedFromExtractor Library/Bee/artifacts/mvdfrm/Unity.VisualScripting.TextureAssets.dll_CFA038DE66389063.mvfrm
[ 923/1771  0s] MovedFromExtractor Library/Bee/artifacts/mvdfrm/Unity.VisualScripting.IonicZip.dll_415BC0E8E440EB61.mvfrm
[ 924/1771  0s] MovedFromExtractor Library/Bee/artifacts/mvdfrm/Unity.Plastic.Antlr3.Runtime.dll_6E5CDE55A3EE6308.mvfrm
[ 925/1771  0s] MovedFromExtractor Library/Bee/artifacts/mvdfrm/UnityEngine.HierarchyModule.dll_C4D59922A226330E.mvfrm
[ 926/1771  0s] MovedFromExtractor Library/Bee/artifacts/mvdfrm/Unity.VisualScripting.YamlDotNet.dll_38820F8AA56B326B.mvfrm
[ 927/1771  0s] MovedFromExtractor Library/Bee/artifacts/mvdfrm/UnityEngine.AMDModule.dll_FB6728893127AEF1.mvfrm
[ 928/1771  0s] MovedFromExtractor Library/Bee/artifacts/mvdfrm/UnityEngine.NVIDIAModule.dll_C9C66D6C0FCD0E06.mvfrm
[ 929/1771  0s] MovedFromExtractor Library/Bee/artifacts/mvdfrm/Unity.Burst.Cecil.dll_D730C687224B8D0D.mvfrm
[ 930/1771  0s] MovedFromExtractor Library/Bee/artifacts/mvdfrm/Unity.Burst.Unsafe.dll_367F88A078579676.mvfrm
[ 931/1771  0s] MovedFromExtractor Library/Bee/artifacts/mvdfrm/Unity.Burst.Cecil.Pdb.dll_8728889FC6422D0D.mvfrm
[ 932/1771  0s] MovedFromExtractor Library/Bee/artifacts/mvdfrm/Unity.CompilationPipeline.Common.dll_C3AD898C204B6BFD.mvfrm
[ 933/1771  0s] MovedFromExtractor-Combine Library/Bee/artifacts/1900b0aEDbg.dag/UnityEngine.TestRunner.dll.mvfrm
[ 934/1771  0s] MovedFromExtractor Library/Bee/artifacts/mvdfrm/Unity.Burst.Cecil.Rocks.dll_B7B051B9044B80CD.mvfrm
[ 935/1771  0s] MovedFromExtractor Library/Bee/artifacts/mvdfrm/Unity.Burst.Cecil.Mdb.dll_6FD61030478D2B8A.mvfrm
[ 935/1771  0s] Csc Library/Bee/artifacts/1900b0aEDbg.dag/UnityEngine.TestRunner.dll (+2 others) [CacheHit cf08ae68c6146d6f96071237f37d80c700000000000000000000000000000006]
[ 936/1771  0s] Csc Library/Bee/artifacts/1900b0aEDbg.dag/UnityEngine.TestRunner.dll (+2 others)
[ 938/1771  0s] CopyFiles Library/ScriptAssemblies/UnityEngine.TestRunner.pdb
[ 939/1771  0s] MovedFromExtractor-Combine Library/Bee/artifacts/1900b0aEDbg.dag/LocalizedDomain.Core.dll.mvfrm
[ 940/1771  0s] MovedFromExtractor-Combine Library/Bee/artifacts/1900b0aEDbg.dag/UnityEngine.UI.dll.mvfrm
[ 939/1771  0s] Csc Library/Bee/artifacts/1900b0aEDbg.dag/UnityEngine.UI.dll (+2 others) [CacheHit fd3bc820c76313e68b71585ff08b3dba00000000000000000000000000000006]
[ 941/1771  0s] Csc Library/Bee/artifacts/1900b0aEDbg.dag/UnityEngine.UI.dll (+2 others)
[ 943/1771  0s] CopyFiles Library/ScriptAssemblies/UnityEngine.TestRunner.dll
[ 944/1771  0s] MovedFromExtractor Library/Bee/artifacts/mvdfrm/UnityEngine.TestRunner.ref.dll_090C4A8A7C09A9C7.mvfrm
[ 945/1771  0s] MovedFromExtractor Library/Bee/artifacts/mvdfrm/UnityEngine.UI.ref.dll_1A140323D56DB509.mvfrm
[ 946/1771  0s] Csc Library/Bee/artifacts/1900b0aEDbg.dag/LocalizedDomain.Core.dll (+2 others)
[ 947/1771  0s] MovedFromExtractor-Combine Library/Bee/artifacts/1900b0aEDbg.dag/UnityEditor.TestRunner.dll.mvfrm
[ 945/1771  0s] Csc Library/Bee/artifacts/1900b0aEDbg.dag/UnityEditor.TestRunner.dll (+2 others) [CacheHit 64445412d12a2a09cf09c80dc58ea3e500000000000000000000000000000006]
[ 948/1771  0s] Csc Library/Bee/artifacts/1900b0aEDbg.dag/UnityEditor.TestRunner.dll (+2 others)
[ 950/1771  0s] CopyFiles Library/ScriptAssemblies/UnityEditor.TestRunner.pdb
[ 951/1771  0s] MovedFromExtractor Library/Bee/artifacts/mvdfrm/UnityEditor.TestRunner.ref.dll_3CEDFFDC50464BDC.mvfrm
[ 952/1771  0s] CopyFiles Library/ScriptAssemblies/UnityEditor.TestRunner.dll
[ 953/1771  0s] MovedFromExtractor-Combine Library/Bee/artifacts/1900b0aEDbg.dag/UnityEditor.UI.dll.mvfrm
[ 950/1771  0s] Csc Library/Bee/artifacts/1900b0aEDbg.dag/UnityEditor.UI.dll (+2 others) [CacheHit c4e475c4a6034a3cd2c8bc88a7e558a800000000000000000000000000000006]
[ 954/1771  0s] Csc Library/Bee/artifacts/1900b0aEDbg.dag/UnityEditor.UI.dll (+2 others)
[ 956/1771  0s] MovedFromExtractor Library/Bee/artifacts/mvdfrm/UnityEditor.UI.ref.dll_5DAE2CC8CF4B8C9E.mvfrm
[ 957/1771  0s] MovedFromExtractor-Combine Library/Bee/artifacts/1900b0aEDbg.dag/Unity.Timeline.dll.mvfrm
[ 958/1771  0s] MovedFromExtractor-Combine Library/Bee/artifacts/1900b0aEDbg.dag/Unity.ProBuilder.Poly2Tri.dll.mvfrm
[ 959/1771  0s] MovedFromExtractor-Combine Library/Bee/artifacts/1900b0aEDbg.dag/Unity.ShaderGraph.Utilities.dll.mvfrm
[ 960/1771  0s] MovedFromExtractor-Combine Library/Bee/artifacts/1900b0aEDbg.dag/Unity.Settings.Editor.dll.mvfrm
[ 961/1771  0s] MovedFromExtractor-Combine Library/Bee/artifacts/1900b0aEDbg.dag/Unity.Profiling.Core.dll.mvfrm
[ 962/1771  0s] MovedFromExtractor-Combine Library/Bee/artifacts/1900b0aEDbg.dag/Unity.ProBuilder.Csg.dll.mvfrm
[ 963/1771  0s] MovedFromExtractor-Combine Library/Bee/artifacts/1900b0aEDbg.dag/Unity.InternalAPIEngineBridge.RenderPipelines.Core.Editor.dll.mvfrm
[ 964/1771  0s] MovedFromExtractor-Combine Library/Bee/artifacts/1900b0aEDbg.dag/Unity.Burst.dll.mvfrm
[ 965/1771  0s] MovedFromExtractor-Combine Library/Bee/artifacts/1900b0aEDbg.dag/DialogSystem.Runtime.dll.mvfrm
[ 966/1771  0s] MovedFromExtractor-Combine Library/Bee/artifacts/1900b0aEDbg.dag/MVVM.Reactive.dll.mvfrm
[ 967/1771  0s] MovedFromExtractor-Combine Library/Bee/artifacts/1900b0aEDbg.dag/Unity.VisualScripting.Core.dll.mvfrm
[ 968/1771  0s] MovedFromExtractor-Combine Library/Bee/artifacts/1900b0aEDbg.dag/Unity.Mathematics.dll.mvfrm
[ 969/1771  0s] MovedFromExtractor-Combine Library/Bee/artifacts/1900b0aEDbg.dag/Unity.Searcher.Editor.dll.mvfrm
[ 970/1771  0s] MovedFromExtractor-Combine Library/Bee/artifacts/1900b0aEDbg.dag/LocalizedDomain.Unity.dll.mvfrm
[ 971/1771  0s] MovedFromExtractor-Combine Library/Bee/artifacts/1900b0aEDbg.dag/Disposable.dll.mvfrm
[ 972/1771  0s] MovedFromExtractor-Combine Library/Bee/artifacts/1900b0aEDbg.dag/Unity.InternalAPIEngineBridge.RenderPipelines.Core.Runtime.Shared.dll.mvfrm
[ 973/1771  0s] MovedFromExtractor-Combine Library/Bee/artifacts/1900b0aEDbg.dag/UniTask.dll.mvfrm
[ 974/1771  0s] MovedFromExtractor-Combine Library/Bee/artifacts/1900b0aEDbg.dag/Unity.ScriptableBuildPipeline.dll.mvfrm
[ 975/1771  0s] MovedFromExtractor-Combine Library/Bee/artifacts/1900b0aEDbg.dag/Unity.ProBuilder.AssetIdRemapUtility.dll.mvfrm
[ 976/1771  0s] MovedFromExtractor-Combine Library/Bee/artifacts/1900b0aEDbg.dag/Unity.ProBuilder.KdTree.dll.mvfrm
[ 977/1771  0s] MovedFromExtractor-Combine Library/Bee/artifacts/1900b0aEDbg.dag/Unity.InternalAPIEditorBridge.ShaderGraph.Editor.dll.mvfrm
[ 978/1771  0s] MovedFromExtractor-Combine Library/Bee/artifacts/1900b0aEDbg.dag/Unity.ProBuilder.Stl.dll.mvfrm
[ 979/1771  0s] MovedFromExtractor-Combine Library/Bee/artifacts/1900b0aEDbg.dag/LightDI.dll.mvfrm
[ 980/1771  0s] MovedFromExtractor-Combine Library/Bee/artifacts/1900b0aEDbg.dag/Unity.InternalAPIEngineBridge.004.dll.mvfrm
[ 976/1771  0s] Csc Library/Bee/artifacts/1900b0aEDbg.dag/Unity.ShaderGraph.Utilities.dll (+2 others) [CacheHit e6fc101dc2bbe42aa0489fdc462330c600000000000000000000000000000006]
[ 981/1771  0s] Csc Library/Bee/artifacts/1900b0aEDbg.dag/Unity.ShaderGraph.Utilities.dll (+2 others)
[ 977/1771  0s] Csc Library/Bee/artifacts/1900b0aEDbg.dag/Unity.ProBuilder.Csg.dll (+2 others) [CacheHit 7db86e36862b629eb47c97284c1879b100000000000000000000000000000006]
[ 983/1771  0s] Csc Library/Bee/artifacts/1900b0aEDbg.dag/Unity.ProBuilder.Csg.dll (+2 others)
[ 978/1771  0s] Csc Library/Bee/artifacts/1900b0aEDbg.dag/Unity.ScriptableBuildPipeline.dll (+2 others) [CacheHit 813a7976a0a7c450e1e5d8e7ff35cd2200000000000000000000000000000006]
[ 985/1771  0s] Csc Library/Bee/artifacts/1900b0aEDbg.dag/Unity.ScriptableBuildPipeline.dll (+2 others)
[ 979/1771  0s] Csc Library/Bee/artifacts/1900b0aEDbg.dag/Unity.ProBuilder.AssetIdRemapUtility.dll (+2 others) [CacheHit e597402a1ed6db364ee5cd298c4e814b00000000000000000000000000000006]
[ 987/1771  0s] Csc Library/Bee/artifacts/1900b0aEDbg.dag/Unity.ProBuilder.AssetIdRemapUtility.dll (+2 others)
[ 980/1771  0s] Csc Library/Bee/artifacts/1900b0aEDbg.dag/Unity.Settings.Editor.dll (+2 others) [CacheHit 816c6281fa44090b7c0b9374f9fc83a100000000000000000000000000000006]
[ 989/1771  0s] Csc Library/Bee/artifacts/1900b0aEDbg.dag/Unity.Settings.Editor.dll (+2 others)
[ 981/1771  0s] Csc Library/Bee/artifacts/1900b0aEDbg.dag/Unity.ProBuilder.Poly2Tri.dll (+2 others) [CacheHit 5a45ee8e1b4c3ff7458fb5dcdba26c0800000000000000000000000000000006]
[ 991/1771  0s] Csc Library/Bee/artifacts/1900b0aEDbg.dag/Unity.ProBuilder.Poly2Tri.dll (+2 others)
[ 982/1771  0s] Csc Library/Bee/artifacts/1900b0aEDbg.dag/Unity.Timeline.dll (+2 others) [CacheHit 53c3139e48fb920a65ee488f714d15d800000000000000000000000000000006]
[ 993/1771  0s] Csc Library/Bee/artifacts/1900b0aEDbg.dag/Unity.Timeline.dll (+2 others)
[ 983/1771  0s] Csc Library/Bee/artifacts/1900b0aEDbg.dag/Unity.InternalAPIEngineBridge.RenderPipelines.Core.Editor.dll (+2 others) [CacheHit 3481052a1ba095eddeb99fb3b466ae5900000000000000000000000000000006]
[ 995/1771  0s] Csc Library/Bee/artifacts/1900b0aEDbg.dag/Unity.InternalAPIEngineBridge.RenderPipelines.Core.Editor.dll (+2 others)
[ 984/1771  0s] Csc Library/Bee/artifacts/1900b0aEDbg.dag/Unity.Burst.dll (+2 others) [CacheHit 43542aca86b94a0e9ff50dbe0d4ce9c500000000000000000000000000000006]
[ 997/1771  0s] Csc Library/Bee/artifacts/1900b0aEDbg.dag/Unity.Burst.dll (+2 others)
[ 985/1771  0s] Csc Library/Bee/artifacts/1900b0aEDbg.dag/UniTask.dll (+2 others) [CacheHit 3f077f11677455c0e92238857f6decc200000000000000000000000000000006]
[ 999/1771  0s] Csc Library/Bee/artifacts/1900b0aEDbg.dag/UniTask.dll (+2 others)
[ 986/1771  0s] Csc Library/Bee/artifacts/1900b0aEDbg.dag/Unity.Mathematics.dll (+2 others) [CacheHit 5b2a33a3464b78bb3166838beeee132800000000000000000000000000000006]
[1001/1771  0s] Csc Library/Bee/artifacts/1900b0aEDbg.dag/Unity.Mathematics.dll (+2 others)
[ 987/1771  0s] Csc Library/Bee/artifacts/1900b0aEDbg.dag/Unity.ProBuilder.KdTree.dll (+2 others) [CacheHit 91aa6b4f630c142b3f7b999bf9f9283700000000000000000000000000000006]
[1003/1771  0s] Csc Library/Bee/artifacts/1900b0aEDbg.dag/Unity.ProBuilder.KdTree.dll (+2 others)
[ 988/1771  0s] Csc Library/Bee/artifacts/1900b0aEDbg.dag/Unity.InternalAPIEngineBridge.RenderPipelines.Core.Runtime.Shared.dll (+2 others) [CacheHit 0f702f3251624f5c83e335fca95f957800000000000000000000000000000006]
[1005/1771  0s] Csc Library/Bee/artifacts/1900b0aEDbg.dag/Unity.InternalAPIEngineBridge.RenderPipelines.Core.Runtime.Shared.dll (+2 others)
[ 989/1771  0s] Csc Library/Bee/artifacts/1900b0aEDbg.dag/Unity.Searcher.Editor.dll (+2 others) [CacheHit a9e7bf178409d1dfaf1d8ba9d4f691d000000000000000000000000000000006]
[1007/1771  0s] Csc Library/Bee/artifacts/1900b0aEDbg.dag/Unity.Searcher.Editor.dll (+2 others)
[ 990/1771  0s] Csc Library/Bee/artifacts/1900b0aEDbg.dag/Unity.Profiling.Core.dll (+2 others) [CacheHit 97aa12d8a1269283e5503c7312d9edb600000000000000000000000000000006]
[1009/1771  0s] Csc Library/Bee/artifacts/1900b0aEDbg.dag/Unity.Profiling.Core.dll (+2 others)
[ 991/1771  0s] Csc Library/Bee/artifacts/1900b0aEDbg.dag/Unity.InternalAPIEditorBridge.ShaderGraph.Editor.dll (+2 others) [CacheHit 4293bba36eba26a5706010262aa5a66200000000000000000000000000000006]
[1011/1771  0s] Csc Library/Bee/artifacts/1900b0aEDbg.dag/Unity.InternalAPIEditorBridge.ShaderGraph.Editor.dll (+2 others)
[ 992/1771  0s] Csc Library/Bee/artifacts/1900b0aEDbg.dag/Unity.ProBuilder.Stl.dll (+2 others) [CacheHit 039acadc0e4f584f8caed1840c7d225f00000000000000000000000000000006]
[1013/1771  0s] Csc Library/Bee/artifacts/1900b0aEDbg.dag/Unity.ProBuilder.Stl.dll (+2 others)
[ 993/1771  0s] Csc Library/Bee/artifacts/1900b0aEDbg.dag/Unity.InternalAPIEngineBridge.004.dll (+2 others) [CacheHit ceb06c16fcfd1f56d4226bc32c38b6dd00000000000000000000000000000006]
[1015/1771  0s] Csc Library/Bee/artifacts/1900b0aEDbg.dag/Unity.InternalAPIEngineBridge.004.dll (+2 others)
[ 994/1771  0s] Csc Library/Bee/artifacts/1900b0aEDbg.dag/Unity.VisualScripting.Core.dll (+2 others) [CacheHit 932a5773dad207cb60474a3fb02c010c00000000000000000000000000000006]
[1017/1771  0s] Csc Library/Bee/artifacts/1900b0aEDbg.dag/Unity.VisualScripting.Core.dll (+2 others)
[1019/1771  0s] MovedFromExtractor-Combine Library/Bee/artifacts/1900b0aEDbg.dag/BehaviourTree.dll.mvfrm
[1020/1771  0s] MovedFromExtractor-Combine Library/Bee/artifacts/1900b0aEDbg.dag/MVP.dll.mvfrm
[1021/1771  0s] MovedFromExtractor Library/Bee/artifacts/mvdfrm/Unity.ScriptableBuildPipeline.ref.dll_9CC2337DD9A84A7A.mvfrm
[1022/1771  0s] MovedFromExtractor Library/Bee/artifacts/mvdfrm/Unity.ProBuilder.AssetIdRemapUtility.ref.dll_9A4910B223D3D1A5.mvfrm
[1023/1771  0s] MovedFromExtractor Library/Bee/artifacts/mvdfrm/Unity.ShaderGraph.Utilities.ref.dll_32B87C1AE95FBD24.mvfrm
[1024/1771  0s] MovedFromExtractor Library/Bee/artifacts/mvdfrm/Unity.ProBuilder.Poly2Tri.ref.dll_C34B41F7D8382524.mvfrm
[1025/1771  0s] MovedFromExtractor Library/Bee/artifacts/mvdfrm/Unity.Settings.Editor.ref.dll_7FC13EE358CAD697.mvfrm
[1026/1771  0s] MovedFromExtractor Library/Bee/artifacts/mvdfrm/Unity.ProBuilder.Csg.ref.dll_11D530B985DA79FE.mvfrm
[1027/1771  0s] MovedFromExtractor Library/Bee/artifacts/mvdfrm/Unity.InternalAPIEditorBridge.ShaderGraph.Editor.ref.dll_B735A76068DECA24.mvfrm
[1028/1771  0s] MovedFromExtractor Library/Bee/artifacts/mvdfrm/Unity.Profiling.Core.ref.dll_DB5DBB5A21097A5E.mvfrm
[1029/1771  0s] MovedFromExtractor Library/Bee/artifacts/mvdfrm/Unity.Burst.ref.dll_A9D47564F0C574EF.mvfrm
[1030/1771  0s] MovedFromExtractor Library/Bee/artifacts/mvdfrm/Unity.InternalAPIEngineBridge.RenderPipelines.Core.Runtime.Shared.ref.dll_3A530D79A20BC870.mvfrm
[1031/1771  0s] MovedFromExtractor Library/Bee/artifacts/mvdfrm/Unity.Mathematics.ref.dll_09002A919DF91B75.mvfrm
[1032/1771  0s] MovedFromExtractor Library/Bee/artifacts/mvdfrm/Unity.Searcher.Editor.ref.dll_131E0B0FB16513F5.mvfrm
[1033/1771  0s] MovedFromExtractor Library/Bee/artifacts/mvdfrm/Unity.InternalAPIEngineBridge.RenderPipelines.Core.Editor.ref.dll_A8781926478DBEC2.mvfrm
[1034/1771  0s] MovedFromExtractor Library/Bee/artifacts/mvdfrm/Unity.ProBuilder.KdTree.ref.dll_2BA04A9A84D7F676.mvfrm
[1035/1771  0s] MovedFromExtractor Library/Bee/artifacts/mvdfrm/Unity.Timeline.ref.dll_733236CB90539738.mvfrm
[1036/1771  0s] MovedFromExtractor Library/Bee/artifacts/mvdfrm/Unity.ProBuilder.Stl.ref.dll_7A3D8D04BDCA6202.mvfrm
[1037/1771  0s] Csc Library/Bee/artifacts/1900b0aEDbg.dag/LocalizedDomain.Unity.dll (+2 others)
[1038/1771  0s] MovedFromExtractor Library/Bee/artifacts/mvdfrm/Unity.VisualScripting.Core.ref.dll_2F2D99604E6B235D.mvfrm
[1039/1771  0s] MovedFromExtractor Library/Bee/artifacts/mvdfrm/Unity.InternalAPIEngineBridge.004.ref.dll_B8264E1028DEF94D.mvfrm
[1040/1771  0s] MovedFromExtractor-Combine Library/Bee/artifacts/1900b0aEDbg.dag/DialogSystem.Flow.dll.mvfrm
[1041/1771  0s] MovedFromExtractor-Combine Library/Bee/artifacts/1900b0aEDbg.dag/Observer.dll.mvfrm
[1042/1771  0s] Csc Library/Bee/artifacts/1900b0aEDbg.dag/DialogSystem.Runtime.dll (+2 others)
[1043/1771  0s] Csc Library/Bee/artifacts/1900b0aEDbg.dag/Disposable.dll (+2 others)
[1044/1771  0s] MovedFromExtractor-Combine Library/Bee/artifacts/1900b0aEDbg.dag/Config.dll.mvfrm
[1045/1771  0s] MovedFromExtractor-Combine Library/Bee/artifacts/1900b0aEDbg.dag/Unity.ScriptableBuildPipeline.Editor.dll.mvfrm
[1046/1771  0s] Csc Library/Bee/artifacts/1900b0aEDbg.dag/LightDI.dll (+2 others)
[1047/1771  0s] MovedFromExtractor-Combine Library/Bee/artifacts/1900b0aEDbg.dag/Unity.Collections.dll.mvfrm
[1048/1771  0s] MovedFromExtractor-Combine Library/Bee/artifacts/1900b0aEDbg.dag/MVVM.Core.dll.mvfrm
[1049/1771  0s] MovedFromExtractor-Combine Library/Bee/artifacts/1900b0aEDbg.dag/Unity.Rider.Editor.dll.mvfrm
[1050/1771  0s] MovedFromExtractor-Combine Library/Bee/artifacts/1900b0aEDbg.dag/Unity.Burst.Editor.dll.mvfrm
[1051/1771  0s] MovedFromExtractor-Combine Library/Bee/artifacts/1900b0aEDbg.dag/Unity.Cursor.Editor.dll.mvfrm
[1052/1771  0s] MovedFromExtractor-Combine Library/Bee/artifacts/1900b0aEDbg.dag/Unity.Splines.dll.mvfrm
[1053/1771  0s] MovedFromExtractor-Combine Library/Bee/artifacts/1900b0aEDbg.dag/LightDI.Example.dll.mvfrm
[1054/1771  0s] MovedFromExtractor-Combine Library/Bee/artifacts/1900b0aEDbg.dag/Unity.Burst.CodeGen.dll.mvfrm
[1055/1771  0s] MovedFromExtractor-Combine Library/Bee/artifacts/1900b0aEDbg.dag/Unity.ResourceManager.dll.mvfrm
[1056/1771  0s] MovedFromExtractor-Combine Library/Bee/artifacts/1900b0aEDbg.dag/MCPForUnity.Runtime.dll.mvfrm
[1057/1771  0s] MovedFromExtractor-Combine Library/Bee/artifacts/1900b0aEDbg.dag/Unity.VisualEffectGraph.Runtime.dll.mvfrm
[1058/1771  0s] MovedFromExtractor-Combine Library/Bee/artifacts/1900b0aEDbg.dag/Unity.VisualStudio.Editor.dll.mvfrm
[1035/1771  0s] Csc Library/Bee/artifacts/1900b0aEDbg.dag/Unity.Burst.Editor.dll (+2 others) [CacheHit 8ab47a68c536b2191172afae4526582800000000000000000000000000000006]
[1059/1771  0s] Csc Library/Bee/artifacts/1900b0aEDbg.dag/Unity.Burst.Editor.dll (+2 others)
[1061/1771  0s] MovedFromExtractor-Combine Library/Bee/artifacts/1900b0aEDbg.dag/Unity.Timeline.Editor.dll.mvfrm
[1037/1771  0s] Csc Library/Bee/artifacts/1900b0aEDbg.dag/Unity.ScriptableBuildPipeline.Editor.dll (+2 others) [CacheHit 02aea0b89588ad1dae86c46fbc9f1f7000000000000000000000000000000006]
[1062/1771  0s] Csc Library/Bee/artifacts/1900b0aEDbg.dag/Unity.ScriptableBuildPipeline.Editor.dll (+2 others)
[1038/1771  0s] Csc Library/Bee/artifacts/1900b0aEDbg.dag/Unity.Collections.dll (+2 others) [CacheHit b782e8f631e7ffd5bc40e015f1c2198100000000000000000000000000000006]
[1064/1771  0s] Csc Library/Bee/artifacts/1900b0aEDbg.dag/Unity.Collections.dll (+2 others)
[1039/1771  0s] Csc Library/Bee/artifacts/1900b0aEDbg.dag/Unity.Splines.dll (+2 others) [CacheHit 7a4b9863804f545e6b2567f4e931bcf600000000000000000000000000000006]
[1066/1771  0s] Csc Library/Bee/artifacts/1900b0aEDbg.dag/Unity.Splines.dll (+2 others)
[1040/1771  0s] Csc Library/Bee/artifacts/1900b0aEDbg.dag/Unity.Burst.CodeGen.dll (+2 others) [CacheHit efa094946e4beefd5ac44c40df1c932300000000000000000000000000000006]
[1068/1771  0s] Csc Library/Bee/artifacts/1900b0aEDbg.dag/Unity.Burst.CodeGen.dll (+2 others)
[1070/1771  0s] MovedFromExtractor-Combine Library/Bee/artifacts/1900b0aEDbg.dag/Unity.VisualScripting.Flow.dll.mvfrm
[1071/1771  0s] MovedFromExtractor-Combine Library/Bee/artifacts/1900b0aEDbg.dag/Unity.Rendering.LightTransport.Editor.dll.mvfrm
[1072/1771  0s] MovedFromExtractor-Combine Library/Bee/artifacts/1900b0aEDbg.dag/Unity.VisualScripting.Core.Editor.dll.mvfrm
[1073/1771  0s] MovedFromExtractor-Combine Library/Bee/artifacts/1900b0aEDbg.dag/Unity.TextMeshPro.dll.mvfrm
[1074/1771  0s] MovedFromExtractor-Combine Library/Bee/artifacts/1900b0aEDbg.dag/Unity.RenderPipelines.Universal.Shaders.dll.mvfrm
[1075/1771  0s] Csc Library/Bee/artifacts/1900b0aEDbg.dag/BehaviourTree.dll (+2 others)
[1076/1771  0s] MovedFromExtractor-Combine Library/Bee/artifacts/1900b0aEDbg.dag/Unity.RenderPipelines.Core.ShaderLibrary.dll.mvfrm
[1048/1771  0s] Csc Library/Bee/artifacts/1900b0aEDbg.dag/Unity.ResourceManager.dll (+2 others) [CacheHit a2f1c1dd88b8c34e3bf74c15dbffc8ba00000000000000000000000000000006]
[1077/1771  0s] Csc Library/Bee/artifacts/1900b0aEDbg.dag/Unity.ResourceManager.dll (+2 others)
[1049/1771  0s] Csc Library/Bee/artifacts/1900b0aEDbg.dag/MCPForUnity.Runtime.dll (+2 others) [CacheHit 919ec6b53a1833dce7bc0e7f56f2e48300000000000000000000000000000006]
[1079/1771  0s] Csc Library/Bee/artifacts/1900b0aEDbg.dag/MCPForUnity.Runtime.dll (+2 others)
[1081/1771  0s] MovedFromExtractor-Combine Library/Bee/artifacts/1900b0aEDbg.dag/Unity.RenderPipelines.ShaderGraph.ShaderGraphLibrary.dll.mvfrm
[1051/1771  0s] Csc Library/Bee/artifacts/1900b0aEDbg.dag/Unity.Rendering.LightTransport.Editor.dll (+2 others) [CacheHit e4e3ed5344c76cfb1e9c8a26ee7ae88d00000000000000000000000000000006]
[1082/1771  0s] Csc Library/Bee/artifacts/1900b0aEDbg.dag/Unity.Rendering.LightTransport.Editor.dll (+2 others)
[1052/1771  0s] Csc Library/Bee/artifacts/1900b0aEDbg.dag/Unity.VisualEffectGraph.Runtime.dll (+2 others) [CacheHit 8606fc0b55f20b64d0e0fe7af1a4299c00000000000000000000000000000006]
[1084/1771  0s] Csc Library/Bee/artifacts/1900b0aEDbg.dag/Unity.VisualEffectGraph.Runtime.dll (+2 others)
[1053/1771  0s] Csc Library/Bee/artifacts/1900b0aEDbg.dag/Unity.Timeline.Editor.dll (+2 others) [CacheHit 7eec005a19c8c20d2566483406b3916a00000000000000000000000000000006]
[1086/1771  0s] Csc Library/Bee/artifacts/1900b0aEDbg.dag/Unity.Timeline.Editor.dll (+2 others)
[1054/1771  0s] Csc Library/Bee/artifacts/1900b0aEDbg.dag/Unity.Rider.Editor.dll (+2 others) [CacheHit aed09898a62a682e0b93e4ff77cda9c800000000000000000000000000000006]
[1088/1771  0s] Csc Library/Bee/artifacts/1900b0aEDbg.dag/Unity.Rider.Editor.dll (+2 others)
[1055/1771  0s] Csc Library/Bee/artifacts/1900b0aEDbg.dag/Unity.TextMeshPro.dll (+2 others) [CacheHit 5b87239ab2ec097c2d8461ac2c1ae19200000000000000000000000000000006]
[1090/1771  0s] Csc Library/Bee/artifacts/1900b0aEDbg.dag/Unity.TextMeshPro.dll (+2 others)
[1056/1771  0s] Csc Library/Bee/artifacts/1900b0aEDbg.dag/Unity.RenderPipelines.Universal.Shaders.dll (+2 others) [CacheHit 52e3591da4be63d72af5087b459e43c100000000000000000000000000000006]
[1092/1771  0s] Csc Library/Bee/artifacts/1900b0aEDbg.dag/Unity.RenderPipelines.Universal.Shaders.dll (+2 others)
[1057/1771  0s] Csc Library/Bee/artifacts/1900b0aEDbg.dag/Unity.VisualStudio.Editor.dll (+2 others) [CacheHit c050a468e34500702a00aeb433d4e8b600000000000000000000000000000006]
[1094/1771  0s] Csc Library/Bee/artifacts/1900b0aEDbg.dag/Unity.VisualStudio.Editor.dll (+2 others)
[1058/1771  0s] Csc Library/Bee/artifacts/1900b0aEDbg.dag/Unity.VisualScripting.Flow.dll (+2 others) [CacheHit b58b3175e53b17ad2d4594980c5f330000000000000000000000000000000006]
[1096/1771  0s] Csc Library/Bee/artifacts/1900b0aEDbg.dag/Unity.VisualScripting.Flow.dll (+2 others)
[1059/1771  0s] Csc Library/Bee/artifacts/1900b0aEDbg.dag/Unity.VisualScripting.Core.Editor.dll (+2 others) [CacheHit 9ce8dcf1bd7ebebfdb71e32903918b4200000000000000000000000000000006]
[1098/1771  0s] Csc Library/Bee/artifacts/1900b0aEDbg.dag/Unity.VisualScripting.Core.Editor.dll (+2 others)
[1060/1771  0s] Csc Library/Bee/artifacts/1900b0aEDbg.dag/Unity.RenderPipelines.ShaderGraph.ShaderGraphLibrary.dll (+2 others) [CacheHit 010c64333cfb86a52d949ca94291872f00000000000000000000000000000006]
[1100/1771  0s] Csc Library/Bee/artifacts/1900b0aEDbg.dag/Unity.RenderPipelines.ShaderGraph.ShaderGraphLibrary.dll (+2 others)
[1061/1771  0s] Csc Library/Bee/artifacts/1900b0aEDbg.dag/Unity.RenderPipelines.Core.ShaderLibrary.dll (+2 others) [CacheHit 1437c5b9a07cd801ea48ede3e748333700000000000000000000000000000006]
[1102/1771  0s] Csc Library/Bee/artifacts/1900b0aEDbg.dag/Unity.RenderPipelines.Core.ShaderLibrary.dll (+2 others)
[1062/1771  0s] Csc Library/Bee/artifacts/1900b0aEDbg.dag/Unity.Cursor.Editor.dll (+2 others) [CacheHit 171267dfe3e1405d907048aa4ae28f6f00000000000000000000000000000006]
[1104/1771  0s] Csc Library/Bee/artifacts/1900b0aEDbg.dag/Unity.Cursor.Editor.dll (+2 others)
[1106/1771  0s] MovedFromExtractor Library/Bee/artifacts/mvdfrm/Unity.Splines.ref.dll_CD3BC4E940113B11.mvfrm
[1107/1771  0s] Csc Library/Bee/artifacts/1900b0aEDbg.dag/DialogSystem.Flow.dll (+2 others)
[1108/1771  0s] MovedFromExtractor Library/Bee/artifacts/mvdfrm/Unity.Burst.Editor.ref.dll_4F7B73E229D756B2.mvfrm
[1109/1771  0s] MovedFromExtractor Library/Bee/artifacts/mvdfrm/Unity.Collections.ref.dll_857DC386F81DA2F4.mvfrm
[1110/1771  0s] MovedFromExtractor Library/Bee/artifacts/mvdfrm/Unity.ScriptableBuildPipeline.Editor.ref.dll_4402053C4F6AC2D7.mvfrm
[1111/1771  0s] Csc Library/Bee/artifacts/1900b0aEDbg.dag/Observer.dll (+2 others)
[1112/1771  0s] Csc Library/Bee/artifacts/1900b0aEDbg.dag/MVVM.Reactive.dll (+2 others)
[1113/1771  0s] MovedFromExtractor-Combine Library/Bee/artifacts/1900b0aEDbg.dag/Root.dll.mvfrm
[1114/1771  0s] Csc Library/Bee/artifacts/1900b0aEDbg.dag/LightDI.Example.dll (+2 others)
[1115/1771  0s] MovedFromExtractor-Combine Library/Bee/artifacts/1900b0aEDbg.dag/BehaviourTree.Example.dll.mvfrm
[1116/1771  0s] Csc Library/Bee/artifacts/1900b0aEDbg.dag/Config.dll (+2 others)
[1117/1771  0s] MovedFromExtractor-Combine Library/Bee/artifacts/1900b0aEDbg.dag/DetectionService.dll.mvfrm
[1118/1771  0s] MovedFromExtractor-Combine Library/Bee/artifacts/1900b0aEDbg.dag/LocalSaveSystem.Example.dll.mvfrm
[1119/1771  0s] MovedFromExtractor Library/Bee/artifacts/mvdfrm/Unity.ResourceManager.ref.dll_5753F7D8D23EE4AE.mvfrm
[1120/1771  0s] MovedFromExtractor Library/Bee/artifacts/mvdfrm/Unity.VisualEffectGraph.Runtime.ref.dll_B1A16512ACB78A06.mvfrm
[1121/1771  0s] MovedFromExtractor Library/Bee/artifacts/mvdfrm/Unity.TextMeshPro.ref.dll_A4B478B3CE6E8702.mvfrm
[1122/1771  0s] MovedFromExtractor-Combine Library/Bee/artifacts/1900b0aEDbg.dag/UniRx.dll.mvfrm
[1123/1771  0s] MovedFromExtractor-Combine Library/Bee/artifacts/1900b0aEDbg.dag/Unity.PerformanceTesting.dll.mvfrm
[1124/1771  0s] MovedFromExtractor Library/Bee/artifacts/mvdfrm/Unity.Timeline.Editor.ref.dll_0DA365A2C678CBF9.mvfrm
[1125/1771  0s] MovedFromExtractor-Combine Library/Bee/artifacts/1900b0aEDbg.dag/glTFast.Editor.dll.mvfrm
[1126/1771  0s] MovedFromExtractor Library/Bee/artifacts/mvdfrm/Unity.VisualScripting.Flow.ref.dll_763E79B6D074980C.mvfrm
[1127/1771  0s] MovedFromExtractor Library/Bee/artifacts/mvdfrm/Unity.VisualScripting.Core.Editor.ref.dll_065CC54F8DD2A924.mvfrm
[1128/1771  0s] MovedFromExtractor-Combine Library/Bee/artifacts/1900b0aEDbg.dag/DialogSystem.Editor.dll.mvfrm
[1129/1771  0s] Csc Library/Bee/artifacts/1900b0aEDbg.dag/MVP.dll (+2 others)
Assets\MVP\Source\Model.cs(65,26): warning CS0114: 'Model.OnDispose()' hides inherited member 'DisposableBase.OnDispose()'. To make the current member override that implementation, add the override keyword. Otherwise add the new keyword.

Assets\MVP\Source\Presenter.cs(137,26): warning CS0114: 'Presenter<TView, TModel>.OnDispose()' hides inherited member 'DisposableBase.OnDispose()'. To make the current member override that implementation, add the override keyword. Otherwise add the new keyword.

Assets\MVP\Source\View.cs(85,26): warning CS0114: 'View<TPresenter>.OnDispose()' hides inherited member 'DisposableBase.OnDispose()'. To make the current member override that implementation, add the override keyword. Otherwise add the new keyword.
[1130/1771  0s] MovedFromExtractor-Combine Library/Bee/artifacts/1900b0aEDbg.dag/Unity.UnifiedRayTracing.Runtime.dll.mvfrm
[1131/1771  0s] MovedFromExtractor-Combine Library/Bee/artifacts/1900b0aEDbg.dag/Unity.Collections.CodeGen.dll.mvfrm
[1132/1771  0s] MovedFromExtractor-Combine Library/Bee/artifacts/1900b0aEDbg.dag/Unity.Splines.Editor.dll.mvfrm
[1133/1771  0s] MovedFromExtractor-Combine Library/Bee/artifacts/1900b0aEDbg.dag/MVVM.Example.dll.mvfrm
[1134/1771  0s] MovedFromExtractor-Combine Library/Bee/artifacts/1900b0aEDbg.dag/Unity.RenderPipelines.Core.Runtime.dll.mvfrm
[1135/1771  0s] MovedFromExtractor-Combine Library/Bee/artifacts/1900b0aEDbg.dag/Unity.PlasticSCM.Editor.dll.mvfrm
[1136/1771  0s] MovedFromExtractor-Combine Library/Bee/artifacts/1900b0aEDbg.dag/Unity.Collections.Editor.dll.mvfrm
[1137/1771  0s] MovedFromExtractor-Combine Library/Bee/artifacts/1900b0aEDbg.dag/Config.Tests.dll.mvfrm
[1095/1771  0s] Csc Library/Bee/artifacts/1900b0aEDbg.dag/Unity.UnifiedRayTracing.Runtime.dll (+2 others) [CacheHit 7113d7a406d5867e845151969421c3bf00000000000000000000000000000006]
[1138/1771  0s] Csc Library/Bee/artifacts/1900b0aEDbg.dag/Unity.UnifiedRayTracing.Runtime.dll (+2 others)
[1096/1771  0s] Csc Library/Bee/artifacts/1900b0aEDbg.dag/Unity.Collections.CodeGen.dll (+2 others) [CacheHit 34a5b8947696abfb11c6f4326b1b392100000000000000000000000000000006]
[1140/1771  0s] Csc Library/Bee/artifacts/1900b0aEDbg.dag/Unity.Collections.CodeGen.dll (+2 others)
[1142/1771  0s] MovedFromExtractor-Combine Library/Bee/artifacts/1900b0aEDbg.dag/glTFast.dots.dll.mvfrm
[1143/1771  0s] MovedFromExtractor-Combine Library/Bee/artifacts/1900b0aEDbg.dag/Unity.Addressables.dll.mvfrm
[1144/1771  0s] MovedFromExtractor-Combine Library/Bee/artifacts/1900b0aEDbg.dag/LocalizedDomain.Editor.dll.mvfrm
[1100/1771  0s] Csc Library/Bee/artifacts/1900b0aEDbg.dag/Unity.Splines.Editor.dll (+2 others) [CacheHit 11b43586fee36c3c639674ced7bd077200000000000000000000000000000006]
[1145/1771  0s] Csc Library/Bee/artifacts/1900b0aEDbg.dag/Unity.Splines.Editor.dll (+2 others)
[1147/1771  0s] MovedFromExtractor-Combine Library/Bee/artifacts/1900b0aEDbg.dag/UnityEditor.UI.Analytics.dll.mvfrm
[1148/1771  0s] MovedFromExtractor-Combine Library/Bee/artifacts/1900b0aEDbg.dag/AssemblyExample.dll.mvfrm
[1103/1771  0s] Csc Library/Bee/artifacts/1900b0aEDbg.dag/Unity.Collections.Editor.dll (+2 others) [CacheHit 5cfd0f8e99f93d9ffe5301040d72b43900000000000000000000000000000006]
[1149/1771  0s] Csc Library/Bee/artifacts/1900b0aEDbg.dag/Unity.Collections.Editor.dll (+2 others)
[1151/1771  0s] MovedFromExtractor-Combine Library/Bee/artifacts/1900b0aEDbg.dag/Unity.VisualScripting.State.dll.mvfrm
[1152/1771  0s] MovedFromExtractor-Combine Library/Bee/artifacts/1900b0aEDbg.dag/MVVM.Unity.dll.mvfrm
[1153/1771  0s] MovedFromExtractor-Combine Library/Bee/artifacts/1900b0aEDbg.dag/UniTask.TextMeshPro.dll.mvfrm
[1107/1771  0s] Csc Library/Bee/artifacts/1900b0aEDbg.dag/Unity.RenderPipelines.Core.Runtime.dll (+2 others) [CacheHit e58e0bfcba28b08769bd1ddb9d66e7a100000000000000000000000000000006]
[1154/1771  0s] Csc Library/Bee/artifacts/1900b0aEDbg.dag/Unity.RenderPipelines.Core.Runtime.dll (+2 others)
[1108/1771  0s] Csc Library/Bee/artifacts/1900b0aEDbg.dag/Unity.PlasticSCM.Editor.dll (+2 others) [CacheHit cb99c20b19b15f8e768d0777ca8cde0600000000000000000000000000000006]
[1156/1771  0s] Csc Library/Bee/artifacts/1900b0aEDbg.dag/Unity.PlasticSCM.Editor.dll (+2 others)
[1109/1771  0s] Csc Library/Bee/artifacts/1900b0aEDbg.dag/UnityEditor.UI.Analytics.dll (+2 others) [CacheHit efb3b37417305afb2aeb95b94b3a454800000000000000000000000000000006]
[1158/1771  0s] Csc Library/Bee/artifacts/1900b0aEDbg.dag/UnityEditor.UI.Analytics.dll (+2 others)
[1110/1771  0s] Csc Library/Bee/artifacts/1900b0aEDbg.dag/Unity.Addressables.dll (+2 others) [CacheHit 6eaa0eee037495ac9f5a29ab739da0a600000000000000000000000000000006]
[1160/1771  0s] Csc Library/Bee/artifacts/1900b0aEDbg.dag/Unity.Addressables.dll (+2 others)
[1162/1771  0s] MovedFromExtractor-Combine Library/Bee/artifacts/1900b0aEDbg.dag/LocalizedDomain.Unity.TextMeshPro.dll.mvfrm
[1163/1771  0s] MovedFromExtractor-Combine Library/Bee/artifacts/1900b0aEDbg.dag/UniTask.Linq.dll.mvfrm
[1164/1771  0s] MovedFromExtractor-Combine Library/Bee/artifacts/1900b0aEDbg.dag/Unity.VisualScripting.Flow.Editor.dll.mvfrm
[1114/1771  0s] Csc Library/Bee/artifacts/1900b0aEDbg.dag/Unity.VisualScripting.State.dll (+2 others) [CacheHit 2727a3d307843e2bd4497e7ee8d38fd000000000000000000000000000000006]
[1165/1771  0s] Csc Library/Bee/artifacts/1900b0aEDbg.dag/Unity.VisualScripting.State.dll (+2 others)
[1167/1771  0s] MovedFromExtractor-Combine Library/Bee/artifacts/1900b0aEDbg.dag/MCPForUnity.Editor.dll.mvfrm
[1168/1771  0s] Csc Library/Bee/artifacts/1900b0aEDbg.dag/Root.dll (+2 others)
[1169/1771  0s] MovedFromExtractor-Combine Library/Bee/artifacts/1900b0aEDbg.dag/Logger.dll.mvfrm
[1170/1771  0s] MovedFromExtractor-Combine Library/Bee/artifacts/1900b0aEDbg.dag/Config.Example.dll.mvfrm
[1171/1771  0s] MovedFromExtractor-Combine Library/Bee/artifacts/1900b0aEDbg.dag/Observer.Samples.dll.mvfrm
[1172/1771  0s] Csc Library/Bee/artifacts/1900b0aEDbg.dag/MVVM.Core.dll (+2 others)
Assets\MVVM\Source\Core\View\ViewBase.cs(167,29): warning CS0114: 'ViewBase<TViewModel>.OnDispose()' hides inherited member 'DisposableBase.OnDispose()'. To make the current member override that implementation, add the override keyword. Otherwise add the new keyword.

Assets\MVVM\Source\Core\ViewModel\ViewModelBase.cs(155,29): warning CS0114: 'ViewModelBase<TModel>.OnDispose()' hides inherited member 'DisposableBase.OnDispose()'. To make the current member override that implementation, add the override keyword. Otherwise add the new keyword.
[1173/1771  0s] Csc Library/Bee/artifacts/1900b0aEDbg.dag/BehaviourTree.Example.dll (+2 others)
[1174/1771  0s] MovedFromExtractor-Combine Library/Bee/artifacts/1900b0aEDbg.dag/DialogSystem.Example.dll.mvfrm
[1175/1771  0s] MovedFromExtractor-Combine Library/Bee/artifacts/1900b0aEDbg.dag/LocalizedDomain.Example.dll.mvfrm
[1176/1771  0s] MovedFromExtractor Library/Bee/artifacts/mvdfrm/Unity.UnifiedRayTracing.Runtime.ref.dll_BD7C890244318A53.mvfrm
[1177/1771  0s] MovedFromExtractor-Combine Library/Bee/artifacts/1900b0aEDbg.dag/UniTask.DOTween.dll.mvfrm
[1178/1771  0s] Csc Library/Bee/artifacts/1900b0aEDbg.dag/DetectionService.dll (+2 others)
[1179/1771  0s] MovedFromExtractor Library/Bee/artifacts/mvdfrm/Unity.Splines.Editor.ref.dll_F98C217B864908B0.mvfrm
[1128/1771  0s] Csc Library/Bee/artifacts/1900b0aEDbg.dag/Unity.VisualScripting.Flow.Editor.dll (+2 others) [CacheHit 7560d782c0b0ec5ce3a2ddadfbe95bad00000000000000000000000000000006]
[1180/1771  0s] Csc Library/Bee/artifacts/1900b0aEDbg.dag/Unity.VisualScripting.Flow.Editor.dll (+2 others)
[1129/1771  0s] Csc Library/Bee/artifacts/1900b0aEDbg.dag/UniTask.DOTween.dll (+2 others) [CacheHit 66bcc058e7ab53b2b31dd15fc2d8e99c00000000000000000000000000000006]
[1182/1771  0s] Csc Library/Bee/artifacts/1900b0aEDbg.dag/UniTask.DOTween.dll (+2 others)
[1184/1771  0s] MovedFromExtractor Library/Bee/artifacts/mvdfrm/Unity.Addressables.ref.dll_555D8E478755474C.mvfrm
[1185/1771  0s] MovedFromExtractor-Combine Library/Bee/artifacts/1900b0aEDbg.dag/MVP.Example.dll.mvfrm
[1186/1771  0s] MovedFromExtractor-Combine Library/Bee/artifacts/1900b0aEDbg.dag/TickHandler.dll.mvfrm
[1187/1771  0s] MovedFromExtractor Library/Bee/artifacts/mvdfrm/Unity.RenderPipelines.Core.Runtime.ref.dll_7D87AD5D9C29EDF3.mvfrm
[1188/1771  0s] MovedFromExtractor-Combine Library/Bee/artifacts/1900b0aEDbg.dag/DialogSystem.Flow.Editor.dll.mvfrm
[1189/1771  0s] MovedFromExtractor-Combine Library/Bee/artifacts/1900b0aEDbg.dag/Utils.dll.mvfrm
[1136/1771  0s] Csc Library/Bee/artifacts/1900b0aEDbg.dag/UniTask.Linq.dll (+2 others) [CacheHit 6fee54302197af9ad967cf5fc3c09ae200000000000000000000000000000006]
[1190/1771  0s] Csc Library/Bee/artifacts/1900b0aEDbg.dag/UniTask.Linq.dll (+2 others)
[1137/1771  0s] Csc Library/Bee/artifacts/1900b0aEDbg.dag/UniTask.TextMeshPro.dll (+2 others) [CacheHit 48009d1a936f2847e2872f547095747200000000000000000000000000000006]
[1192/1771  0s] Csc Library/Bee/artifacts/1900b0aEDbg.dag/UniTask.TextMeshPro.dll (+2 others)
[1194/1771  0s] MovedFromExtractor Library/Bee/artifacts/mvdfrm/Unity.VisualScripting.State.ref.dll_06ABD95DCD3386E9.mvfrm
[1195/1771  0s] MovedFromExtractor Library/Bee/artifacts/mvdfrm/Unity.PlasticSCM.Editor.ref.dll_038935ADFCD4A11D.mvfrm
[1196/1771  0s] Csc Library/Bee/artifacts/1900b0aEDbg.dag/MVVM.Unity.dll (+2 others)
[1197/1771  0s] MovedFromExtractor-Combine Library/Bee/artifacts/1900b0aEDbg.dag/UniTask.Addressables.dll.mvfrm
[1198/1771  0s] MovedFromExtractor Library/Bee/artifacts/mvdfrm/UnityEditor.UI.Analytics.ref.dll_5DAFC3BAE25E48A6.mvfrm
[1143/1771  0s] Csc Library/Bee/artifacts/1900b0aEDbg.dag/MCPForUnity.Editor.dll (+2 others) [CacheHit 4cc663e3350a3986d1f284d95d2dc0b000000000000000000000000000000006]
[1199/1771  0s] Csc Library/Bee/artifacts/1900b0aEDbg.dag/MCPForUnity.Editor.dll (+2 others)
[1201/1771  0s] MovedFromExtractor-Combine Library/Bee/artifacts/1900b0aEDbg.dag/Unity.RenderPipeline.Universal.ShaderLibrary.dll.mvfrm
[1202/1771  0s] MovedFromExtractor Library/Bee/artifacts/mvdfrm/Unity.VisualScripting.Flow.Editor.ref.dll_838DADFE9CB13465.mvfrm
[1203/1771  0s] MovedFromExtractor-Combine Library/Bee/artifacts/1900b0aEDbg.dag/LocalSaveSystem.dll.mvfrm
[1204/1771  0s] MovedFromExtractor-Combine Library/Bee/artifacts/1900b0aEDbg.dag/Unity.RenderPipelines.GPUDriven.Runtime.dll.mvfrm
[1205/1771  0s] MovedFromExtractor-Combine Library/Bee/artifacts/1900b0aEDbg.dag/Unity.RenderPipelines.Core.Runtime.Shared.dll.mvfrm
[1206/1771  0s] MovedFromExtractor-Combine Library/Bee/artifacts/1900b0aEDbg.dag/Unity.PathTracing.Runtime.dll.mvfrm
[1207/1771  0s] Csc Library/Bee/artifacts/1900b0aEDbg.dag/Logger.dll (+2 others)
[1208/1771  0s] MovedFromExtractor-Combine Library/Bee/artifacts/1900b0aEDbg.dag/Unity.PlasticSCM.Editor.Assistant.dll.mvfrm
[1209/1771  0s] MovedFromExtractor-Combine Library/Bee/artifacts/1900b0aEDbg.dag/Unity.Addressables.Editor.dll.mvfrm
[1153/1771  0s] Csc Library/Bee/artifacts/1900b0aEDbg.dag/Unity.RenderPipeline.Universal.ShaderLibrary.dll (+2 others) [CacheHit 92248215855f952f1ffdb08d2b8a6af700000000000000000000000000000006]
[1210/1771  0s] Csc Library/Bee/artifacts/1900b0aEDbg.dag/Unity.RenderPipeline.Universal.ShaderLibrary.dll (+2 others)
[1212/1771  0s] Csc Library/Bee/artifacts/1900b0aEDbg.dag/Config.Example.dll (+2 others)
[1155/1771  0s] Csc Library/Bee/artifacts/1900b0aEDbg.dag/Unity.RenderPipelines.Core.Runtime.Shared.dll (+2 others) [CacheHit d735cf1e5a7396745e5ea1ca60ec0b5100000000000000000000000000000006]
[1213/1771  0s] Csc Library/Bee/artifacts/1900b0aEDbg.dag/Unity.RenderPipelines.Core.Runtime.Shared.dll (+2 others)
[1215/1771  0s] MovedFromExtractor Library/Bee/artifacts/mvdfrm/Unity.Collections.Editor.ref.dll_06943CB002554FFD.mvfrm
[1157/1771  0s] Csc Library/Bee/artifacts/1900b0aEDbg.dag/Unity.RenderPipelines.GPUDriven.Runtime.dll (+2 others) [CacheHit 977388eff6c7328dadb6c6e307b6455300000000000000000000000000000006]
[1216/1771  0s] Csc Library/Bee/artifacts/1900b0aEDbg.dag/Unity.RenderPipelines.GPUDriven.Runtime.dll (+2 others)
[1158/1771  0s] Csc Library/Bee/artifacts/1900b0aEDbg.dag/UniTask.Addressables.dll (+2 others) [CacheHit 0c8db7a38ae37b38b3d87376802331ed00000000000000000000000000000006]
[1218/1771  0s] Csc Library/Bee/artifacts/1900b0aEDbg.dag/UniTask.Addressables.dll (+2 others)
[1220/1771  0s] MovedFromExtractor-Combine Library/Bee/artifacts/1900b0aEDbg.dag/Unity.TextMeshPro.Editor.dll.mvfrm
[1221/1771  0s] MovedFromExtractor-Combine Library/Bee/artifacts/1900b0aEDbg.dag/Unity.RenderPipelines.Universal.Config.Runtime.dll.mvfrm
[1222/1771  0s] Csc Library/Bee/artifacts/1900b0aEDbg.dag/LocalizedDomain.Example.dll (+2 others)
[1223/1771  0s] Csc Library/Bee/artifacts/1900b0aEDbg.dag/Observer.Samples.dll (+2 others)
[1224/1771  0s] Csc Library/Bee/artifacts/1900b0aEDbg.dag/MVVM.Example.dll (+2 others)
[1225/1771  0s] MovedFromExtractor-Combine Library/Bee/artifacts/1900b0aEDbg.dag/ResourceLoader.dll.mvfrm
[1165/1771  0s] Csc Library/Bee/artifacts/1900b0aEDbg.dag/Unity.PathTracing.Runtime.dll (+2 others) [CacheHit 60b0731b6d75c5da7d190c0d75c17d1000000000000000000000000000000006]
[1226/1771  0s] Csc Library/Bee/artifacts/1900b0aEDbg.dag/Unity.PathTracing.Runtime.dll (+2 others)
[1166/1771  0s] Csc Library/Bee/artifacts/1900b0aEDbg.dag/Unity.PlasticSCM.Editor.Assistant.dll (+2 others) [CacheHit 9bc9ae4c5dbaad8f303cfa0c5c49edd600000000000000000000000000000006]
[1228/1771  0s] Csc Library/Bee/artifacts/1900b0aEDbg.dag/Unity.PlasticSCM.Editor.Assistant.dll (+2 others)
[1230/1771  0s] MovedFromExtractor-Combine Library/Bee/artifacts/1900b0aEDbg.dag/SceneSwitcher.dll.mvfrm
[1231/1771  0s] MovedFromExtractor-Combine Library/Bee/artifacts/1900b0aEDbg.dag/Unity.VisualScripting.State.Editor.dll.mvfrm
[1169/1771  0s] Csc Library/Bee/artifacts/1900b0aEDbg.dag/Unity.Addressables.Editor.dll (+2 others) [CacheHit 5a5b4a602bd906a0a1286a1fc5fc091900000000000000000000000000000006]
[1232/1771  0s] Csc Library/Bee/artifacts/1900b0aEDbg.dag/Unity.Addressables.Editor.dll (+2 others)
[1170/1771  0s] Csc Library/Bee/artifacts/1900b0aEDbg.dag/Unity.RenderPipelines.Universal.Config.Runtime.dll (+2 others) [CacheHit 37e8fa31ef55d17b9d38d848fcfd3ce200000000000000000000000000000006]
[1234/1771  0s] Csc Library/Bee/artifacts/1900b0aEDbg.dag/Unity.RenderPipelines.Universal.Config.Runtime.dll (+2 others)
[1171/1771  0s] Csc Library/Bee/artifacts/1900b0aEDbg.dag/Unity.TextMeshPro.Editor.dll (+2 others) [CacheHit 8ccecacefbbe73084a6bf484a25f1b0600000000000000000000000000000006]
[1236/1771  0s] Csc Library/Bee/artifacts/1900b0aEDbg.dag/Unity.TextMeshPro.Editor.dll (+2 others)
[1238/1771  0s] Csc Library/Bee/artifacts/1900b0aEDbg.dag/DialogSystem.Example.dll (+2 others)
[1239/1771  0s] Csc Library/Bee/artifacts/1900b0aEDbg.dag/LocalizedDomain.Unity.TextMeshPro.dll (+2 others)
Assets\LocalizedDomain\Runtime\TextMeshPro\LocalizedTMPText.cs(99,28): warning CS0618: 'TMP_Text.enableWordWrapping' is obsolete: 'The enabledWordWrapping property is now obsolete. Please use the textWrappingMode property instead.'

Assets\LocalizedDomain\Runtime\TextMeshPro\LocalizedTMPText.cs(108,29): warning CS0618: 'TMP_Text.enableKerning' is obsolete: 'The "enableKerning" property has been deprecated. Use the "fontFeatures" property to control what features are enabled on the text component.'

Assets\LocalizedDomain\Runtime\TextMeshPro\LocalizedTMPText.cs(133,13): warning CS0618: 'TMP_Text.enableWordWrapping' is obsolete: 'The enabledWordWrapping property is now obsolete. Please use the textWrappingMode property instead.'

Assets\LocalizedDomain\Runtime\TextMeshPro\LocalizedTMPText.cs(142,13): warning CS0618: 'TMP_Text.enableKerning' is obsolete: 'The "enableKerning" property has been deprecated. Use the "fontFeatures" property to control what features are enabled on the text component.'
[1240/1771  0s] MovedFromExtractor-Combine Library/Bee/artifacts/1900b0aEDbg.dag/Unity.VisualScripting.SettingsProvider.Editor.dll.mvfrm
[1241/1771  0s] MovedFromExtractor Library/Bee/artifacts/mvdfrm/Unity.RenderPipeline.Universal.ShaderLibrary.ref.dll_F7477446ADE85C14.mvfrm
[1176/1771  0s] Csc Library/Bee/artifacts/1900b0aEDbg.dag/Unity.VisualScripting.State.Editor.dll (+2 others) [CacheHit 0c76ecac2294fb2bbdc372ae4bae163a00000000000000000000000000000006]
[1242/1771  0s] Csc Library/Bee/artifacts/1900b0aEDbg.dag/Unity.VisualScripting.State.Editor.dll (+2 others)
[1244/1771  0s] MovedFromExtractor Library/Bee/artifacts/mvdfrm/Unity.RenderPipelines.Core.Runtime.Shared.ref.dll_6E596EB2D30A6966.mvfrm
[1245/1771  0s] MovedFromExtractor Library/Bee/artifacts/mvdfrm/Unity.RenderPipelines.GPUDriven.Runtime.ref.dll_61E448DD3ABE9966.mvfrm
[1179/1771  0s] Csc Library/Bee/artifacts/1900b0aEDbg.dag/Unity.VisualScripting.SettingsProvider.Editor.dll (+2 others) [CacheHit 38fc0301f1c8c3925a1933fd6bf72a4200000000000000000000000000000006]
[1246/1771  0s] Csc Library/Bee/artifacts/1900b0aEDbg.dag/Unity.VisualScripting.SettingsProvider.Editor.dll (+2 others)
[1248/1771  0s] MovedFromExtractor Library/Bee/artifacts/mvdfrm/Unity.PlasticSCM.Editor.Assistant.ref.dll_A6C41A31C0003F4D.mvfrm
[1249/1771  0s] MovedFromExtractor Library/Bee/artifacts/mvdfrm/Unity.Rider.Editor.ref.dll_07D7D7B7487B1198.mvfrm
[1250/1771  0s] MovedFromExtractor Library/Bee/artifacts/mvdfrm/Unity.PathTracing.Runtime.ref.dll_7074D6FEAB6AFD96.mvfrm
[1251/1771  0s] Csc Library/Bee/artifacts/1900b0aEDbg.dag/Utils.dll (+2 others)
[1252/1771  0s] MovedFromExtractor Library/Bee/artifacts/mvdfrm/Unity.Rendering.LightTransport.Editor.ref.dll_9663C94B90E9CC95.mvfrm
[1253/1771  0s] Csc Library/Bee/artifacts/1900b0aEDbg.dag/TickHandler.dll (+2 others)
[1254/1771  0s] MovedFromExtractor Library/Bee/artifacts/mvdfrm/Unity.RenderPipelines.Universal.Config.Runtime.ref.dll_BC8D5D2583D4D1E9.mvfrm
[1255/1771  0s] Csc Library/Bee/artifacts/1900b0aEDbg.dag/MVP.Example.dll (+2 others)
[1187/1771  0s] Csc Library/Bee/artifacts/1900b0aEDbg.dag/Unity.PerformanceTesting.dll (+2 others) [CacheHit 31dbd67fa54f7db095f3ffc773588fff00000000000000000000000000000006]
[1256/1771  0s] Csc Library/Bee/artifacts/1900b0aEDbg.dag/Unity.PerformanceTesting.dll (+2 others)
[1258/1771  0s] MovedFromExtractor Library/Bee/artifacts/mvdfrm/Unity.TextMeshPro.Editor.ref.dll_37E92434B2D8A6CF.mvfrm
[1259/1771  0s] MovedFromExtractor Library/Bee/artifacts/mvdfrm/Unity.VisualStudio.Editor.ref.dll_0788C6E0BDFBBC54.mvfrm
[1260/1771  0s] MovedFromExtractor Library/Bee/artifacts/mvdfrm/Unity.Addressables.Editor.ref.dll_AE648E4015073925.mvfrm
[1261/1771  0s] Csc Library/Bee/artifacts/1900b0aEDbg.dag/AssemblyExample.dll (+2 others)
[1262/1771  0s] Csc Library/Bee/artifacts/1900b0aEDbg.dag/LocalSaveSystem.dll (+2 others)
Assets\LocalSaveSystem\V2\Legacy\LegacyBinaryFormatterImporter.cs(57,22): warning CS0618: 'ISavable' is obsolete: 'Legacy API. Use SaveKey<T> + SaveStore instead.'

Assets\LocalSaveSystem\V2\Legacy\LegacyBinaryFormatterImporter.cs(64,22): warning CS0618: 'ISavable' is obsolete: 'Legacy API. Use SaveKey<T> + SaveStore instead.'

Assets\LocalSaveSystem\V2\Legacy\LegacyBinaryFormatterImporter.cs(66,41): warning CS0618: 'ISavable' is obsolete: 'Legacy API. Use SaveKey<T> + SaveStore instead.'

Assets\LocalSaveSystem\V2\Legacy\LegacyBinaryFormatterImporter.cs(66,64): warning CS0618: 'ISavable' is obsolete: 'Legacy API. Use SaveKey<T> + SaveStore instead.'

Assets\LocalSaveSystem\V2\Legacy\LegacyBinaryFormatterImporter.cs(71,20): warning CS0618: 'ISavable' is obsolete: 'Legacy API. Use SaveKey<T> + SaveStore instead.'
[1263/1771  0s] MovedFromExtractor Library/Bee/artifacts/mvdfrm/Unity.VisualScripting.State.Editor.ref.dll_8F55C37B46854258.mvfrm
[1264/1771  0s] Csc Library/Bee/artifacts/1900b0aEDbg.dag/ResourceLoader.dll (+2 others)
[1265/1771  0s] Csc Library/Bee/artifacts/1900b0aEDbg.dag/DialogSystem.Flow.Editor.dll (+2 others)
[1266/1771  0s] MovedFromExtractor-Combine Library/Bee/artifacts/1900b0aEDbg.dag/Unity.SurfaceCache.Runtime.dll.mvfrm
[1267/1771  0s] MovedFromExtractor Library/Bee/artifacts/mvdfrm/Unity.Cursor.Editor.ref.dll_B7FE1D5F996CA364.mvfrm
[1268/1771  0s] Csc Library/Bee/artifacts/1900b0aEDbg.dag/SceneSwitcher.dll (+2 others)
[1269/1771  0s] Csc Library/Bee/artifacts/1900b0aEDbg.dag/LocalizedDomain.Editor.dll (+2 others)
[1270/1771  0s] MovedFromExtractor Library/Bee/artifacts/mvdfrm/Unity.VisualScripting.SettingsProvider.Editor.ref.dll_DB47A982A779F40F.mvfrm
[1271/1771  0s] MovedFromExtractor-Combine Library/Bee/artifacts/1900b0aEDbg.dag/Unity.PathTracing.Editor.dll.mvfrm
[1272/1771  0s] MovedFromExtractor Library/Bee/artifacts/mvdfrm/Unity.RenderPipelines.Universal.Shaders.ref.dll_6157B3A3FEA4B6E7.mvfrm
[1273/1771  0s] Csc Library/Bee/artifacts/1900b0aEDbg.dag/UniRx.dll (+2 others)
Assets\Plugins\UniRx\Scripts\UnityEngineBridge\MainThreadDispatcher.cs(452,34): warning CS0618: 'Object.FindObjectOfType<T>()' is obsolete: 'Object.FindObjectOfType has been deprecated. Use Object.FindAnyObjectByType instead.'

Assets\Plugins\UniRx\Scripts\UnityEngineBridge\MainThreadDispatcher.cs(580,31): warning CS0618: 'Object.FindObjectsOfType<T>()' is obsolete: 'Object.FindObjectsOfType has been deprecated. Use Object.FindObjectsByType instead which lets you decide whether you need the results sorted or not.  FindObjectsOfType sorts the results by InstanceID but if you do not need this using FindObjectSortMode.None is considerably faster.'

Assets\Plugins\UniRx\Scripts\UnityEngineBridge\MainThreadDispatcher.cs(591,28): warning CS0618: 'Object.FindObjectOfType<T>()' is obsolete: 'Object.FindObjectOfType has been deprecated. Use Object.FindAnyObjectByType instead.'
[1205/1771  0s] Csc Library/Bee/artifacts/1900b0aEDbg.dag/Unity.SurfaceCache.Runtime.dll (+2 others) [CacheHit e540264a01ad36e3aaa8850eb271db5900000000000000000000000000000006]
[1274/1771  0s] Csc Library/Bee/artifacts/1900b0aEDbg.dag/Unity.SurfaceCache.Runtime.dll (+2 others)
[1206/1771  0s] Csc Library/Bee/artifacts/1900b0aEDbg.dag/Unity.PathTracing.Editor.dll (+2 others) [CacheHit 3d3747a4e9f8b7a637fc55fd1ed5c9ec00000000000000000000000000000006]
[1276/1771  0s] Csc Library/Bee/artifacts/1900b0aEDbg.dag/Unity.PathTracing.Editor.dll (+2 others)
[1278/1771  0s] Csc Library/Bee/artifacts/1900b0aEDbg.dag/Config.Tests.dll (+2 others)
Assets\Config\Tests\FakeObjects\FakeExecutor.cs(20,60): warning CS8632: The annotation for nullable reference types should only be used in code within a '#nullable' annotations context.

Assets\Config\Tests\FakeObjects\FakeExecutor.cs(21,85): warning CS8632: The annotation for nullable reference types should only be used in code within a '#nullable' annotations context.

Assets\Config\Tests\DependencyAwareConfigParserTests.cs(124,27): warning CS1998: This async method lacks 'await' operators and will run synchronously. Consider using the 'await' operator to await non-blocking API calls, or 'await Task.Run(...)' to do CPU-bound work on a background thread.
[1279/1771  0s] MovedFromExtractor-Combine Library/Bee/artifacts/1900b0aEDbg.dag/Unity.AutoGroupGenerator.Editor.dll.mvfrm
[1280/1771  0s] MovedFromExtractor Library/Bee/artifacts/mvdfrm/Unity.RenderPipelines.Core.ShaderLibrary.ref.dll_D525208FA1B27961.mvfrm
[1281/1771  0s] MovedFromExtractor Library/Bee/artifacts/mvdfrm/Unity.RenderPipelines.ShaderGraph.ShaderGraphLibrary.ref.dll_E04A448D99127221.mvfrm
[1282/1771  0s] MovedFromExtractor-Combine Library/Bee/artifacts/1900b0aEDbg.dag/glTFast.Newtonsoft.dll.mvfrm
[1283/1771  0s] MovedFromExtractor-Combine Library/Bee/artifacts/1900b0aEDbg.dag/Root.Example.dll.mvfrm
[1284/1771  0s] MovedFromExtractor-Combine Library/Bee/artifacts/1900b0aEDbg.dag/MVP.Tests.dll.mvfrm
[1285/1771  0s] MovedFromExtractor-Combine Library/Bee/artifacts/1900b0aEDbg.dag/Disposable.PlayModeTests.dll.mvfrm
[1286/1771  0s] MovedFromExtractor-Combine Library/Bee/artifacts/1900b0aEDbg.dag/UniRx.Examples.dll.mvfrm
[1287/1771  0s] MovedFromExtractor-Combine Library/Bee/artifacts/1900b0aEDbg.dag/Unity.VisualScripting.DocCodeExamples.dll.mvfrm
[1288/1771  0s] MovedFromExtractor-Combine Library/Bee/artifacts/1900b0aEDbg.dag/MVVM.Tests.dll.mvfrm
[1289/1771  0s] Csc Library/Bee/artifacts/1900b0aEDbg.dag/DialogSystem.Editor.dll (+2 others)
[1290/1771  0s] MovedFromExtractor-Combine Library/Bee/artifacts/1900b0aEDbg.dag/Unity.VisualScripting.Shared.Editor.dll.mvfrm
[1291/1771  0s] MovedFromExtractor-Combine Library/Bee/artifacts/1900b0aEDbg.dag/LocalizedDomain.Unity.Addressables.dll.mvfrm
[1292/1771  0s] MovedFromExtractor Library/Bee/artifacts/mvdfrm/Unity.PerformanceTesting.ref.dll_1BE8E73FED0EC9A7.mvfrm
[1293/1771  0s] MovedFromExtractor-Combine Library/Bee/artifacts/1900b0aEDbg.dag/Unity.Addressables.DocExampleCode.Editor.Tests.dll.mvfrm
[1294/1771  0s] MovedFromExtractor-Combine Library/Bee/artifacts/1900b0aEDbg.dag/glTFast.Documentation.Examples.dll.mvfrm
[1224/1771  0s] Csc Library/Bee/artifacts/1900b0aEDbg.dag/Unity.AutoGroupGenerator.Editor.dll (+2 others) [CacheHit 4cb853e9b027295ed3b3bbf476cacfe300000000000000000000000000000006]
[1295/1771  0s] Csc Library/Bee/artifacts/1900b0aEDbg.dag/Unity.AutoGroupGenerator.Editor.dll (+2 others)
[1297/1771  0s] MovedFromExtractor-Combine Library/Bee/artifacts/1900b0aEDbg.dag/ResourceLoader.Tests.dll.mvfrm
[1298/1771  0s] MovedFromExtractor-Combine Library/Bee/artifacts/1900b0aEDbg.dag/Unity.CollabProxy.Editor.dll.mvfrm
[1227/1771  0s] Csc Library/Bee/artifacts/1900b0aEDbg.dag/Unity.VisualScripting.Shared.Editor.dll (+2 others) [CacheHit 156f58c5ccedba149c59e42e964c4ae200000000000000000000000000000006]
[1299/1771  0s] Csc Library/Bee/artifacts/1900b0aEDbg.dag/Unity.VisualScripting.Shared.Editor.dll (+2 others)
[1301/1771  0s] MovedFromExtractor-Combine Library/Bee/artifacts/1900b0aEDbg.dag/Unity.PlasticSCM.Editor.Entities.dll.mvfrm
[1302/1771  0s] MovedFromExtractor-Combine Library/Bee/artifacts/1900b0aEDbg.dag/BehaviourTree.Tests.dll.mvfrm
[1303/1771  0s] MovedFromExtractor Library/Bee/artifacts/mvdfrm/Unity.SurfaceCache.Runtime.ref.dll_775056B15DCE85C6.mvfrm
[1231/1771  0s] Csc Library/Bee/artifacts/1900b0aEDbg.dag/Unity.VisualScripting.DocCodeExamples.dll (+2 others) [CacheHit 0ee4eb110bb527124cb2196e1409d8f200000000000000000000000000000006]
[1304/1771  0s] Csc Library/Bee/artifacts/1900b0aEDbg.dag/Unity.VisualScripting.DocCodeExamples.dll (+2 others)
[1306/1771  0s] MovedFromExtractor-Combine Library/Bee/artifacts/1900b0aEDbg.dag/Disposable.Tests.dll.mvfrm
[1307/1771  0s] MovedFromExtractor-Combine Library/Bee/artifacts/1900b0aEDbg.dag/Observer.Tests.dll.mvfrm
[1308/1771  0s] MovedFromExtractor-Combine Library/Bee/artifacts/1900b0aEDbg.dag/LocalSaveSystem.Tests.dll.mvfrm
[1309/1771  0s] MovedFromExtractor-Combine Library/Bee/artifacts/1900b0aEDbg.dag/DialogSystem.Tests.dll.mvfrm
[1310/1771  0s] MovedFromExtractor Library/Bee/artifacts/mvdfrm/Unity.PathTracing.Editor.ref.dll_F36D2EA3447D39C5.mvfrm
[1311/1771  0s] MovedFromExtractor-Combine Library/Bee/artifacts/1900b0aEDbg.dag/DetectionService.Tests.dll.mvfrm
[1312/1771  0s] MovedFromExtractor-Combine Library/Bee/artifacts/1900b0aEDbg.dag/NuGetForUnity.dll.mvfrm
[1313/1771  0s] MovedFromExtractor-Combine Library/Bee/artifacts/1900b0aEDbg.dag/UniTask.Editor.dll.mvfrm
[1314/1771  0s] MovedFromExtractor-Combine Library/Bee/artifacts/1900b0aEDbg.dag/Root.Tests.dll.mvfrm
[1315/1771  0s] MovedFromExtractor-Combine Library/Bee/artifacts/1900b0aEDbg.dag/LocalizedDomain.Tests.dll.mvfrm
[1316/1771  0s] MovedFromExtractor-Combine Library/Bee/artifacts/1900b0aEDbg.dag/Unity.PerformanceTesting.Editor.dll.mvfrm
[1243/1771  0s] Csc Library/Bee/artifacts/1900b0aEDbg.dag/Unity.PlasticSCM.Editor.Entities.dll (+2 others) [CacheHit fd8944a147963e04177a65688ebc448200000000000000000000000000000006]
[1317/1771  0s] Csc Library/Bee/artifacts/1900b0aEDbg.dag/Unity.PlasticSCM.Editor.Entities.dll (+2 others)
[1319/1771  0s] MovedFromExtractor-Combine Library/Bee/artifacts/1900b0aEDbg.dag/LightDI.Tests.dll.mvfrm
[           0s] Csc Library/Bee/artifacts/1900b0aEDbg.dag/UniTask.Editor.dll (+2 others) [CacheMiss 43a165af63c66d2c6fba5fa6f36f7bdf00000000000000000000000000000006]
[1245/1771  0s] Csc Library/Bee/artifacts/1900b0aEDbg.dag/NuGetForUnity.dll (+2 others) [CacheHit 52aca13227d954ae9c36bb048c7a34ac00000000000000000000000000000006]
[1320/1771  0s] Csc Library/Bee/artifacts/1900b0aEDbg.dag/NuGetForUnity.dll (+2 others)
[1322/1771  0s] MovedFromExtractor Library/Bee/artifacts/mvdfrm/Unity.AutoGroupGenerator.Editor.ref.dll_40E04AC1192A98F7.mvfrm
[1323/1771  0s] MovedFromExtractor-Combine Library/Bee/artifacts/1900b0aEDbg.dag/Unity.RenderPipelines.Universal.Runtime.dll.mvfrm
[1324/1771  0s] MovedFromExtractor-Combine Library/Bee/artifacts/1900b0aEDbg.dag/Unity.RenderPipelines.Core.Editor.dll.mvfrm
[1325/1771  0s] Csc Library/Bee/artifacts/1900b0aEDbg.dag/LocalSaveSystem.Example.dll (+2 others)
[1249/1771  0s] Csc Library/Bee/artifacts/1900b0aEDbg.dag/Unity.CollabProxy.Editor.dll (+2 others) [CacheHit bbc4c1792838acfc38f88714553c358000000000000000000000000000000006]
[1326/1771  0s] Csc Library/Bee/artifacts/1900b0aEDbg.dag/Unity.CollabProxy.Editor.dll (+2 others)
[1328/1771  0s] MovedFromExtractor Library/Bee/artifacts/mvdfrm/Unity.VisualScripting.Shared.Editor.ref.dll_634EB3DA1CD7E5BE.mvfrm
[1329/1771  0s] CopyFiles Library/ScriptAssemblies/Unity.Collections.CodeGen.dll
[1252/1771  0s] Csc Library/Bee/artifacts/1900b0aEDbg.dag/Unity.PerformanceTesting.Editor.dll (+2 others) [CacheHit 7556bba2a3cecad6602cbef51d832bf200000000000000000000000000000006]
[1330/1771  0s] Csc Library/Bee/artifacts/1900b0aEDbg.dag/Unity.PerformanceTesting.Editor.dll (+2 others)
[1332/1771  0s] CopyFiles Library/ScriptAssemblies/Unity.VisualStudio.Editor.pdb
[1333/1771  0s] CopyFiles Library/ScriptAssemblies/Unity.Collections.CodeGen.pdb
[1334/1771  0s] CopyFiles Library/ScriptAssemblies/Unity.Rider.Editor.pdb
[1335/1771  0s] CopyFiles Library/ScriptAssemblies/Unity.Burst.CodeGen.dll
[1336/1771  0s] CopyFiles Library/ScriptAssemblies/Unity.Burst.CodeGen.pdb
[1337/1771  0s] CopyFiles Library/ScriptAssemblies/Unity.VisualStudio.Editor.dll
[1260/1771  0s] Csc Library/Bee/artifacts/1900b0aEDbg.dag/Unity.Addressables.DocExampleCode.Editor.Tests.dll (+2 others) [CacheHit 47f1f308e848309f307b7779567a09cb00000000000000000000000000000006]
[1338/1771  0s] Csc Library/Bee/artifacts/1900b0aEDbg.dag/Unity.Addressables.DocExampleCode.Editor.Tests.dll (+2 others)
[1340/1771  0s] Csc Library/Bee/artifacts/1900b0aEDbg.dag/MVP.Tests.dll (+2 others)
[1261/1771  0s] Csc Library/Bee/artifacts/1900b0aEDbg.dag/Unity.RenderPipelines.Core.Editor.dll (+2 others) [CacheHit c9b85aadd8621b8bda9ff0477afb4ae400000000000000000000000000000006]
[1341/1771  0s] Csc Library/Bee/artifacts/1900b0aEDbg.dag/Unity.RenderPipelines.Core.Editor.dll (+2 others)
[1343/1771  0s] Csc Library/Bee/artifacts/1900b0aEDbg.dag/LocalizedDomain.Unity.Addressables.dll (+2 others)
[1344/1771  0s] Csc Library/Bee/artifacts/1900b0aEDbg.dag/Disposable.PlayModeTests.dll (+2 others)
[1263/1771  0s] Csc Library/Bee/artifacts/1900b0aEDbg.dag/Unity.RenderPipelines.Universal.Runtime.dll (+2 others) [CacheHit d523fd4b65df591158f99487d1051c4d00000000000000000000000000000006]
[1345/1771  0s] Csc Library/Bee/artifacts/1900b0aEDbg.dag/Unity.RenderPipelines.Universal.Runtime.dll (+2 others)
[1347/1771  0s] Csc Library/Bee/artifacts/1900b0aEDbg.dag/Root.Example.dll (+2 others)
[1348/1771  0s] Csc Library/Bee/artifacts/1900b0aEDbg.dag/UniRx.Examples.dll (+2 others)
[1349/1771  0s] CopyFiles Library/ScriptAssemblies/Unity.Rider.Editor.dll
[1350/1771  0s] Csc Library/Bee/artifacts/1900b0aEDbg.dag/DialogSystem.Tests.dll (+2 others)
[1351/1771  0s] Csc Library/Bee/artifacts/1900b0aEDbg.dag/LocalizedDomain.Tests.dll (+2 others)
[1352/1771  0s] Csc Library/Bee/artifacts/1900b0aEDbg.dag/Disposable.Tests.dll (+2 others)
Assets\Disposable\Tests\DisposableBaseTests.cs(267,27): warning CS1998: This async method lacks 'await' operators and will run synchronously. Consider using the 'await' operator to await non-blocking API calls, or 'await Task.Run(...)' to do CPU-bound work on a background thread.

Assets\Disposable\Tests\CollectionsExtensionsTests.cs(217,27): warning CS1998: This async method lacks 'await' operators and will run synchronously. Consider using the 'await' operator to await non-blocking API calls, or 'await Task.Run(...)' to do CPU-bound work on a background thread.
[1353/1771  0s] Csc Library/Bee/artifacts/1900b0aEDbg.dag/Root.Tests.dll (+2 others)
Assets\Root\Tests\RootTests.cs(25,27): warning CS1998: This async method lacks 'await' operators and will run synchronously. Consider using the 'await' operator to await non-blocking API calls, or 'await Task.Run(...)' to do CPU-bound work on a background thread.
[1354/1771  0s] Csc Library/Bee/artifacts/1900b0aEDbg.dag/Observer.Tests.dll (+2 others)
[1355/1771  0s] Csc Library/Bee/artifacts/1900b0aEDbg.dag/LocalSaveSystem.Tests.dll (+2 others)
Assets\LocalSaveSystem\Tests\SaveSerializerTests.cs(102,34): warning CS0618: 'ISavable' is obsolete: 'Legacy API. Use SaveKey<T> + SaveStore instead.'
[1356/1771  0s] Csc Library/Bee/artifacts/1900b0aEDbg.dag/BehaviourTree.Tests.dll (+2 others)
[1357/1771  0s] Csc Library/Bee/artifacts/1900b0aEDbg.dag/DetectionService.Tests.dll (+2 others)
[1358/1771  0s] Csc Library/Bee/artifacts/1900b0aEDbg.dag/ResourceLoader.Tests.dll (+2 others)
[1359/1771  0s] MovedFromExtractor Library/Bee/artifacts/mvdfrm/Unity.RenderPipelines.Universal.Runtime.ref.dll_20EFA45AC0361BB1.mvfrm
[1360/1771  0s] MovedFromExtractor Library/Bee/artifacts/mvdfrm/Unity.RenderPipelines.Core.Editor.ref.dll_5F7FF7A966BF64B8.mvfrm
[1361/1771  0s] Csc Library/Bee/artifacts/1900b0aEDbg.dag/LightDI.Tests.dll (+2 others)
Assets\LightDI\Tests\Integration\IntegrationTests.cs(38,38): warning CS0618: 'DiContainerProvider.Resolve<T>()' is obsolete: 'Use attribute [Inject]. DiContainer not for regular use. It's for internal use or critical cases only.'

Assets\LightDI\Tests\Integration\IntegrationTests.cs(41,21): warning CS0618: 'DiContainerProvider.Resolve<T>()' is obsolete: 'Use attribute [Inject]. DiContainer not for regular use. It's for internal use or critical cases only.'

Assets\LightDI\Tests\Integration\IntegrationTests.cs(42,21): warning CS0618: 'DiContainerProvider.Resolve<T>()' is obsolete: 'Use attribute [Inject]. DiContainer not for regular use. It's for internal use or critical cases only.'

Assets\LightDI\Tests\Integration\IntegrationTests.cs(78,38): warning CS0618: 'DiContainerProvider.Resolve<T>()' is obsolete: 'Use attribute [Inject]. DiContainer not for regular use. It's for internal use or critical cases only.'

Assets\LightDI\Tests\Integration\IntegrationTests.cs(81,21): warning CS0618: 'DiContainerProvider.Resolve<T>()' is obsolete: 'Use attribute [Inject]. DiContainer not for regular use. It's for internal use or critical cases only.'

Assets\LightDI\Tests\Integration\IntegrationTests.cs(82,21): warning CS0618: 'DiContainerProvider.Resolve<T>()' is obsolete: 'Use attribute [Inject]. DiContainer not for regular use. It's for internal use or critical cases only.'

Assets\LightDI\Tests\Integration\IntegrationTests.cs(185,17): warning CS0618: 'DiContainerProvider.Resolve<T>()' is obsolete: 'Use attribute [Inject]. DiContainer not for regular use. It's for internal use or critical cases only.'

Assets\LightDI\Tests\Runtime\LifetimeTests.cs(106,27): warning CS1718: Comparison made to same variable; did you mean to compare something else?

Assets\LightDI\Tests\Runtime\LifetimeTests.cs(107,27): warning CS1718: Comparison made to same variable; did you mean to compare something else?

Assets\LightDI\Tests\Integration\IntegrationTests.cs(249,38): warning CS0618: 'DiContainerProvider.Resolve<T>()' is obsolete: 'Use attribute [Inject]. DiContainer not for regular use. It's for internal use or critical cases only.'

Assets\LightDI\Tests\Integration\IntegrationTests.cs(251,38): warning CS0618: 'DiContainerProvider.Resolve<T>()' is obsolete: 'Use attribute [Inject]. DiContainer not for regular use. It's for internal use or critical cases only.'

Assets\LightDI\Tests\Runtime\LifetimeTests.cs(116,28): warning CS1718: Comparison made to same variable; did you mean to compare something else?

Assets\LightDI\Tests\Runtime\LifetimeTests.cs(117,28): warning CS1718: Comparison made to same variable; did you mean to compare something else?

Assets\LightDI\Tests\Runtime\DiContainerFactoryTests.cs(326,38): warning CS0618: 'DiContainerProvider.Resolve<T>()' is obsolete: 'Use attribute [Inject]. DiContainer not for regular use. It's for internal use or critical cases only.'

Assets\LightDI\Tests\Runtime\DiContainerFactoryTests.cs(329,21): warning CS0618: 'DiContainerProvider.Resolve<T>()' is obsolete: 'Use attribute [Inject]. DiContainer not for regular use. It's for internal use or critical cases only.'

Assets\LightDI\Tests\Runtime\DiContainerFactoryTests.cs(330,21): warning CS0618: 'DiContainerProvider.Resolve<T>()' is obsolete: 'Use attribute [Inject]. DiContainer not for regular use. It's for internal use or critical cases only.'

Assets\LightDI\Tests\TestUtilities\TestHelper.cs(57,89): warning CS0618: 'DiContainerProvider.Resolve<T>()' is obsolete: 'Use attribute [Inject]. DiContainer not for regular use. It's for internal use or critical cases only.'

Assets\LightDI\Tests\TestUtilities\TestHelper.cs(59,17): warning CS0618: 'DiContainerProvider.Resolve<T>()' is obsolete: 'Use attribute [Inject]. DiContainer not for regular use. It's for internal use or critical cases only.'

Assets\LightDI\Tests\TestUtilities\TestHelper.cs(60,17): warning CS0618: 'DiContainerProvider.Resolve<T>()' is obsolete: 'Use attribute [Inject]. DiContainer not for regular use. It's for internal use or critical cases only.'

Assets\LightDI\Tests\Runtime\DiContainerProviderTests.cs(396,38): warning CS0618: 'DiContainerProvider.Resolve<T>()' is obsolete: 'Use attribute [Inject]. DiContainer not for regular use. It's for internal use or critical cases only.'
[1362/1771  0s] Csc Library/Bee/artifacts/1900b0aEDbg.dag/MVVM.Tests.dll (+2 others)
Assets\MVVM\Tests\ViewModelTests.cs(266,28): warning CS8632: The annotation for nullable reference types should only be used in code within a '#nullable' annotations context.

Assets\MVVM\Tests\ModelTests.cs(152,25): warning CS0108: 'ModelTests.TestModel.IsInitialized' hides inherited member 'ModelBase.IsInitialized'. Use the new keyword if hiding was intended.

Assets\MVVM\Tests\ViewModelTests.cs(197,25): warning CS0108: 'ViewModelTests.TestViewModel.IsInitialized' hides inherited member 'ViewModelBase<ViewModelTests.TestModel>.IsInitialized'. Use the new keyword if hiding was intended.

Assets\MVVM\Tests\ViewTests.cs(244,25): warning CS0108: 'ViewTests.TestView.IsInitialized' hides inherited member 'ViewBase<ViewTests.TestViewModel>.IsInitialized'. Use the new keyword if hiding was intended.

Assets\MVVM\Tests\ViewTests.cs(120,27): warning CS1998: This async method lacks 'await' operators and will run synchronously. Consider using the 'await' operator to await non-blocking API calls, or 'await Task.Run(...)' to do CPU-bound work on a background thread.
[1363/1771  0s] MovedFromExtractor-Combine Library/Bee/artifacts/1900b0aEDbg.dag/Unity.RenderPipelines.Universal.2D.Runtime.dll.mvfrm
[1364/1771  0s] MovedFromExtractor-Combine Library/Bee/artifacts/1900b0aEDbg.dag/Unity.RenderPipelines.Core.Editor.Shared.dll.mvfrm
[1365/1771  0s] MovedFromExtractor-Combine Library/Bee/artifacts/1900b0aEDbg.dag/glTFast.Export.dll.mvfrm
[1366/1771  0s] MovedFromExtractor-Combine Library/Bee/artifacts/1900b0aEDbg.dag/glTFast.dll.mvfrm
[1367/1771  0s] MovedFromExtractor-Combine Library/Bee/artifacts/1900b0aEDbg.dag/Unity.ShaderGraph.Editor.dll.mvfrm
[1368/1771  0s] MovedFromExtractor-Combine Library/Bee/artifacts/1900b0aEDbg.dag/Unity.ProBuilder.dll.mvfrm
[1289/1771  0s] Csc Library/Bee/artifacts/1900b0aEDbg.dag/Unity.RenderPipelines.Universal.2D.Runtime.dll (+2 others) [CacheHit 3969a26a92ebe3f0a5a35c8bd089185400000000000000000000000000000006]
[1369/1771  0s] Csc Library/Bee/artifacts/1900b0aEDbg.dag/Unity.RenderPipelines.Universal.2D.Runtime.dll (+2 others)
[1290/1771  0s] Csc Library/Bee/artifacts/1900b0aEDbg.dag/Unity.RenderPipelines.Core.Editor.Shared.dll (+2 others) [CacheHit 1df2780a37d642d9fb51180c51c2b81600000000000000000000000000000006]
[1371/1771  0s] Csc Library/Bee/artifacts/1900b0aEDbg.dag/Unity.RenderPipelines.Core.Editor.Shared.dll (+2 others)
[1291/1771  0s] Csc Library/Bee/artifacts/1900b0aEDbg.dag/Unity.ProBuilder.dll (+2 others) [CacheHit cfcff113b731d4d3bc75cd38bcb8ba3300000000000000000000000000000006]
[1373/1771  0s] Csc Library/Bee/artifacts/1900b0aEDbg.dag/Unity.ProBuilder.dll (+2 others)
[1292/1771  0s] Csc Library/Bee/artifacts/1900b0aEDbg.dag/glTFast.dll (+2 others) [CacheHit 5aa8a7315e32e5306152d7c6030ca68d00000000000000000000000000000006]
[1375/1771  0s] Csc Library/Bee/artifacts/1900b0aEDbg.dag/glTFast.dll (+2 others)
[1293/1771  0s] Csc Library/Bee/artifacts/1900b0aEDbg.dag/glTFast.dots.dll (+2 others) [CacheHit da198e77b896e7cf503579643c30735300000000000000000000000000000006]
[1377/1771  0s] Csc Library/Bee/artifacts/1900b0aEDbg.dag/glTFast.dots.dll (+2 others)
[1294/1771  0s] Csc Library/Bee/artifacts/1900b0aEDbg.dag/glTFast.Newtonsoft.dll (+2 others) [CacheHit a9203f2ae9947960551a6902f7f034d600000000000000000000000000000006]
[1379/1771  0s] Csc Library/Bee/artifacts/1900b0aEDbg.dag/glTFast.Newtonsoft.dll (+2 others)
[1295/1771  0s] Csc Library/Bee/artifacts/1900b0aEDbg.dag/glTFast.Export.dll (+2 others) [CacheHit 81f73d66e3f5d1aebd75db6a3299b6e600000000000000000000000000000006]
[1381/1771  0s] Csc Library/Bee/artifacts/1900b0aEDbg.dag/glTFast.Export.dll (+2 others)
[1296/1771  0s] Csc Library/Bee/artifacts/1900b0aEDbg.dag/Unity.ShaderGraph.Editor.dll (+2 others) [CacheHit 754c3aa6e70c38fea676a8f8c7c933ad00000000000000000000000000000006]
[1383/1771  0s] Csc Library/Bee/artifacts/1900b0aEDbg.dag/Unity.ShaderGraph.Editor.dll (+2 others)
[1385/1771  0s] MovedFromExtractor Library/Bee/artifacts/mvdfrm/Unity.RenderPipelines.Core.Editor.Shared.ref.dll_509C7680761BE5F1.mvfrm
[1386/1771  0s] MovedFromExtractor Library/Bee/artifacts/mvdfrm/Unity.ProBuilder.ref.dll_18B36DF7373A77C5.mvfrm
[1387/1771  0s] MovedFromExtractor Library/Bee/artifacts/mvdfrm/Unity.RenderPipelines.Universal.2D.Runtime.ref.dll_82001F7D16BE63D9.mvfrm
[1300/1771  0s] Csc Library/Bee/artifacts/1900b0aEDbg.dag/glTFast.Editor.dll (+2 others) [CacheHit 7ce1cf2ff5e952b62ffac45486de590700000000000000000000000000000006]
[1388/1771  0s] Csc Library/Bee/artifacts/1900b0aEDbg.dag/glTFast.Editor.dll (+2 others)
[1301/1771  0s] Csc Library/Bee/artifacts/1900b0aEDbg.dag/glTFast.Documentation.Examples.dll (+2 others) [CacheHit 6210596553448ec39e30632966f86a6b00000000000000000000000000000006]
[1390/1771  0s] Csc Library/Bee/artifacts/1900b0aEDbg.dag/glTFast.Documentation.Examples.dll (+2 others)
[1392/1771  0s] MovedFromExtractor Library/Bee/artifacts/mvdfrm/Unity.ShaderGraph.Editor.ref.dll_319B33408212A519.mvfrm
[1393/1771  0s] MovedFromExtractor-Combine Library/Bee/artifacts/1900b0aEDbg.dag/Unity.Cinemachine.dll.mvfrm
[1394/1771  0s] MovedFromExtractor-Combine Library/Bee/artifacts/1900b0aEDbg.dag/Unity.ProBuilder.Editor.dll.mvfrm
[1305/1771  0s] Csc Library/Bee/artifacts/1900b0aEDbg.dag/Unity.ProBuilder.Editor.dll (+2 others) [CacheHit 563fa251d8f7edad03931a0051b99c6800000000000000000000000000000006]
[1395/1771  0s] Csc Library/Bee/artifacts/1900b0aEDbg.dag/Unity.ProBuilder.Editor.dll (+2 others)
[1306/1771  0s] Csc Library/Bee/artifacts/1900b0aEDbg.dag/Unity.Cinemachine.dll (+2 others) [CacheHit 176aaf2d550f37ee7b14cb457a39596a00000000000000000000000000000006]
[1397/1771  0s] Csc Library/Bee/artifacts/1900b0aEDbg.dag/Unity.Cinemachine.dll (+2 others)
[1399/1771  0s] ILPP-Configuration Library/ilpp-configuration.nevergeneratedoutput
[1400/1771  0s] MovedFromExtractor-Combine Library/Bee/artifacts/1900b0aEDbg.dag/Unity.VisualEffectGraph.Editor.dll.mvfrm
[1401/1771  0s] MovedFromExtractor Library/Bee/artifacts/mvdfrm/Unity.ProBuilder.Editor.ref.dll_C1BD6BF01715933C.mvfrm
[1310/1771  0s] Csc Library/Bee/artifacts/1900b0aEDbg.dag/Unity.VisualEffectGraph.Editor.dll (+2 others) [CacheHit 850aa96c77fe2bfab02bed6819acdbfe00000000000000000000000000000006]
[1402/1771  0s] Csc Library/Bee/artifacts/1900b0aEDbg.dag/Unity.VisualEffectGraph.Editor.dll (+2 others)
[1404/1771  0s] MovedFromExtractor Library/Bee/artifacts/mvdfrm/Unity.Cinemachine.ref.dll_97FC5EABD413A449.mvfrm
[1405/1771  0s] MovedFromExtractor-Combine Library/Bee/artifacts/1900b0aEDbg.dag/Unity.ProBuilder.AddOns.Editor.dll.mvfrm
[1313/1771  0s] Csc Library/Bee/artifacts/1900b0aEDbg.dag/Unity.ProBuilder.AddOns.Editor.dll (+2 others) [CacheHit 25154fc981beb442594bf28ee5dc69ea00000000000000000000000000000006]
[1406/1771  0s] Csc Library/Bee/artifacts/1900b0aEDbg.dag/Unity.ProBuilder.AddOns.Editor.dll (+2 others)
[1408/1771  0s] MovedFromExtractor Library/Bee/artifacts/mvdfrm/Unity.VisualEffectGraph.Editor.ref.dll_7773EDBB463BFC55.mvfrm
[1409/1771  0s] MovedFromExtractor Library/Bee/artifacts/mvdfrm/Unity.ProBuilder.AddOns.Editor.ref.dll_2BB0992EA7CE9E4F.mvfrm
[1410/1771  0s] MovedFromExtractor-Combine Library/Bee/artifacts/1900b0aEDbg.dag/Unity.RenderPipelines.Universal.Editor.dll.mvfrm
[1317/1771  0s] Csc Library/Bee/artifacts/1900b0aEDbg.dag/Unity.RenderPipelines.Universal.Editor.dll (+2 others) [CacheHit 37bad951f172cd091121782f80d4b4f100000000000000000000000000000006]
[1411/1771  0s] Csc Library/Bee/artifacts/1900b0aEDbg.dag/Unity.RenderPipelines.Universal.Editor.dll (+2 others)
[1413/1771  0s] MovedFromExtractor-Combine Library/Bee/artifacts/1900b0aEDbg.dag/Unity.RenderPipelines.Universal.2D.Editor.Overrides.dll.mvfrm
[1319/1771  0s] Csc Library/Bee/artifacts/1900b0aEDbg.dag/Unity.RenderPipelines.Universal.2D.Editor.Overrides.dll (+2 others) [CacheHit e3167aa173518638c4abaad763a786d200000000000000000000000000000006]
[1414/1771  0s] Csc Library/Bee/artifacts/1900b0aEDbg.dag/Unity.RenderPipelines.Universal.2D.Editor.Overrides.dll (+2 others)
[1416/1771  0s] MovedFromExtractor Library/Bee/artifacts/mvdfrm/Unity.RenderPipelines.Universal.Editor.ref.dll_9B0204A7A5F40BDA.mvfrm
[1417/1771  0s] ILPostProcess Library/Bee/artifacts/1900b0aEDbg.dag/post-processed/LocalSaveSystem.dll (+pdb)
Processing assembly Library/Bee/artifacts/1900b0aEDbg.dag/LocalSaveSystem.dll, with 142 defines and 316 references

processors: Unity.Jobs.CodeGen.JobsILPostProcessor, zzzUnity.Burst.CodeGen.BurstILPostProcessor

running Unity.Jobs.CodeGen.JobsILPostProcessor

running zzzUnity.Burst.CodeGen.BurstILPostProcessor
[1418/1771  0s] ILPostProcess Library/Bee/artifacts/1900b0aEDbg.dag/post-processed/BehaviourTree.dll (+pdb)
Processing assembly Library/Bee/artifacts/1900b0aEDbg.dag/BehaviourTree.dll, with 142 defines and 314 references

processors: Unity.Jobs.CodeGen.JobsILPostProcessor, zzzUnity.Burst.CodeGen.BurstILPostProcessor

running Unity.Jobs.CodeGen.JobsILPostProcessor

running zzzUnity.Burst.CodeGen.BurstILPostProcessor
[1419/1771  0s] ILPostProcess Library/Bee/artifacts/1900b0aEDbg.dag/post-processed/DialogSystem.Runtime.dll (+pdb)
Processing assembly Library/Bee/artifacts/1900b0aEDbg.dag/DialogSystem.Runtime.dll, with 142 defines and 314 references

processors: Unity.Jobs.CodeGen.JobsILPostProcessor, zzzUnity.Burst.CodeGen.BurstILPostProcessor

running Unity.Jobs.CodeGen.JobsILPostProcessor

running zzzUnity.Burst.CodeGen.BurstILPostProcessor
[1420/1771  0s] ILPostProcess Library/Bee/artifacts/1900b0aEDbg.dag/post-processed/MVVM.Reactive.dll (+pdb)
Processing assembly Library/Bee/artifacts/1900b0aEDbg.dag/MVVM.Reactive.dll, with 143 defines and 315 references

processors: Unity.Jobs.CodeGen.JobsILPostProcessor, zzzUnity.Burst.CodeGen.BurstILPostProcessor

running Unity.Jobs.CodeGen.JobsILPostProcessor

running zzzUnity.Burst.CodeGen.BurstILPostProcessor
[1421/1771  0s] ILPostProcess Library/Bee/artifacts/1900b0aEDbg.dag/post-processed/LocalizedDomain.Core.dll (+pdb)
Processing assembly Library/Bee/artifacts/1900b0aEDbg.dag/LocalizedDomain.Core.dll, with 142 defines and 160 references

processors: Unity.Jobs.CodeGen.JobsILPostProcessor, zzzUnity.Burst.CodeGen.BurstILPostProcessor

running Unity.Jobs.CodeGen.JobsILPostProcessor

running zzzUnity.Burst.CodeGen.BurstILPostProcessor
[1422/1771  0s] ILPostProcess Library/Bee/artifacts/1900b0aEDbg.dag/post-processed/MVVM.Unity.dll (+pdb)
Processing assembly Library/Bee/artifacts/1900b0aEDbg.dag/MVVM.Unity.dll, with 142 defines and 316 references

processors: Unity.Jobs.CodeGen.JobsILPostProcessor, zzzUnity.Burst.CodeGen.BurstILPostProcessor

running Unity.Jobs.CodeGen.JobsILPostProcessor

running zzzUnity.Burst.CodeGen.BurstILPostProcessor
[1423/1771  0s] ILPostProcess Library/Bee/artifacts/1900b0aEDbg.dag/post-processed/Unity.VisualScripting.DocCodeExamples.dll (+pdb)
Processing assembly Library/Bee/artifacts/1900b0aEDbg.dag/Unity.VisualScripting.DocCodeExamples.dll, with 142 defines and 294 references

processors: Unity.Jobs.CodeGen.JobsILPostProcessor, zzzUnity.Burst.CodeGen.BurstILPostProcessor

running Unity.Jobs.CodeGen.JobsILPostProcessor

running zzzUnity.Burst.CodeGen.BurstILPostProcessor
[1424/1771  0s] ILPostProcess Library/Bee/artifacts/1900b0aEDbg.dag/post-processed/Unity.ResourceManager.dll (+pdb)
Processing assembly Library/Bee/artifacts/1900b0aEDbg.dag/Unity.ResourceManager.dll, with 143 defines and 315 references

processors: Unity.Jobs.CodeGen.JobsILPostProcessor, zzzUnity.Burst.CodeGen.BurstILPostProcessor

running Unity.Jobs.CodeGen.JobsILPostProcessor

running zzzUnity.Burst.CodeGen.BurstILPostProcessor
[1425/1771  0s] ILPostProcess Library/Bee/artifacts/1900b0aEDbg.dag/post-processed/UniTask.DOTween.dll (+pdb)
Processing assembly Library/Bee/artifacts/1900b0aEDbg.dag/UniTask.DOTween.dll, with 142 defines and 315 references

processors: Unity.Jobs.CodeGen.JobsILPostProcessor, zzzUnity.Burst.CodeGen.BurstILPostProcessor

running Unity.Jobs.CodeGen.JobsILPostProcessor

running zzzUnity.Burst.CodeGen.BurstILPostProcessor
[1426/1771  0s] MovedFromExtractor Library/Bee/artifacts/mvdfrm/Unity.RenderPipelines.Universal.2D.Editor.Overrides.ref.dll_A312CB27CA64718B.mvfrm
[1427/1771  0s] ILPostProcess Library/Bee/artifacts/1900b0aEDbg.dag/post-processed/Disposable.PlayModeTests.dll (+pdb)
Processing assembly Library/Bee/artifacts/1900b0aEDbg.dag/Disposable.PlayModeTests.dll, with 142 defines and 289 references

processors: Unity.Jobs.CodeGen.JobsILPostProcessor, zzzUnity.Burst.CodeGen.BurstILPostProcessor

running Unity.Jobs.CodeGen.JobsILPostProcessor

running zzzUnity.Burst.CodeGen.BurstILPostProcessor
[1428/1771  0s] ILPostProcess Library/Bee/artifacts/1900b0aEDbg.dag/post-processed/Root.dll (+pdb)
Processing assembly Library/Bee/artifacts/1900b0aEDbg.dag/Root.dll, with 142 defines and 315 references

processors: Unity.Jobs.CodeGen.JobsILPostProcessor, zzzUnity.Burst.CodeGen.BurstILPostProcessor

running Unity.Jobs.CodeGen.JobsILPostProcessor

running zzzUnity.Burst.CodeGen.BurstILPostProcessor
[1429/1771  0s] MovedFromExtractor-Combine Library/Bee/artifacts/1900b0aEDbg.dag/Unity.Cinemachine.Editor.dll.mvfrm
[1430/1771  0s] ILPostProcess Library/Bee/artifacts/1900b0aEDbg.dag/post-processed/LocalizedDomain.Unity.Addressables.dll (+pdb)
Processing assembly Library/Bee/artifacts/1900b0aEDbg.dag/LocalizedDomain.Unity.Addressables.dll, with 143 defines and 299 references

processors: Unity.Jobs.CodeGen.JobsILPostProcessor, zzzUnity.Burst.CodeGen.BurstILPostProcessor

running Unity.Jobs.CodeGen.JobsILPostProcessor

running zzzUnity.Burst.CodeGen.BurstILPostProcessor
[1431/1771  0s] ILPostProcess Library/Bee/artifacts/1900b0aEDbg.dag/post-processed/Observer.Samples.dll (+pdb)
Processing assembly Library/Bee/artifacts/1900b0aEDbg.dag/Observer.Samples.dll, with 142 defines and 315 references

processors: Unity.Jobs.CodeGen.JobsILPostProcessor, zzzUnity.Burst.CodeGen.BurstILPostProcessor

running Unity.Jobs.CodeGen.JobsILPostProcessor

running zzzUnity.Burst.CodeGen.BurstILPostProcessor
[1432/1771  0s] ILPostProcess Library/Bee/artifacts/1900b0aEDbg.dag/post-processed/MVVM.Example.dll (+pdb)
Processing assembly Library/Bee/artifacts/1900b0aEDbg.dag/MVVM.Example.dll, with 143 defines and 318 references

processors: Unity.Jobs.CodeGen.JobsILPostProcessor, zzzUnity.Burst.CodeGen.BurstILPostProcessor

running Unity.Jobs.CodeGen.JobsILPostProcessor

running zzzUnity.Burst.CodeGen.BurstILPostProcessor
[1433/1771  0s] ILPostProcess Library/Bee/artifacts/1900b0aEDbg.dag/post-processed/Unity.VisualEffectGraph.Runtime.dll (+pdb)
Processing assembly Library/Bee/artifacts/1900b0aEDbg.dag/Unity.VisualEffectGraph.Runtime.dll, with 147 defines and 315 references

processors: Unity.Jobs.CodeGen.JobsILPostProcessor, zzzUnity.Burst.CodeGen.BurstILPostProcessor

running Unity.Jobs.CodeGen.JobsILPostProcessor

running zzzUnity.Burst.CodeGen.BurstILPostProcessor
[1434/1771  0s] ILPostProcess Library/Bee/artifacts/1900b0aEDbg.dag/post-processed/Unity.Mathematics.dll (+pdb)
Processing assembly Library/Bee/artifacts/1900b0aEDbg.dag/Unity.Mathematics.dll, with 142 defines and 314 references

processors: Unity.Jobs.CodeGen.JobsILPostProcessor, zzzUnity.Burst.CodeGen.BurstILPostProcessor

running Unity.Jobs.CodeGen.JobsILPostProcessor

running zzzUnity.Burst.CodeGen.BurstILPostProcessor
[1435/1771  0s] ILPostProcess Library/Bee/artifacts/1900b0aEDbg.dag/post-processed/LocalSaveSystem.Example.dll (+pdb)
Processing assembly Library/Bee/artifacts/1900b0aEDbg.dag/LocalSaveSystem.Example.dll, with 142 defines and 315 references

processors: Unity.Jobs.CodeGen.JobsILPostProcessor, zzzUnity.Burst.CodeGen.BurstILPostProcessor

running Unity.Jobs.CodeGen.JobsILPostProcessor

running zzzUnity.Burst.CodeGen.BurstILPostProcessor
[1340/1771  0s] Csc Library/Bee/artifacts/1900b0aEDbg.dag/Unity.Cinemachine.Editor.dll (+2 others) [CacheHit 58bb2460d676c9cb49ef0fcc4738d46900000000000000000000000000000006]
[1436/1771  0s] Csc Library/Bee/artifacts/1900b0aEDbg.dag/Unity.Cinemachine.Editor.dll (+2 others)
[1438/1771  0s] ILPostProcess Library/Bee/artifacts/1900b0aEDbg.dag/post-processed/UnityEngine.UI.dll (+pdb)
Processing assembly Library/Bee/artifacts/1900b0aEDbg.dag/UnityEngine.UI.dll, with 147 defines and 312 references

processors: Unity.Jobs.CodeGen.JobsILPostProcessor, zzzUnity.Burst.CodeGen.BurstILPostProcessor

running Unity.Jobs.CodeGen.JobsILPostProcessor

running zzzUnity.Burst.CodeGen.BurstILPostProcessor
[1439/1771  0s] ILPostProcess Library/Bee/artifacts/1900b0aEDbg.dag/post-processed/LocalizedDomain.Example.dll (+pdb)
Processing assembly Library/Bee/artifacts/1900b0aEDbg.dag/LocalizedDomain.Example.dll, with 142 defines and 316 references

processors: Unity.Jobs.CodeGen.JobsILPostProcessor, zzzUnity.Burst.CodeGen.BurstILPostProcessor

running Unity.Jobs.CodeGen.JobsILPostProcessor

running zzzUnity.Burst.CodeGen.BurstILPostProcessor
[1440/1771  0s] ILPostProcess Library/Bee/artifacts/1900b0aEDbg.dag/post-processed/Unity.Timeline.dll (+pdb)
Processing assembly Library/Bee/artifacts/1900b0aEDbg.dag/Unity.Timeline.dll, with 143 defines and 314 references

processors: Unity.Jobs.CodeGen.JobsILPostProcessor, zzzUnity.Burst.CodeGen.BurstILPostProcessor

running Unity.Jobs.CodeGen.JobsILPostProcessor

running zzzUnity.Burst.CodeGen.BurstILPostProcessor
[1441/1771  0s] ILPostProcess Library/Bee/artifacts/1900b0aEDbg.dag/post-processed/MVVM.Tests.dll (+pdb)
Processing assembly Library/Bee/artifacts/1900b0aEDbg.dag/MVVM.Tests.dll, with 143 defines and 305 references

processors: Unity.Jobs.CodeGen.JobsILPostProcessor, zzzUnity.Burst.CodeGen.BurstILPostProcessor

running Unity.Jobs.CodeGen.JobsILPostProcessor

running zzzUnity.Burst.CodeGen.BurstILPostProcessor
[1442/1771  0s] ILPostProcess Library/Bee/artifacts/1900b0aEDbg.dag/post-processed/MVVM.Core.dll (+pdb)
Processing assembly Library/Bee/artifacts/1900b0aEDbg.dag/MVVM.Core.dll, with 143 defines and 317 references

processors: Unity.Jobs.CodeGen.JobsILPostProcessor, zzzUnity.Burst.CodeGen.BurstILPostProcessor

running Unity.Jobs.CodeGen.JobsILPostProcessor

running zzzUnity.Burst.CodeGen.BurstILPostProcessor
[1443/1771  0s] ILPostProcess Library/Bee/artifacts/1900b0aEDbg.dag/post-processed/UniRx.dll (+pdb)
Processing assembly Library/Bee/artifacts/1900b0aEDbg.dag/UniRx.dll, with 142 defines and 314 references

processors: Unity.Jobs.CodeGen.JobsILPostProcessor, zzzUnity.Burst.CodeGen.BurstILPostProcessor

running Unity.Jobs.CodeGen.JobsILPostProcessor

running zzzUnity.Burst.CodeGen.BurstILPostProcessor
[1444/1771  0s] ILPostProcess Library/Bee/artifacts/1900b0aEDbg.dag/post-processed/LocalizedDomain.Unity.TextMeshPro.dll (+pdb)
Processing assembly Library/Bee/artifacts/1900b0aEDbg.dag/LocalizedDomain.Unity.TextMeshPro.dll, with 142 defines and 316 references

processors: Unity.Jobs.CodeGen.JobsILPostProcessor, zzzUnity.Burst.CodeGen.BurstILPostProcessor

running Unity.Jobs.CodeGen.JobsILPostProcessor

running zzzUnity.Burst.CodeGen.BurstILPostProcessor
[1445/1771  0s] ILPostProcess Library/Bee/artifacts/1900b0aEDbg.dag/post-processed/Unity.Profiling.Core.dll (+pdb)
Processing assembly Library/Bee/artifacts/1900b0aEDbg.dag/Unity.Profiling.Core.dll, with 142 defines and 314 references

processors: Unity.Jobs.CodeGen.JobsILPostProcessor, zzzUnity.Burst.CodeGen.BurstILPostProcessor

running Unity.Jobs.CodeGen.JobsILPostProcessor

running zzzUnity.Burst.CodeGen.BurstILPostProcessor
[1446/1771  0s] ILPostProcess Library/Bee/artifacts/1900b0aEDbg.dag/post-processed/Utils.dll (+pdb)
Processing assembly Library/Bee/artifacts/1900b0aEDbg.dag/Utils.dll, with 142 defines and 315 references

processors: Unity.Jobs.CodeGen.JobsILPostProcessor, zzzUnity.Burst.CodeGen.BurstILPostProcessor

running Unity.Jobs.CodeGen.JobsILPostProcessor

running zzzUnity.Burst.CodeGen.BurstILPostProcessor
[1447/1771  0s] ILPostProcess Library/Bee/artifacts/1900b0aEDbg.dag/post-processed/Observer.dll (+pdb)
Processing assembly Library/Bee/artifacts/1900b0aEDbg.dag/Observer.dll, with 142 defines and 314 references

processors: Unity.Jobs.CodeGen.JobsILPostProcessor, zzzUnity.Burst.CodeGen.BurstILPostProcessor

running Unity.Jobs.CodeGen.JobsILPostProcessor

running zzzUnity.Burst.CodeGen.BurstILPostProcessor
[1448/1771  0s] ILPostProcess Library/Bee/artifacts/1900b0aEDbg.dag/post-processed/Unity.RenderPipelines.Universal.Shaders.dll (+pdb)
Processing assembly Library/Bee/artifacts/1900b0aEDbg.dag/Unity.RenderPipelines.Universal.Shaders.dll, with 142 defines and 314 references

processors: Unity.Jobs.CodeGen.JobsILPostProcessor, zzzUnity.Burst.CodeGen.BurstILPostProcessor

running Unity.Jobs.CodeGen.JobsILPostProcessor

running zzzUnity.Burst.CodeGen.BurstILPostProcessor
[1449/1771  0s] ILPostProcess Library/Bee/artifacts/1900b0aEDbg.dag/post-processed/Unity.ProBuilder.Csg.dll (+pdb)
Processing assembly Library/Bee/artifacts/1900b0aEDbg.dag/Unity.ProBuilder.Csg.dll, with 142 defines and 314 references

processors: Unity.Jobs.CodeGen.JobsILPostProcessor, zzzUnity.Burst.CodeGen.BurstILPostProcessor

running Unity.Jobs.CodeGen.JobsILPostProcessor

running zzzUnity.Burst.CodeGen.BurstILPostProcessor
[1450/1771  0s] MovedFromExtractor Library/Bee/artifacts/mvdfrm/Unity.Cinemachine.Editor.ref.dll_5BC95D1786281AF8.mvfrm
[1451/1771  0s] ILPostProcess Library/Bee/artifacts/1900b0aEDbg.dag/post-processed/LightDI.dll (+pdb)
Processing assembly Library/Bee/artifacts/1900b0aEDbg.dag/LightDI.dll, with 142 defines and 314 references

processors: Unity.Jobs.CodeGen.JobsILPostProcessor, zzzUnity.Burst.CodeGen.BurstILPostProcessor

running Unity.Jobs.CodeGen.JobsILPostProcessor

running zzzUnity.Burst.CodeGen.BurstILPostProcessor
[1452/1771  0s] ILPostProcess Library/Bee/artifacts/1900b0aEDbg.dag/post-processed/Unity.RenderPipelines.Universal.Config.Runtime.dll (+pdb)
Processing assembly Library/Bee/artifacts/1900b0aEDbg.dag/Unity.RenderPipelines.Universal.Config.Runtime.dll, with 142 defines and 315 references

processors: Unity.Jobs.CodeGen.JobsILPostProcessor, zzzUnity.Burst.CodeGen.BurstILPostProcessor

running Unity.Jobs.CodeGen.JobsILPostProcessor

running zzzUnity.Burst.CodeGen.BurstILPostProcessor
[1453/1771  0s] ILPostProcess Library/Bee/artifacts/1900b0aEDbg.dag/post-processed/Unity.Addressables.dll (+pdb)
Processing assembly Library/Bee/artifacts/1900b0aEDbg.dag/Unity.Addressables.dll, with 142 defines and 315 references

processors: Unity.Jobs.CodeGen.JobsILPostProcessor, zzzUnity.Burst.CodeGen.BurstILPostProcessor

running Unity.Jobs.CodeGen.JobsILPostProcessor

running zzzUnity.Burst.CodeGen.BurstILPostProcessor
[1454/1771  0s] ILPostProcess Library/Bee/artifacts/1900b0aEDbg.dag/post-processed/Unity.VisualScripting.Flow.dll (+pdb)
Processing assembly Library/Bee/artifacts/1900b0aEDbg.dag/Unity.VisualScripting.Flow.dll, with 147 defines and 315 references

processors: Unity.Jobs.CodeGen.JobsILPostProcessor, zzzUnity.Burst.CodeGen.BurstILPostProcessor

running Unity.Jobs.CodeGen.JobsILPostProcessor

running zzzUnity.Burst.CodeGen.BurstILPostProcessor
[1455/1771  0s] ILPostProcess Library/Bee/artifacts/1900b0aEDbg.dag/post-processed/UniTask.Linq.dll (+pdb)
Processing assembly Library/Bee/artifacts/1900b0aEDbg.dag/UniTask.Linq.dll, with 142 defines and 315 references

processors: Unity.Jobs.CodeGen.JobsILPostProcessor, zzzUnity.Burst.CodeGen.BurstILPostProcessor

running Unity.Jobs.CodeGen.JobsILPostProcessor

running zzzUnity.Burst.CodeGen.BurstILPostProcessor
[1456/1771  0s] ILPostProcess Library/Bee/artifacts/1900b0aEDbg.dag/post-processed/BehaviourTree.Example.dll (+pdb)
Processing assembly Library/Bee/artifacts/1900b0aEDbg.dag/BehaviourTree.Example.dll, with 142 defines and 315 references

processors: Unity.Jobs.CodeGen.JobsILPostProcessor, zzzUnity.Burst.CodeGen.BurstILPostProcessor

running Unity.Jobs.CodeGen.JobsILPostProcessor

running zzzUnity.Burst.CodeGen.BurstILPostProcessor
[1457/1771  0s] MovedFromExtractor-Combine Library/Bee/artifacts/1900b0aEDbg.dag/Assembly-CSharp.dll.mvfrm
[1458/1771  0s] ILPostProcess Library/Bee/artifacts/1900b0aEDbg.dag/post-processed/SceneSwitcher.dll (+pdb)
Processing assembly Library/Bee/artifacts/1900b0aEDbg.dag/SceneSwitcher.dll, with 143 defines and 318 references

processors: Unity.Jobs.CodeGen.JobsILPostProcessor, zzzUnity.Burst.CodeGen.BurstILPostProcessor

running Unity.Jobs.CodeGen.JobsILPostProcessor

running zzzUnity.Burst.CodeGen.BurstILPostProcessor
[1459/1771  0s] ILPostProcess Library/Bee/artifacts/1900b0aEDbg.dag/post-processed/Unity.TextMeshPro.dll (+pdb)
Processing assembly Library/Bee/artifacts/1900b0aEDbg.dag/Unity.TextMeshPro.dll, with 143 defines and 315 references

processors: Unity.Jobs.CodeGen.JobsILPostProcessor, zzzUnity.Burst.CodeGen.BurstILPostProcessor

running Unity.Jobs.CodeGen.JobsILPostProcessor

running zzzUnity.Burst.CodeGen.BurstILPostProcessor
[1460/1771  0s] ILPostProcess Library/Bee/artifacts/1900b0aEDbg.dag/post-processed/Unity.ProBuilder.Poly2Tri.dll (+pdb)
Processing assembly Library/Bee/artifacts/1900b0aEDbg.dag/Unity.ProBuilder.Poly2Tri.dll, with 142 defines and 314 references

processors: Unity.Jobs.CodeGen.JobsILPostProcessor, zzzUnity.Burst.CodeGen.BurstILPostProcessor

running Unity.Jobs.CodeGen.JobsILPostProcessor

running zzzUnity.Burst.CodeGen.BurstILPostProcessor
[1461/1771  0s] ILPostProcess Library/Bee/artifacts/1900b0aEDbg.dag/post-processed/Disposable.dll (+pdb)
Processing assembly Library/Bee/artifacts/1900b0aEDbg.dag/Disposable.dll, with 142 defines and 314 references

processors: Unity.Jobs.CodeGen.JobsILPostProcessor, zzzUnity.Burst.CodeGen.BurstILPostProcessor

running Unity.Jobs.CodeGen.JobsILPostProcessor

running zzzUnity.Burst.CodeGen.BurstILPostProcessor
[1462/1771  0s] ILPostProcess Library/Bee/artifacts/1900b0aEDbg.dag/post-processed/Unity.SurfaceCache.Runtime.dll (+pdb)
Processing assembly Library/Bee/artifacts/1900b0aEDbg.dag/Unity.SurfaceCache.Runtime.dll, with 142 defines and 318 references

processors: Unity.Jobs.CodeGen.JobsILPostProcessor, zzzUnity.Burst.CodeGen.BurstILPostProcessor

running Unity.Jobs.CodeGen.JobsILPostProcessor

running zzzUnity.Burst.CodeGen.BurstILPostProcessor
[1463/1771  0s] MovedFromExtractor-Combine Library/Bee/artifacts/1900b0aEDbg.dag/Assembly-CSharp-Editor.dll.mvfrm
[1464/1771  0s] ILPostProcess Library/Bee/artifacts/1900b0aEDbg.dag/post-processed/LocalizedDomain.Unity.dll (+pdb)
Processing assembly Library/Bee/artifacts/1900b0aEDbg.dag/LocalizedDomain.Unity.dll, with 142 defines and 315 references

processors: Unity.Jobs.CodeGen.JobsILPostProcessor, zzzUnity.Burst.CodeGen.BurstILPostProcessor

running Unity.Jobs.CodeGen.JobsILPostProcessor

running zzzUnity.Burst.CodeGen.BurstILPostProcessor
[1465/1771  0s] ILPostProcess Library/Bee/artifacts/1900b0aEDbg.dag/post-processed/UniTask.TextMeshPro.dll (+pdb)
Processing assembly Library/Bee/artifacts/1900b0aEDbg.dag/UniTask.TextMeshPro.dll, with 143 defines and 316 references

processors: Unity.Jobs.CodeGen.JobsILPostProcessor, zzzUnity.Burst.CodeGen.BurstILPostProcessor

running Unity.Jobs.CodeGen.JobsILPostProcessor

running zzzUnity.Burst.CodeGen.BurstILPostProcessor
[1466/1771  0s] ILPostProcess Library/Bee/artifacts/1900b0aEDbg.dag/post-processed/glTFast.Newtonsoft.dll (+pdb)
Processing assembly Library/Bee/artifacts/1900b0aEDbg.dag/glTFast.Newtonsoft.dll, with 144 defines and 315 references

processors: Unity.Jobs.CodeGen.JobsILPostProcessor, zzzUnity.Burst.CodeGen.BurstILPostProcessor

running Unity.Jobs.CodeGen.JobsILPostProcessor

running zzzUnity.Burst.CodeGen.BurstILPostProcessor
[1467/1771  0s] ILPostProcess Library/Bee/artifacts/1900b0aEDbg.dag/post-processed/Config.dll (+pdb)
Processing assembly Library/Bee/artifacts/1900b0aEDbg.dag/Config.dll, with 142 defines and 314 references

processors: Unity.Jobs.CodeGen.JobsILPostProcessor, zzzUnity.Burst.CodeGen.BurstILPostProcessor

running Unity.Jobs.CodeGen.JobsILPostProcessor

running zzzUnity.Burst.CodeGen.BurstILPostProcessor
[1468/1771  0s] ILPostProcess Library/Bee/artifacts/1900b0aEDbg.dag/post-processed/Unity.RenderPipelines.Core.ShaderLibrary.dll (+pdb)
Processing assembly Library/Bee/artifacts/1900b0aEDbg.dag/Unity.RenderPipelines.Core.ShaderLibrary.dll, with 142 defines and 314 references

processors: Unity.Jobs.CodeGen.JobsILPostProcessor, zzzUnity.Burst.CodeGen.BurstILPostProcessor

running Unity.Jobs.CodeGen.JobsILPostProcessor

running zzzUnity.Burst.CodeGen.BurstILPostProcessor
[1469/1771  0s] ILPostProcess Library/Bee/artifacts/1900b0aEDbg.dag/post-processed/UniRx.Examples.dll (+pdb)
Processing assembly Library/Bee/artifacts/1900b0aEDbg.dag/UniRx.Examples.dll, with 142 defines and 289 references

processors: Unity.Jobs.CodeGen.JobsILPostProcessor, zzzUnity.Burst.CodeGen.BurstILPostProcessor

running Unity.Jobs.CodeGen.JobsILPostProcessor

running zzzUnity.Burst.CodeGen.BurstILPostProcessor
[1470/1771  0s] ILPostProcess Library/Bee/artifacts/1900b0aEDbg.dag/post-processed/DetectionService.dll (+pdb)
Processing assembly Library/Bee/artifacts/1900b0aEDbg.dag/DetectionService.dll, with 142 defines and 314 references

processors: Unity.Jobs.CodeGen.JobsILPostProcessor, zzzUnity.Burst.CodeGen.BurstILPostProcessor

running Unity.Jobs.CodeGen.JobsILPostProcessor

running zzzUnity.Burst.CodeGen.BurstILPostProcessor
[1471/1771  0s] ILPostProcess Library/Bee/artifacts/1900b0aEDbg.dag/post-processed/Unity.PerformanceTesting.dll (+pdb)
Processing assembly Library/Bee/artifacts/1900b0aEDbg.dag/Unity.PerformanceTesting.dll, with 143 defines and 287 references

processors: Unity.Jobs.CodeGen.JobsILPostProcessor, zzzUnity.Burst.CodeGen.BurstILPostProcessor

running Unity.Jobs.CodeGen.JobsILPostProcessor

running zzzUnity.Burst.CodeGen.BurstILPostProcessor
[1472/1771  0s] Csc Library/Bee/artifacts/1900b0aEDbg.dag/Assembly-CSharp.dll (+2 others)
[1473/1771  0s] ILPostProcess Library/Bee/artifacts/1900b0aEDbg.dag/post-processed/glTFast.Documentation.Examples.dll (+pdb)
Processing assembly Library/Bee/artifacts/1900b0aEDbg.dag/glTFast.Documentation.Examples.dll, with 145 defines and 319 references

processors: Unity.Jobs.CodeGen.JobsILPostProcessor, zzzUnity.Burst.CodeGen.BurstILPostProcessor

running Unity.Jobs.CodeGen.JobsILPostProcessor

running zzzUnity.Burst.CodeGen.BurstILPostProcessor
[1474/1771  0s] ILPostProcess Library/Bee/artifacts/1900b0aEDbg.dag/post-processed/ResourceLoader.dll (+pdb)
Processing assembly Library/Bee/artifacts/1900b0aEDbg.dag/ResourceLoader.dll, with 142 defines and 316 references

processors: Unity.Jobs.CodeGen.JobsILPostProcessor, zzzUnity.Burst.CodeGen.BurstILPostProcessor

running Unity.Jobs.CodeGen.JobsILPostProcessor

running zzzUnity.Burst.CodeGen.BurstILPostProcessor
[1475/1771  0s] ILPostProcess Library/Bee/artifacts/1900b0aEDbg.dag/post-processed/glTFast.Export.dll (+pdb)
Processing assembly Library/Bee/artifacts/1900b0aEDbg.dag/glTFast.Export.dll, with 145 defines and 319 references

processors: Unity.Jobs.CodeGen.JobsILPostProcessor, zzzUnity.Burst.CodeGen.BurstILPostProcessor

running Unity.Jobs.CodeGen.JobsILPostProcessor

running zzzUnity.Burst.CodeGen.BurstILPostProcessor
[1476/1771  0s] ILPostProcess Library/Bee/artifacts/1900b0aEDbg.dag/post-processed/Unity.Cinemachine.dll (+pdb)
Processing assembly Library/Bee/artifacts/1900b0aEDbg.dag/Unity.Cinemachine.dll, with 151 defines and 320 references

processors: Unity.Jobs.CodeGen.JobsILPostProcessor, zzzUnity.Burst.CodeGen.BurstILPostProcessor

running Unity.Jobs.CodeGen.JobsILPostProcessor

running zzzUnity.Burst.CodeGen.BurstILPostProcessor
[1477/1771  0s] ILPostProcess Library/Bee/artifacts/1900b0aEDbg.dag/post-processed/Unity.RenderPipeline.Universal.ShaderLibrary.dll (+pdb)
Processing assembly Library/Bee/artifacts/1900b0aEDbg.dag/Unity.RenderPipeline.Universal.ShaderLibrary.dll, with 142 defines and 315 references

processors: Unity.Jobs.CodeGen.JobsILPostProcessor, zzzUnity.Burst.CodeGen.BurstILPostProcessor

running Unity.Jobs.CodeGen.JobsILPostProcessor

running zzzUnity.Burst.CodeGen.BurstILPostProcessor
[1478/1771  0s] ILPostProcess Library/Bee/artifacts/1900b0aEDbg.dag/post-processed/Unity.Splines.dll (+pdb)
Processing assembly Library/Bee/artifacts/1900b0aEDbg.dag/Unity.Splines.dll, with 144 defines and 316 references

processors: Unity.Jobs.CodeGen.JobsILPostProcessor, zzzUnity.Burst.CodeGen.BurstILPostProcessor

running Unity.Jobs.CodeGen.JobsILPostProcessor

running zzzUnity.Burst.CodeGen.BurstILPostProcessor
[1479/1771  0s] ILPostProcess Library/Bee/artifacts/1900b0aEDbg.dag/post-processed/Unity.RenderPipelines.ShaderGraph.ShaderGraphLibrary.dll (+pdb)
Processing assembly Library/Bee/artifacts/1900b0aEDbg.dag/Unity.RenderPipelines.ShaderGraph.ShaderGraphLibrary.dll, with 142 defines and 314 references

processors: Unity.Jobs.CodeGen.JobsILPostProcessor, zzzUnity.Burst.CodeGen.BurstILPostProcessor

running Unity.Jobs.CodeGen.JobsILPostProcessor

running zzzUnity.Burst.CodeGen.BurstILPostProcessor
[1480/1771  0s] ILPostProcess Library/Bee/artifacts/1900b0aEDbg.dag/post-processed/Unity.ProBuilder.dll (+pdb)
Processing assembly Library/Bee/artifacts/1900b0aEDbg.dag/Unity.ProBuilder.dll, with 144 defines and 318 references

processors: Unity.Jobs.CodeGen.JobsILPostProcessor, zzzUnity.Burst.CodeGen.BurstILPostProcessor

running Unity.Jobs.CodeGen.JobsILPostProcessor

running zzzUnity.Burst.CodeGen.BurstILPostProcessor
[1481/1771  0s] ILPostProcess Library/Bee/artifacts/1900b0aEDbg.dag/post-processed/Unity.ProBuilder.Stl.dll (+pdb)
Processing assembly Library/Bee/artifacts/1900b0aEDbg.dag/Unity.ProBuilder.Stl.dll, with 142 defines and 314 references

processors: Unity.Jobs.CodeGen.JobsILPostProcessor, zzzUnity.Burst.CodeGen.BurstILPostProcessor

running Unity.Jobs.CodeGen.JobsILPostProcessor

running zzzUnity.Burst.CodeGen.BurstILPostProcessor
[1482/1771  0s] ILPostProcess Library/Bee/artifacts/1900b0aEDbg.dag/post-processed/Logger.dll (+pdb)
Processing assembly Library/Bee/artifacts/1900b0aEDbg.dag/Logger.dll, with 142 defines and 314 references

processors: Unity.Jobs.CodeGen.JobsILPostProcessor, zzzUnity.Burst.CodeGen.BurstILPostProcessor

running Unity.Jobs.CodeGen.JobsILPostProcessor

running zzzUnity.Burst.CodeGen.BurstILPostProcessor
[1483/1771  0s] ILPostProcess Library/Bee/artifacts/1900b0aEDbg.dag/post-processed/TickHandler.dll (+pdb)
Processing assembly Library/Bee/artifacts/1900b0aEDbg.dag/TickHandler.dll, with 142 defines and 314 references

processors: Unity.Jobs.CodeGen.JobsILPostProcessor, zzzUnity.Burst.CodeGen.BurstILPostProcessor

running Unity.Jobs.CodeGen.JobsILPostProcessor

running zzzUnity.Burst.CodeGen.BurstILPostProcessor
[1484/1771  0s] ILPostProcess Library/Bee/artifacts/1900b0aEDbg.dag/post-processed/MVP.Example.dll (+pdb)
Processing assembly Library/Bee/artifacts/1900b0aEDbg.dag/MVP.Example.dll, with 142 defines and 317 references

processors: Unity.Jobs.CodeGen.JobsILPostProcessor, zzzUnity.Burst.CodeGen.BurstILPostProcessor

running Unity.Jobs.CodeGen.JobsILPostProcessor

running zzzUnity.Burst.CodeGen.BurstILPostProcessor
[1485/1771  0s] ILPostProcess Library/Bee/artifacts/1900b0aEDbg.dag/post-processed/DialogSystem.Example.dll (+pdb)
Processing assembly Library/Bee/artifacts/1900b0aEDbg.dag/DialogSystem.Example.dll, with 142 defines and 316 references

processors: Unity.Jobs.CodeGen.JobsILPostProcessor, zzzUnity.Burst.CodeGen.BurstILPostProcessor

running Unity.Jobs.CodeGen.JobsILPostProcessor

running zzzUnity.Burst.CodeGen.BurstILPostProcessor
[1486/1771  0s] ILPostProcess Library/Bee/artifacts/1900b0aEDbg.dag/post-processed/Unity.ScriptableBuildPipeline.dll (+pdb)
Processing assembly Library/Bee/artifacts/1900b0aEDbg.dag/Unity.ScriptableBuildPipeline.dll, with 142 defines and 314 references

processors: Unity.Jobs.CodeGen.JobsILPostProcessor, zzzUnity.Burst.CodeGen.BurstILPostProcessor

running Unity.Jobs.CodeGen.JobsILPostProcessor

running zzzUnity.Burst.CodeGen.BurstILPostProcessor
[1487/1771  0s] ILPostProcess Library/Bee/artifacts/1900b0aEDbg.dag/post-processed/Config.Example.dll (+pdb)
Processing assembly Library/Bee/artifacts/1900b0aEDbg.dag/Config.Example.dll, with 142 defines and 315 references

processors: Unity.Jobs.CodeGen.JobsILPostProcessor, zzzUnity.Burst.CodeGen.BurstILPostProcessor

running Unity.Jobs.CodeGen.JobsILPostProcessor

running zzzUnity.Burst.CodeGen.BurstILPostProcessor
[1488/1771  0s] ILPostProcess Library/Bee/artifacts/1900b0aEDbg.dag/post-processed/MVP.Tests.dll (+pdb)
Processing assembly Library/Bee/artifacts/1900b0aEDbg.dag/MVP.Tests.dll, with 142 defines and 291 references

processors: Unity.Jobs.CodeGen.JobsILPostProcessor, zzzUnity.Burst.CodeGen.BurstILPostProcessor

running Unity.Jobs.CodeGen.JobsILPostProcessor

running zzzUnity.Burst.CodeGen.BurstILPostProcessor
[1489/1771  0s] Csc Library/Bee/artifacts/1900b0aEDbg.dag/Assembly-CSharp-Editor.dll (+2 others)
[1490/1771  0s] ILPostProcess Library/Bee/artifacts/1900b0aEDbg.dag/post-processed/DialogSystem.Flow.dll (+pdb)
Processing assembly Library/Bee/artifacts/1900b0aEDbg.dag/DialogSystem.Flow.dll, with 142 defines and 315 references

processors: Unity.Jobs.CodeGen.JobsILPostProcessor, zzzUnity.Burst.CodeGen.BurstILPostProcessor

running Unity.Jobs.CodeGen.JobsILPostProcessor

running zzzUnity.Burst.CodeGen.BurstILPostProcessor
[1491/1771  0s] ILPostProcess Library/Bee/artifacts/1900b0aEDbg.dag/post-processed/Unity.InternalAPIEngineBridge.004.dll (+pdb)
Processing assembly Library/Bee/artifacts/1900b0aEDbg.dag/Unity.InternalAPIEngineBridge.004.dll, with 142 defines and 314 references

processors: Unity.Jobs.CodeGen.JobsILPostProcessor, zzzUnity.Burst.CodeGen.BurstILPostProcessor

running Unity.Jobs.CodeGen.JobsILPostProcessor

running zzzUnity.Burst.CodeGen.BurstILPostProcessor
[1492/1771  0s] ILPostProcess Library/Bee/artifacts/1900b0aEDbg.dag/post-processed/Root.Example.dll (+pdb)
Processing assembly Library/Bee/artifacts/1900b0aEDbg.dag/Root.Example.dll, with 142 defines and 316 references

processors: Unity.Jobs.CodeGen.JobsILPostProcessor, zzzUnity.Burst.CodeGen.BurstILPostProcessor

running Unity.Jobs.CodeGen.JobsILPostProcessor

running zzzUnity.Burst.CodeGen.BurstILPostProcessor
[1493/1771  0s] ILPostProcess Library/Bee/artifacts/1900b0aEDbg.dag/post-processed/UniTask.Addressables.dll (+pdb)
Processing assembly Library/Bee/artifacts/1900b0aEDbg.dag/UniTask.Addressables.dll, with 143 defines and 317 references

processors: Unity.Jobs.CodeGen.JobsILPostProcessor, zzzUnity.Burst.CodeGen.BurstILPostProcessor

running Unity.Jobs.CodeGen.JobsILPostProcessor

running zzzUnity.Burst.CodeGen.BurstILPostProcessor
[1494/1771  0s] ILPostProcess Library/Bee/artifacts/1900b0aEDbg.dag/post-processed/Unity.ProBuilder.KdTree.dll (+pdb)
Processing assembly Library/Bee/artifacts/1900b0aEDbg.dag/Unity.ProBuilder.KdTree.dll, with 142 defines and 314 references

processors: Unity.Jobs.CodeGen.JobsILPostProcessor, zzzUnity.Burst.CodeGen.BurstILPostProcessor

running Unity.Jobs.CodeGen.JobsILPostProcessor

running zzzUnity.Burst.CodeGen.BurstILPostProcessor
[1495/1771  0s] ILPostProcess Library/Bee/artifacts/1900b0aEDbg.dag/post-processed/MVP.dll (+pdb)
Processing assembly Library/Bee/artifacts/1900b0aEDbg.dag/MVP.dll, with 142 defines and 316 references

processors: Unity.Jobs.CodeGen.JobsILPostProcessor, zzzUnity.Burst.CodeGen.BurstILPostProcessor

running Unity.Jobs.CodeGen.JobsILPostProcessor

running zzzUnity.Burst.CodeGen.BurstILPostProcessor
[1496/1771  0s] ILPostProcess Library/Bee/artifacts/1900b0aEDbg.dag/post-processed/Unity.InternalAPIEngineBridge.RenderPipelines.Core.Runtime.Shared.dll (+pdb)
Processing assembly Library/Bee/artifacts/1900b0aEDbg.dag/Unity.InternalAPIEngineBridge.RenderPipelines.Core.Runtime.Shared.dll, with 142 defines and 314 references

processors: Unity.Jobs.CodeGen.JobsILPostProcessor, zzzUnity.Burst.CodeGen.BurstILPostProcessor

running Unity.Jobs.CodeGen.JobsILPostProcessor

running zzzUnity.Burst.CodeGen.BurstILPostProcessor
[1497/1771  0s] ILPostProcess Library/Bee/artifacts/1900b0aEDbg.dag/post-processed/Unity.VisualScripting.State.dll (+pdb)
Processing assembly Library/Bee/artifacts/1900b0aEDbg.dag/Unity.VisualScripting.State.dll, with 142 defines and 316 references

processors: Unity.Jobs.CodeGen.JobsILPostProcessor, zzzUnity.Burst.CodeGen.BurstILPostProcessor

running Unity.Jobs.CodeGen.JobsILPostProcessor

running zzzUnity.Burst.CodeGen.BurstILPostProcessor
[1498/1771  0s] ILPostProcess Library/Bee/artifacts/1900b0aEDbg.dag/post-processed/Unity.VisualScripting.Core.dll (+pdb)
Processing assembly Library/Bee/artifacts/1900b0aEDbg.dag/Unity.VisualScripting.Core.dll, with 145 defines and 314 references

processors: Unity.Jobs.CodeGen.JobsILPostProcessor, zzzUnity.Burst.CodeGen.BurstILPostProcessor

running Unity.Jobs.CodeGen.JobsILPostProcessor

running zzzUnity.Burst.CodeGen.BurstILPostProcessor
[1499/1771  0s] ILPostProcess Library/Bee/artifacts/1900b0aEDbg.dag/post-processed/UniTask.dll (+pdb)
Processing assembly Library/Bee/artifacts/1900b0aEDbg.dag/UniTask.dll, with 148 defines and 314 references

processors: Unity.Jobs.CodeGen.JobsILPostProcessor, zzzUnity.Burst.CodeGen.BurstILPostProcessor

running Unity.Jobs.CodeGen.JobsILPostProcessor

running zzzUnity.Burst.CodeGen.BurstILPostProcessor
[1500/1771  1s] ILPostProcess Library/Bee/artifacts/1900b0aEDbg.dag/post-processed/Unity.RenderPipelines.Universal.2D.Runtime.dll (+pdb)
Processing assembly Library/Bee/artifacts/1900b0aEDbg.dag/Unity.RenderPipelines.Universal.2D.Runtime.dll, with 145 defines and 319 references

processors: Unity.Jobs.CodeGen.JobsILPostProcessor, zzzUnity.Burst.CodeGen.BurstILPostProcessor

running Unity.Jobs.CodeGen.JobsILPostProcessor

running zzzUnity.Burst.CodeGen.BurstILPostProcessor
[1501/1771  0s] ILPostProcess Library/Bee/artifacts/1900b0aEDbg.dag/post-processed/MCPForUnity.Runtime.dll (+pdb)
Processing assembly Library/Bee/artifacts/1900b0aEDbg.dag/MCPForUnity.Runtime.dll, with 142 defines and 314 references

processors: Unity.Jobs.CodeGen.JobsILPostProcessor, zzzUnity.Burst.CodeGen.BurstILPostProcessor

running Unity.Jobs.CodeGen.JobsILPostProcessor

running zzzUnity.Burst.CodeGen.BurstILPostProcessor
[1502/1771  1s] ILPostProcess Library/Bee/artifacts/1900b0aEDbg.dag/post-processed/Unity.Burst.dll (+pdb)
Processing assembly Library/Bee/artifacts/1900b0aEDbg.dag/Unity.Burst.dll, with 142 defines and 293 references

processors: Unity.Jobs.CodeGen.JobsILPostProcessor, zzzUnity.Burst.CodeGen.BurstILPostProcessor

running Unity.Jobs.CodeGen.JobsILPostProcessor

running zzzUnity.Burst.CodeGen.BurstILPostProcessor
[1503/1771  1s] ILPostProcess Library/Bee/artifacts/1900b0aEDbg.dag/post-processed/Unity.RenderPipelines.Core.Runtime.Shared.dll (+pdb)
Processing assembly Library/Bee/artifacts/1900b0aEDbg.dag/Unity.RenderPipelines.Core.Runtime.Shared.dll, with 142 defines and 317 references

processors: Unity.Jobs.CodeGen.JobsILPostProcessor, zzzUnity.Burst.CodeGen.BurstILPostProcessor

running Unity.Jobs.CodeGen.JobsILPostProcessor

running zzzUnity.Burst.CodeGen.BurstILPostProcessor
[1504/1771  0s] ILPostProcess Library/Bee/artifacts/1900b0aEDbg.dag/post-processed/Unity.Searcher.Editor.dll (+pdb)
Processing assembly Library/Bee/artifacts/1900b0aEDbg.dag/Unity.Searcher.Editor.dll, with 143 defines and 366 references

processors: Unity.Jobs.CodeGen.JobsILPostProcessor, zzzUnity.Burst.CodeGen.BurstILPostProcessor

running Unity.Jobs.CodeGen.JobsILPostProcessor

running zzzUnity.Burst.CodeGen.BurstILPostProcessor
[1505/1771  0s] ILPostProcess Library/Bee/artifacts/1900b0aEDbg.dag/post-processed/Unity.RenderPipelines.Universal.Runtime.dll (+pdb)
Processing assembly Library/Bee/artifacts/1900b0aEDbg.dag/Unity.RenderPipelines.Universal.Runtime.dll, with 148 defines and 325 references

processors: Unity.Jobs.CodeGen.JobsILPostProcessor, zzzUnity.Burst.CodeGen.BurstILPostProcessor

running Unity.Jobs.CodeGen.JobsILPostProcessor

running zzzUnity.Burst.CodeGen.BurstILPostProcessor
[1506/1771  0s] ILPostProcess Library/Bee/artifacts/1900b0aEDbg.dag/post-processed/DetectionService.Tests.dll (+pdb)
Processing assembly Library/Bee/artifacts/1900b0aEDbg.dag/DetectionService.Tests.dll, with 143 defines and 345 references

processors: Unity.Jobs.CodeGen.JobsILPostProcessor, zzzUnity.Burst.CodeGen.BurstILPostProcessor

running Unity.Jobs.CodeGen.JobsILPostProcessor

running zzzUnity.Burst.CodeGen.BurstILPostProcessor
[1507/1771  1s] ILPostProcess Library/Bee/artifacts/1900b0aEDbg.dag/post-processed/glTFast.dots.dll (+pdb)
Processing assembly Library/Bee/artifacts/1900b0aEDbg.dag/glTFast.dots.dll, with 143 defines and 318 references

processors: Unity.Jobs.CodeGen.JobsILPostProcessor, zzzUnity.Burst.CodeGen.BurstILPostProcessor

running Unity.Jobs.CodeGen.JobsILPostProcessor

running zzzUnity.Burst.CodeGen.BurstILPostProcessor
[1508/1771  0s] ILPostProcess Library/Bee/artifacts/1900b0aEDbg.dag/post-processed/AssemblyExample.dll (+pdb)
Processing assembly Library/Bee/artifacts/1900b0aEDbg.dag/AssemblyExample.dll, with 143 defines and 368 references

processors: Unity.Jobs.CodeGen.JobsILPostProcessor, zzzUnity.Burst.CodeGen.BurstILPostProcessor

running Unity.Jobs.CodeGen.JobsILPostProcessor

running zzzUnity.Burst.CodeGen.BurstILPostProcessor
[1509/1771  0s] ILPostProcess Library/Bee/artifacts/1900b0aEDbg.dag/post-processed/BehaviourTree.Tests.dll (+pdb)
Processing assembly Library/Bee/artifacts/1900b0aEDbg.dag/BehaviourTree.Tests.dll, with 143 defines and 368 references

processors: Unity.Jobs.CodeGen.JobsILPostProcessor, zzzUnity.Burst.CodeGen.BurstILPostProcessor

running Unity.Jobs.CodeGen.JobsILPostProcessor

running zzzUnity.Burst.CodeGen.BurstILPostProcessor
[1510/1771  0s] ILPostProcess Library/Bee/artifacts/1900b0aEDbg.dag/post-processed/Unity.Addressables.DocExampleCode.Editor.Tests.dll (+pdb)
Processing assembly Library/Bee/artifacts/1900b0aEDbg.dag/Unity.Addressables.DocExampleCode.Editor.Tests.dll, with 145 defines and 348 references

processors: Unity.Jobs.CodeGen.JobsILPostProcessor, zzzUnity.Burst.CodeGen.BurstILPostProcessor

running Unity.Jobs.CodeGen.JobsILPostProcessor

running zzzUnity.Burst.CodeGen.BurstILPostProcessor
[1511/1771  0s] ILPostProcess Library/Bee/artifacts/1900b0aEDbg.dag/post-processed/Unity.TextMeshPro.Editor.dll (+pdb)
Processing assembly Library/Bee/artifacts/1900b0aEDbg.dag/Unity.TextMeshPro.Editor.dll, with 143 defines and 368 references

processors: Unity.Jobs.CodeGen.JobsILPostProcessor, zzzUnity.Burst.CodeGen.BurstILPostProcessor

running Unity.Jobs.CodeGen.JobsILPostProcessor

running zzzUnity.Burst.CodeGen.BurstILPostProcessor
[1512/1771  0s] ILPostProcess Library/Bee/artifacts/1900b0aEDbg.dag/post-processed/NuGetForUnity.dll (+pdb)
Processing assembly Library/Bee/artifacts/1900b0aEDbg.dag/NuGetForUnity.dll, with 143 defines and 347 references

processors: Unity.Jobs.CodeGen.JobsILPostProcessor, zzzUnity.Burst.CodeGen.BurstILPostProcessor

running Unity.Jobs.CodeGen.JobsILPostProcessor

running zzzUnity.Burst.CodeGen.BurstILPostProcessor
[1513/1771  0s] ILPostProcess Library/Bee/artifacts/1900b0aEDbg.dag/post-processed/LightDI.Tests.dll (+pdb)
Processing assembly Library/Bee/artifacts/1900b0aEDbg.dag/LightDI.Tests.dll, with 143 defines and 345 references

processors: Unity.Jobs.CodeGen.JobsILPostProcessor, zzzUnity.Burst.CodeGen.BurstILPostProcessor

running Unity.Jobs.CodeGen.JobsILPostProcessor

running zzzUnity.Burst.CodeGen.BurstILPostProcessor
[1514/1771  0s] ILPostProcess Library/Bee/artifacts/1900b0aEDbg.dag/post-processed/Unity.AutoGroupGenerator.Editor.dll (+pdb)
Processing assembly Library/Bee/artifacts/1900b0aEDbg.dag/Unity.AutoGroupGenerator.Editor.dll, with 143 defines and 368 references

processors: Unity.Jobs.CodeGen.JobsILPostProcessor, zzzUnity.Burst.CodeGen.BurstILPostProcessor

running Unity.Jobs.CodeGen.JobsILPostProcessor

running zzzUnity.Burst.CodeGen.BurstILPostProcessor
[1515/1771  0s] ILPostProcess Library/Bee/artifacts/1900b0aEDbg.dag/post-processed/Unity.InternalAPIEngineBridge.RenderPipelines.Core.Editor.dll (+pdb)
Processing assembly Library/Bee/artifacts/1900b0aEDbg.dag/Unity.InternalAPIEngineBridge.RenderPipelines.Core.Editor.dll, with 143 defines and 366 references

processors: Unity.Jobs.CodeGen.JobsILPostProcessor, zzzUnity.Burst.CodeGen.BurstILPostProcessor

running Unity.Jobs.CodeGen.JobsILPostProcessor

running zzzUnity.Burst.CodeGen.BurstILPostProcessor
[1516/1771  0s] ILPostProcess Library/Bee/artifacts/1900b0aEDbg.dag/post-processed/LocalizedDomain.Tests.dll (+pdb)
Processing assembly Library/Bee/artifacts/1900b0aEDbg.dag/LocalizedDomain.Tests.dll, with 143 defines and 345 references

processors: Unity.Jobs.CodeGen.JobsILPostProcessor, zzzUnity.Burst.CodeGen.BurstILPostProcessor

running Unity.Jobs.CodeGen.JobsILPostProcessor

running zzzUnity.Burst.CodeGen.BurstILPostProcessor
[1517/1771  0s] ILPostProcess Library/Bee/artifacts/1900b0aEDbg.dag/post-processed/LocalizedDomain.Editor.dll (+pdb)
Processing assembly Library/Bee/artifacts/1900b0aEDbg.dag/LocalizedDomain.Editor.dll, with 143 defines and 368 references

processors: Unity.Jobs.CodeGen.JobsILPostProcessor, zzzUnity.Burst.CodeGen.BurstILPostProcessor

running Unity.Jobs.CodeGen.JobsILPostProcessor

running zzzUnity.Burst.CodeGen.BurstILPostProcessor
[1518/1771  0s] ILPostProcess Library/Bee/artifacts/1900b0aEDbg.dag/post-processed/Config.Tests.dll (+pdb)
Processing assembly Library/Bee/artifacts/1900b0aEDbg.dag/Config.Tests.dll, with 143 defines and 367 references

processors: Unity.Jobs.CodeGen.JobsILPostProcessor, zzzUnity.Burst.CodeGen.BurstILPostProcessor

running Unity.Jobs.CodeGen.JobsILPostProcessor

running zzzUnity.Burst.CodeGen.BurstILPostProcessor
[1519/1771  0s] ILPostProcess Library/Bee/artifacts/1900b0aEDbg.dag/post-processed/ResourceLoader.Tests.dll (+pdb)
Processing assembly Library/Bee/artifacts/1900b0aEDbg.dag/ResourceLoader.Tests.dll, with 143 defines and 347 references

processors: Unity.Jobs.CodeGen.JobsILPostProcessor, zzzUnity.Burst.CodeGen.BurstILPostProcessor

running Unity.Jobs.CodeGen.JobsILPostProcessor

running zzzUnity.Burst.CodeGen.BurstILPostProcessor
[1520/1771  0s] ILPostProcess Library/Bee/artifacts/1900b0aEDbg.dag/post-processed/Observer.Tests.dll (+pdb)
Processing assembly Library/Bee/artifacts/1900b0aEDbg.dag/Observer.Tests.dll, with 143 defines and 345 references

processors: Unity.Jobs.CodeGen.JobsILPostProcessor, zzzUnity.Burst.CodeGen.BurstILPostProcessor

running Unity.Jobs.CodeGen.JobsILPostProcessor

running zzzUnity.Burst.CodeGen.BurstILPostProcessor
[1521/1771  0s] ILPostProcess Library/Bee/artifacts/1900b0aEDbg.dag/post-processed/LocalSaveSystem.Tests.dll (+pdb)
Processing assembly Library/Bee/artifacts/1900b0aEDbg.dag/LocalSaveSystem.Tests.dll, with 143 defines and 345 references

processors: Unity.Jobs.CodeGen.JobsILPostProcessor, zzzUnity.Burst.CodeGen.BurstILPostProcessor

running Unity.Jobs.CodeGen.JobsILPostProcessor

running zzzUnity.Burst.CodeGen.BurstILPostProcessor
[1522/1771  0s] ILPostProcess Library/Bee/artifacts/1900b0aEDbg.dag/post-processed/Unity.Timeline.Editor.dll (+pdb)
Processing assembly Library/Bee/artifacts/1900b0aEDbg.dag/Unity.Timeline.Editor.dll, with 144 defines and 367 references

processors: Unity.Jobs.CodeGen.JobsILPostProcessor, zzzUnity.Burst.CodeGen.BurstILPostProcessor

running Unity.Jobs.CodeGen.JobsILPostProcessor

running zzzUnity.Burst.CodeGen.BurstILPostProcessor
[1523/1771  0s] ILPostProcess Library/Bee/artifacts/1900b0aEDbg.dag/post-processed/MCPForUnity.Editor.dll (+pdb)
Processing assembly Library/Bee/artifacts/1900b0aEDbg.dag/MCPForUnity.Editor.dll, with 144 defines and 346 references

processors: Unity.Jobs.CodeGen.JobsILPostProcessor, zzzUnity.Burst.CodeGen.BurstILPostProcessor

running Unity.Jobs.CodeGen.JobsILPostProcessor

running zzzUnity.Burst.CodeGen.BurstILPostProcessor
[1524/1771  0s] ILPostProcess Library/Bee/artifacts/1900b0aEDbg.dag/post-processed/Disposable.Tests.dll (+pdb)
Processing assembly Library/Bee/artifacts/1900b0aEDbg.dag/Disposable.Tests.dll, with 143 defines and 345 references

processors: Unity.Jobs.CodeGen.JobsILPostProcessor, zzzUnity.Burst.CodeGen.BurstILPostProcessor

running Unity.Jobs.CodeGen.JobsILPostProcessor

running zzzUnity.Burst.CodeGen.BurstILPostProcessor
[1525/1771  0s] ILPostProcess Library/Bee/artifacts/1900b0aEDbg.dag/post-processed/Unity.VisualScripting.State.Editor.dll (+pdb)
Processing assembly Library/Bee/artifacts/1900b0aEDbg.dag/Unity.VisualScripting.State.Editor.dll, with 143 defines and 371 references

processors: Unity.Jobs.CodeGen.JobsILPostProcessor, zzzUnity.Burst.CodeGen.BurstILPostProcessor

running Unity.Jobs.CodeGen.JobsILPostProcessor

running zzzUnity.Burst.CodeGen.BurstILPostProcessor
[1526/1771  0s] ILPostProcess Library/Bee/artifacts/1900b0aEDbg.dag/post-processed/Unity.Cursor.Editor.dll (+pdb)
Processing assembly Library/Bee/artifacts/1900b0aEDbg.dag/Unity.Cursor.Editor.dll, with 143 defines and 345 references

processors: Unity.Jobs.CodeGen.JobsILPostProcessor, zzzUnity.Burst.CodeGen.BurstILPostProcessor

running Unity.Jobs.CodeGen.JobsILPostProcessor

running zzzUnity.Burst.CodeGen.BurstILPostProcessor
[1527/1771  0s] ILPostProcess Library/Bee/artifacts/1900b0aEDbg.dag/post-processed/Unity.VisualScripting.Flow.Editor.dll (+pdb)
Processing assembly Library/Bee/artifacts/1900b0aEDbg.dag/Unity.VisualScripting.Flow.Editor.dll, with 143 defines and 369 references

processors: Unity.Jobs.CodeGen.JobsILPostProcessor, zzzUnity.Burst.CodeGen.BurstILPostProcessor

running Unity.Jobs.CodeGen.JobsILPostProcessor

running zzzUnity.Burst.CodeGen.BurstILPostProcessor
[1528/1771  1s] ILPostProcess Library/Bee/artifacts/1900b0aEDbg.dag/post-processed/Unity.Burst.Editor.dll (+pdb)
Processing assembly Library/Bee/artifacts/1900b0aEDbg.dag/Unity.Burst.Editor.dll, with 143 defines and 367 references

processors: Unity.Jobs.CodeGen.JobsILPostProcessor, zzzUnity.Burst.CodeGen.BurstILPostProcessor

running Unity.Jobs.CodeGen.JobsILPostProcessor

running zzzUnity.Burst.CodeGen.BurstILPostProcessor
[1529/1771  0s] ILPostProcess Library/Bee/artifacts/1900b0aEDbg.dag/post-processed/Unity.Rendering.LightTransport.Editor.dll (+pdb)
Processing assembly Library/Bee/artifacts/1900b0aEDbg.dag/Unity.Rendering.LightTransport.Editor.dll, with 143 defines and 366 references

processors: Unity.Jobs.CodeGen.JobsILPostProcessor, zzzUnity.Burst.CodeGen.BurstILPostProcessor

running Unity.Jobs.CodeGen.JobsILPostProcessor

running zzzUnity.Burst.CodeGen.BurstILPostProcessor
[1530/1771  0s] ILPostProcess Library/Bee/artifacts/1900b0aEDbg.dag/post-processed/Unity.VisualScripting.SettingsProvider.Editor.dll (+pdb)
Processing assembly Library/Bee/artifacts/1900b0aEDbg.dag/Unity.VisualScripting.SettingsProvider.Editor.dll, with 143 defines and 371 references

processors: Unity.Jobs.CodeGen.JobsILPostProcessor, zzzUnity.Burst.CodeGen.BurstILPostProcessor

running Unity.Jobs.CodeGen.JobsILPostProcessor

running zzzUnity.Burst.CodeGen.BurstILPostProcessor
[1531/1771  0s] ILPostProcess Library/Bee/artifacts/1900b0aEDbg.dag/post-processed/Unity.PlasticSCM.Editor.Entities.dll (+pdb)
Processing assembly Library/Bee/artifacts/1900b0aEDbg.dag/Unity.PlasticSCM.Editor.Entities.dll, with 143 defines and 367 references

processors: Unity.Jobs.CodeGen.JobsILPostProcessor, zzzUnity.Burst.CodeGen.BurstILPostProcessor

running Unity.Jobs.CodeGen.JobsILPostProcessor

running zzzUnity.Burst.CodeGen.BurstILPostProcessor
[1532/1771  0s] ILPostProcess Library/Bee/artifacts/1900b0aEDbg.dag/post-processed/Unity.RenderPipelines.Universal.Editor.dll (+pdb)
Processing assembly Library/Bee/artifacts/1900b0aEDbg.dag/Unity.RenderPipelines.Universal.Editor.dll, with 146 defines and 380 references

processors: Unity.Jobs.CodeGen.JobsILPostProcessor, zzzUnity.Burst.CodeGen.BurstILPostProcessor

running Unity.Jobs.CodeGen.JobsILPostProcessor

running zzzUnity.Burst.CodeGen.BurstILPostProcessor
[1533/1771  0s] ILPostProcess Library/Bee/artifacts/1900b0aEDbg.dag/post-processed/DialogSystem.Tests.dll (+pdb)
Processing assembly Library/Bee/artifacts/1900b0aEDbg.dag/DialogSystem.Tests.dll, with 143 defines and 367 references

processors: Unity.Jobs.CodeGen.JobsILPostProcessor, zzzUnity.Burst.CodeGen.BurstILPostProcessor

running Unity.Jobs.CodeGen.JobsILPostProcessor

running zzzUnity.Burst.CodeGen.BurstILPostProcessor
[1534/1771  0s] ILPostProcess Library/Bee/artifacts/1900b0aEDbg.dag/post-processed/Unity.VisualScripting.Core.Editor.dll (+pdb)
Processing assembly Library/Bee/artifacts/1900b0aEDbg.dag/Unity.VisualScripting.Core.Editor.dll, with 143 defines and 367 references

processors: Unity.Jobs.CodeGen.JobsILPostProcessor, zzzUnity.Burst.CodeGen.BurstILPostProcessor

running Unity.Jobs.CodeGen.JobsILPostProcessor

running zzzUnity.Burst.CodeGen.BurstILPostProcessor
[1535/1771  0s] ILPostProcess Library/Bee/artifacts/1900b0aEDbg.dag/post-processed/Unity.CollabProxy.Editor.dll (+pdb)
Processing assembly Library/Bee/artifacts/1900b0aEDbg.dag/Unity.CollabProxy.Editor.dll, with 143 defines and 367 references

processors: Unity.Jobs.CodeGen.JobsILPostProcessor, zzzUnity.Burst.CodeGen.BurstILPostProcessor

running Unity.Jobs.CodeGen.JobsILPostProcessor

running zzzUnity.Burst.CodeGen.BurstILPostProcessor
[1536/1771  0s] ILPostProcess Library/Bee/artifacts/1900b0aEDbg.dag/post-processed/Unity.Splines.Editor.dll (+pdb)
Processing assembly Library/Bee/artifacts/1900b0aEDbg.dag/Unity.Splines.Editor.dll, with 143 defines and 369 references

processors: Unity.Jobs.CodeGen.JobsILPostProcessor, zzzUnity.Burst.CodeGen.BurstILPostProcessor

running Unity.Jobs.CodeGen.JobsILPostProcessor

running zzzUnity.Burst.CodeGen.BurstILPostProcessor
[1537/1771  0s] ILPostProcess Library/Bee/artifacts/1900b0aEDbg.dag/post-processed/glTFast.Editor.dll (+pdb)
Processing assembly Library/Bee/artifacts/1900b0aEDbg.dag/glTFast.Editor.dll, with 145 defines and 369 references

processors: Unity.Jobs.CodeGen.JobsILPostProcessor, zzzUnity.Burst.CodeGen.BurstILPostProcessor

running Unity.Jobs.CodeGen.JobsILPostProcessor

running zzzUnity.Burst.CodeGen.BurstILPostProcessor
[1538/1771  0s] ILPostProcess Library/Bee/artifacts/1900b0aEDbg.dag/post-processed/Unity.ProBuilder.AssetIdRemapUtility.dll (+pdb)
Processing assembly Library/Bee/artifacts/1900b0aEDbg.dag/Unity.ProBuilder.AssetIdRemapUtility.dll, with 143 defines and 366 references

processors: Unity.Jobs.CodeGen.JobsILPostProcessor, zzzUnity.Burst.CodeGen.BurstILPostProcessor

running Unity.Jobs.CodeGen.JobsILPostProcessor

running zzzUnity.Burst.CodeGen.BurstILPostProcessor
[1539/1771  0s] ILPostProcess Library/Bee/artifacts/1900b0aEDbg.dag/post-processed/Unity.VisualScripting.Shared.Editor.dll (+pdb)
Processing assembly Library/Bee/artifacts/1900b0aEDbg.dag/Unity.VisualScripting.Shared.Editor.dll, with 143 defines and 372 references

processors: Unity.Jobs.CodeGen.JobsILPostProcessor, zzzUnity.Burst.CodeGen.BurstILPostProcessor

running Unity.Jobs.CodeGen.JobsILPostProcessor

running zzzUnity.Burst.CodeGen.BurstILPostProcessor
[1540/1771  0s] ILPostProcess Library/Bee/artifacts/1900b0aEDbg.dag/post-processed/Unity.RenderPipelines.Universal.2D.Editor.Overrides.dll (+pdb)
Processing assembly Library/Bee/artifacts/1900b0aEDbg.dag/Unity.RenderPipelines.Universal.2D.Editor.Overrides.dll, with 145 defines and 376 references

processors: Unity.Jobs.CodeGen.JobsILPostProcessor, zzzUnity.Burst.CodeGen.BurstILPostProcessor

running Unity.Jobs.CodeGen.JobsILPostProcessor

running zzzUnity.Burst.CodeGen.BurstILPostProcessor
[1541/1771  0s] ILPostProcess Library/Bee/artifacts/1900b0aEDbg.dag/post-processed/Unity.PlasticSCM.Editor.Assistant.dll (+pdb)
Processing assembly Library/Bee/artifacts/1900b0aEDbg.dag/Unity.PlasticSCM.Editor.Assistant.dll, with 143 defines and 367 references

processors: Unity.Jobs.CodeGen.JobsILPostProcessor, zzzUnity.Burst.CodeGen.BurstILPostProcessor

running Unity.Jobs.CodeGen.JobsILPostProcessor

running zzzUnity.Burst.CodeGen.BurstILPostProcessor
[1542/1771  0s] ILPostProcess Library/Bee/artifacts/1900b0aEDbg.dag/post-processed/Unity.Settings.Editor.dll (+pdb)
Processing assembly Library/Bee/artifacts/1900b0aEDbg.dag/Unity.Settings.Editor.dll, with 143 defines and 366 references

processors: Unity.Jobs.CodeGen.JobsILPostProcessor, zzzUnity.Burst.CodeGen.BurstILPostProcessor

running Unity.Jobs.CodeGen.JobsILPostProcessor

running zzzUnity.Burst.CodeGen.BurstILPostProcessor
[1543/1771  2s] ILPostProcess Library/Bee/artifacts/1900b0aEDbg.dag/post-processed/Unity.PathTracing.Runtime.dll (+pdb)
Processing assembly Library/Bee/artifacts/1900b0aEDbg.dag/Unity.PathTracing.Runtime.dll, with 143 defines and 318 references

processors: Unity.Jobs.CodeGen.JobsILPostProcessor, zzzUnity.Burst.CodeGen.BurstILPostProcessor

running Unity.Jobs.CodeGen.JobsILPostProcessor

running zzzUnity.Burst.CodeGen.BurstILPostProcessor
[1544/1771  0s] ILPostProcess Library/Bee/artifacts/1900b0aEDbg.dag/post-processed/Assembly-CSharp-Editor.dll (+pdb)
Processing assembly Library/Bee/artifacts/1900b0aEDbg.dag/Assembly-CSharp-Editor.dll, with 143 defines and 479 references

processors: Unity.Jobs.CodeGen.JobsILPostProcessor, zzzUnity.Burst.CodeGen.BurstILPostProcessor

running Unity.Jobs.CodeGen.JobsILPostProcessor

running zzzUnity.Burst.CodeGen.BurstILPostProcessor
[1545/1771  0s] ILPostProcess Library/Bee/artifacts/1900b0aEDbg.dag/post-processed/Root.Tests.dll (+pdb)
Processing assembly Library/Bee/artifacts/1900b0aEDbg.dag/Root.Tests.dll, with 143 defines and 368 references

processors: Unity.Jobs.CodeGen.JobsILPostProcessor, zzzUnity.Burst.CodeGen.BurstILPostProcessor

running Unity.Jobs.CodeGen.JobsILPostProcessor

running zzzUnity.Burst.CodeGen.BurstILPostProcessor
[1546/1771  0s] ILPostProcess Library/Bee/artifacts/1900b0aEDbg.dag/post-processed/UnityEditor.UI.Analytics.dll (+pdb)
Processing assembly Library/Bee/artifacts/1900b0aEDbg.dag/UnityEditor.UI.Analytics.dll, with 143 defines and 367 references

processors: Unity.Jobs.CodeGen.JobsILPostProcessor, zzzUnity.Burst.CodeGen.BurstILPostProcessor

running Unity.Jobs.CodeGen.JobsILPostProcessor

running zzzUnity.Burst.CodeGen.BurstILPostProcessor
[1547/1771  0s] ILPostProcess Library/Bee/artifacts/1900b0aEDbg.dag/post-processed/Unity.PathTracing.Editor.dll (+pdb)
Processing assembly Library/Bee/artifacts/1900b0aEDbg.dag/Unity.PathTracing.Editor.dll, with 144 defines and 370 references

processors: Unity.Jobs.CodeGen.JobsILPostProcessor, zzzUnity.Burst.CodeGen.BurstILPostProcessor

running Unity.Jobs.CodeGen.JobsILPostProcessor

running zzzUnity.Burst.CodeGen.BurstILPostProcessor
[1548/1771  0s] ILPostProcess Library/Bee/artifacts/1900b0aEDbg.dag/post-processed/Unity.PerformanceTesting.Editor.dll (+pdb)
Processing assembly Library/Bee/artifacts/1900b0aEDbg.dag/Unity.PerformanceTesting.Editor.dll, with 144 defines and 345 references

processors: Unity.Jobs.CodeGen.JobsILPostProcessor, zzzUnity.Burst.CodeGen.BurstILPostProcessor

running Unity.Jobs.CodeGen.JobsILPostProcessor

running zzzUnity.Burst.CodeGen.BurstILPostProcessor
[1549/1771  0s] ILPostProcess Library/Bee/artifacts/1900b0aEDbg.dag/post-processed/Unity.InternalAPIEditorBridge.ShaderGraph.Editor.dll (+pdb)
Processing assembly Library/Bee/artifacts/1900b0aEDbg.dag/Unity.InternalAPIEditorBridge.ShaderGraph.Editor.dll, with 143 defines and 366 references

processors: Unity.Jobs.CodeGen.JobsILPostProcessor, zzzUnity.Burst.CodeGen.BurstILPostProcessor

running Unity.Jobs.CodeGen.JobsILPostProcessor

running zzzUnity.Burst.CodeGen.BurstILPostProcessor
[1550/1771  0s] ILPostProcess Library/Bee/artifacts/1900b0aEDbg.dag/post-processed/Unity.ShaderGraph.Utilities.dll (+pdb)
Processing assembly Library/Bee/artifacts/1900b0aEDbg.dag/Unity.ShaderGraph.Utilities.dll, with 143 defines and 366 references

processors: Unity.Jobs.CodeGen.JobsILPostProcessor, zzzUnity.Burst.CodeGen.BurstILPostProcessor

running Unity.Jobs.CodeGen.JobsILPostProcessor

running zzzUnity.Burst.CodeGen.BurstILPostProcessor
[1551/1771  0s] ILPostProcess Library/Bee/artifacts/1900b0aEDbg.dag/post-processed/Unity.VisualEffectGraph.Editor.dll (+pdb)
Processing assembly Library/Bee/artifacts/1900b0aEDbg.dag/Unity.VisualEffectGraph.Editor.dll, with 144 defines and 372 references

processors: Unity.Jobs.CodeGen.JobsILPostProcessor, zzzUnity.Burst.CodeGen.BurstILPostProcessor

running Unity.Jobs.CodeGen.JobsILPostProcessor

running zzzUnity.Burst.CodeGen.BurstILPostProcessor
[1552/1771  0s] ILPostProcess Library/Bee/artifacts/1900b0aEDbg.dag/post-processed/Unity.ProBuilder.AddOns.Editor.dll (+pdb)
Processing assembly Library/Bee/artifacts/1900b0aEDbg.dag/Unity.ProBuilder.AddOns.Editor.dll, with 143 defines and 368 references

processors: Unity.Jobs.CodeGen.JobsILPostProcessor, zzzUnity.Burst.CodeGen.BurstILPostProcessor

running Unity.Jobs.CodeGen.JobsILPostProcessor

running zzzUnity.Burst.CodeGen.BurstILPostProcessor
[1553/1771  2s] ILPostProcess Library/Bee/artifacts/1900b0aEDbg.dag/post-processed/Unity.RenderPipelines.Core.Runtime.dll (+pdb)
Processing assembly Library/Bee/artifacts/1900b0aEDbg.dag/Unity.RenderPipelines.Core.Runtime.dll, with 145 defines and 317 references

processors: Unity.Jobs.CodeGen.JobsILPostProcessor, zzzUnity.Burst.CodeGen.BurstILPostProcessor

running Unity.Jobs.CodeGen.JobsILPostProcessor

running zzzUnity.Burst.CodeGen.BurstILPostProcessor
[1554/1771  0s] ILPostProcess Library/Bee/artifacts/1900b0aEDbg.dag/post-processed/LightDI.Example.dll (+pdb)
Processing assembly Library/Bee/artifacts/1900b0aEDbg.dag/LightDI.Example.dll, with 143 defines and 367 references

processors: Unity.Jobs.CodeGen.JobsILPostProcessor, zzzUnity.Burst.CodeGen.BurstILPostProcessor

running Unity.Jobs.CodeGen.JobsILPostProcessor

running zzzUnity.Burst.CodeGen.BurstILPostProcessor
[1555/1771  0s] ILPostProcess Library/Bee/artifacts/1900b0aEDbg.dag/post-processed/UnityEditor.UI.dll (+pdb)
Processing assembly Library/Bee/artifacts/1900b0aEDbg.dag/UnityEditor.UI.dll, with 146 defines and 365 references

processors: Unity.Jobs.CodeGen.JobsILPostProcessor, zzzUnity.Burst.CodeGen.BurstILPostProcessor

running Unity.Jobs.CodeGen.JobsILPostProcessor

running zzzUnity.Burst.CodeGen.BurstILPostProcessor
[1556/1771  0s] ILPostProcess Library/Bee/artifacts/1900b0aEDbg.dag/post-processed/Unity.ScriptableBuildPipeline.Editor.dll (+pdb)
Processing assembly Library/Bee/artifacts/1900b0aEDbg.dag/Unity.ScriptableBuildPipeline.Editor.dll, with 146 defines and 367 references

processors: Unity.Jobs.CodeGen.JobsILPostProcessor, zzzUnity.Burst.CodeGen.BurstILPostProcessor

running Unity.Jobs.CodeGen.JobsILPostProcessor

running zzzUnity.Burst.CodeGen.BurstILPostProcessor
[1557/1771  0s] CopyFiles Library/ScriptAssemblies/MVVM.Core.dll
[1558/1771  0s] ILPostProcess Library/Bee/artifacts/1900b0aEDbg.dag/post-processed/DialogSystem.Flow.Editor.dll (+pdb)
Processing assembly Library/Bee/artifacts/1900b0aEDbg.dag/DialogSystem.Flow.Editor.dll, with 143 defines and 368 references

processors: Unity.Jobs.CodeGen.JobsILPostProcessor, zzzUnity.Burst.CodeGen.BurstILPostProcessor

running Unity.Jobs.CodeGen.JobsILPostProcessor

running zzzUnity.Burst.CodeGen.BurstILPostProcessor
[1559/1771  0s] CopyFiles Library/ScriptAssemblies/Unity.ProBuilder.Stl.dll
[1560/1771  0s] CopyFiles Library/ScriptAssemblies/Unity.ScriptableBuildPipeline.dll
[1561/1771  0s] CopyFiles Library/ScriptAssemblies/LocalizedDomain.Unity.Addressables.dll
[1562/1771  0s] CopyFiles Library/ScriptAssemblies/UniTask.Addressables.dll
[1563/1771  0s] CopyFiles Library/ScriptAssemblies/Unity.RenderPipeline.Universal.ShaderLibrary.dll
[1564/1771  0s] CopyFiles Library/ScriptAssemblies/LocalizedDomain.Unity.dll
[1565/1771  0s] CopyFiles Library/ScriptAssemblies/Unity.Profiling.Core.dll
[1566/1771  0s] CopyFiles Library/ScriptAssemblies/UniTask.Linq.dll
[1567/1771  0s] CopyFiles Library/ScriptAssemblies/LocalizedDomain.Unity.TextMeshPro.dll
[1568/1771  0s] CopyFiles Library/ScriptAssemblies/Observer.Samples.dll
[1569/1771  0s] CopyFiles Library/ScriptAssemblies/UniTask.dll
[1570/1771  0s] CopyFiles Library/ScriptAssemblies/Unity.PathTracing.Runtime.dll
[1571/1771  0s] CopyFiles Library/ScriptAssemblies/ResourceLoader.dll
[1572/1771  0s] CopyFiles Library/ScriptAssemblies/TickHandler.dll
[1573/1771  0s] CopyFiles Library/ScriptAssemblies/Unity.RenderPipelines.Core.Runtime.Shared.dll
[1574/1771  0s] CopyFiles Library/ScriptAssemblies/MVVM.Reactive.dll
[1575/1771  0s] CopyFiles Library/ScriptAssemblies/LocalSaveSystem.Example.dll
[1576/1771  0s] CopyFiles Library/ScriptAssemblies/Unity.RenderPipelines.Universal.Config.Runtime.dll
[1577/1771  0s] CopyFiles Library/ScriptAssemblies/Unity.VisualScripting.DocCodeExamples.dll
[1578/1771  0s] CopyFiles Library/ScriptAssemblies/Unity.VisualEffectGraph.Runtime.dll
[1579/1771  0s] CopyFiles Library/ScriptAssemblies/UnityEngine.UI.dll
[1580/1771  0s] CopyFiles Library/ScriptAssemblies/Unity.VisualScripting.Flow.dll
[1581/1771  0s] CopyFiles Library/ScriptAssemblies/DialogSystem.Example.dll
[1582/1771  0s] CopyFiles Library/ScriptAssemblies/Unity.SurfaceCache.Runtime.dll
[1583/1771  0s] CopyFiles Library/ScriptAssemblies/Unity.RenderPipelines.Universal.Runtime.dll
[1584/1771  0s] CopyFiles Library/ScriptAssemblies/BehaviourTree.Example.dll
[1585/1771  0s] CopyFiles Library/ScriptAssemblies/LocalizedDomain.Example.dll
[1586/1771  0s] CopyFiles Library/ScriptAssemblies/Unity.RenderPipelines.Universal.Shaders.dll
[1587/1771  0s] CopyFiles Library/ScriptAssemblies/Unity.RenderPipelines.Universal.2D.Runtime.dll
[1588/1771  0s] CopyFiles Library/ScriptAssemblies/DialogSystem.Runtime.dll
[1589/1771  0s] CopyFiles Library/ScriptAssemblies/Observer.dll
[1590/1771  0s] CopyFiles Library/ScriptAssemblies/Config.Example.dll
[1591/1771  0s] CopyFiles Library/ScriptAssemblies/Unity.TextMeshPro.dll
[1592/1771  0s] CopyFiles Library/ScriptAssemblies/Unity.Timeline.dll
[1593/1771  0s] CopyFiles Library/ScriptAssemblies/Disposable.PlayModeTests.dll
[1594/1771  0s] CopyFiles Library/ScriptAssemblies/Unity.Addressables.dll
[1595/1771  0s] CopyFiles Library/ScriptAssemblies/MVP.dll
[1596/1771  0s] CopyFiles Library/ScriptAssemblies/UniTask.DOTween.dll
[1597/1771  0s] CopyFiles Library/ScriptAssemblies/Unity.Burst.dll
[1598/1771  0s] CopyFiles Library/ScriptAssemblies/BehaviourTree.dll
[1599/1771  0s] CopyFiles Library/ScriptAssemblies/Unity.ProBuilder.KdTree.dll
[1600/1771  0s] CopyFiles Library/ScriptAssemblies/Unity.ResourceManager.dll
[1601/1771  0s] CopyFiles Library/ScriptAssemblies/Unity.Splines.dll
[1602/1771  0s] CopyFiles Library/ScriptAssemblies/Root.dll
[1603/1771  0s] CopyFiles Library/ScriptAssemblies/Disposable.dll
[1604/1771  0s] CopyFiles Library/ScriptAssemblies/Unity.Cinemachine.dll
[1605/1771  0s] CopyFiles Library/ScriptAssemblies/MVP.Tests.dll
[1606/1771  0s] CopyFiles Library/ScriptAssemblies/UniTask.TextMeshPro.dll
[1607/1771  0s] CopyFiles Library/ScriptAssemblies/Unity.Mathematics.dll
[1608/1771  0s] CopyFiles Library/ScriptAssemblies/glTFast.Documentation.Examples.dll
[1609/1771  0s] CopyFiles Library/ScriptAssemblies/UniRx.Examples.dll
[1610/1771  0s] CopyFiles Library/ScriptAssemblies/Unity.ProBuilder.Poly2Tri.dll
[1611/1771  0s] CopyFiles Library/ScriptAssemblies/Root.Example.dll
[1612/1771  0s] CopyFiles Library/ScriptAssemblies/Unity.PerformanceTesting.dll
[1613/1771  0s] CopyFiles Library/ScriptAssemblies/Unity.InternalAPIEngineBridge.004.dll
[1614/1771  0s] CopyFiles Library/ScriptAssemblies/MCPForUnity.Runtime.dll
[1615/1771  0s] CopyFiles Library/ScriptAssemblies/DetectionService.dll
[1616/1771  0s] CopyFiles Library/ScriptAssemblies/UniRx.dll
[1617/1771  0s] CopyFiles Library/ScriptAssemblies/LightDI.dll
[1618/1771  0s] CopyFiles Library/ScriptAssemblies/MVP.Example.dll
[1619/1771  0s] CopyFiles Library/ScriptAssemblies/Unity.ProBuilder.Csg.dll
[1620/1771  0s] CopyFiles Library/ScriptAssemblies/Config.dll
[1621/1771  0s] CopyFiles Library/ScriptAssemblies/Logger.dll
[1622/1771  0s] CopyFiles Library/ScriptAssemblies/LocalizedDomain.Core.dll
[1623/1771  0s] CopyFiles Library/ScriptAssemblies/Unity.InternalAPIEngineBridge.RenderPipelines.Core.Runtime.Shared.dll
[1624/1771  0s] CopyFiles Library/ScriptAssemblies/Unity.RenderPipelines.ShaderGraph.ShaderGraphLibrary.dll
[1625/1771  0s] CopyFiles Library/ScriptAssemblies/Unity.VisualScripting.State.dll
[1626/1771  0s] CopyFiles Library/ScriptAssemblies/glTFast.Export.dll
[1627/1771  0s] CopyFiles Library/ScriptAssemblies/glTFast.Newtonsoft.dll
[1628/1771  0s] CopyFiles Library/ScriptAssemblies/DialogSystem.Flow.dll
[1629/1771  0s] CopyFiles Library/ScriptAssemblies/glTFast.dots.dll
[1630/1771  0s] CopyFiles Library/ScriptAssemblies/Unity.ProBuilder.dll
[1631/1771  0s] CopyFiles Library/ScriptAssemblies/Utils.dll
[1632/1771  0s] CopyFiles Library/ScriptAssemblies/Unity.VisualScripting.Core.dll
[1633/1771  0s] CopyFiles Library/ScriptAssemblies/SceneSwitcher.dll
[1634/1771  0s] CopyFiles Library/ScriptAssemblies/MVVM.Unity.dll
[1635/1771  0s] CopyFiles Library/ScriptAssemblies/MVVM.Example.dll
[1636/1771  0s] CopyFiles Library/ScriptAssemblies/LocalSaveSystem.dll
[1637/1771  0s] CopyFiles Library/ScriptAssemblies/MVVM.Tests.dll
[1638/1771  0s] CopyFiles Library/ScriptAssemblies/Unity.RenderPipelines.Core.ShaderLibrary.dll
[1639/1771  0s] CopyFiles Library/ScriptAssemblies/DialogSystem.Flow.Editor.pdb
[1640/1771  0s] CopyFiles Library/ScriptAssemblies/UnityEditor.UI.pdb
[1641/1771  0s] CopyFiles Library/ScriptAssemblies/Unity.ScriptableBuildPipeline.Editor.pdb
[1642/1771  0s] CopyFiles Library/ScriptAssemblies/LightDI.Example.dll
[1643/1771  0s] CopyFiles Library/ScriptAssemblies/LightDI.Example.pdb
[1644/1771  0s] CopyFiles Library/ScriptAssemblies/Unity.ShaderGraph.Utilities.pdb
[1645/1771  0s] CopyFiles Library/ScriptAssemblies/Unity.InternalAPIEditorBridge.ShaderGraph.Editor.pdb
[1646/1771  0s] CopyFiles Library/ScriptAssemblies/Unity.ShaderGraph.Utilities.dll
[1647/1771  0s] CopyFiles Library/ScriptAssemblies/Unity.InternalAPIEditorBridge.ShaderGraph.Editor.dll
[1648/1771  0s] CopyFiles Library/ScriptAssemblies/Unity.PathTracing.Editor.pdb
[1649/1771  0s] CopyFiles Library/ScriptAssemblies/Unity.VisualEffectGraph.Editor.pdb
[1650/1771  0s] CopyFiles Library/ScriptAssemblies/Unity.PathTracing.Editor.dll
[1651/1771  0s] CopyFiles Library/ScriptAssemblies/Unity.PerformanceTesting.Editor.dll
[1652/1771  0s] CopyFiles Library/ScriptAssemblies/Unity.PerformanceTesting.Editor.pdb
[1653/1771  0s] CopyFiles Library/ScriptAssemblies/Unity.RenderPipelines.Core.Runtime.pdb
[1654/1771  0s] CopyFiles Library/ScriptAssemblies/Unity.ProBuilder.AddOns.Editor.pdb
[1655/1771  0s] CopyFiles Library/ScriptAssemblies/Unity.ProBuilder.AddOns.Editor.dll
[1656/1771  0s] CopyFiles Library/ScriptAssemblies/UnityEditor.UI.Analytics.dll
[1657/1771  0s] CopyFiles Library/ScriptAssemblies/UnityEditor.UI.Analytics.pdb
[1658/1771  0s] CopyFiles Library/ScriptAssemblies/Root.Tests.dll
[1659/1771  0s] CopyFiles Library/ScriptAssemblies/Root.Tests.pdb
[1660/1771  0s] CopyFiles Library/ScriptAssemblies/Assembly-CSharp-Editor.dll
[1661/1771  0s] CopyFiles Library/ScriptAssemblies/Assembly-CSharp-Editor.pdb
[1662/1771  0s] CopyFiles Library/ScriptAssemblies/Unity.PathTracing.Runtime.pdb
[1663/1771  0s] CopyFiles Library/ScriptAssemblies/Unity.Settings.Editor.pdb
[1664/1771  0s] CopyFiles Library/ScriptAssemblies/Unity.Settings.Editor.dll
[1665/1771  0s] CopyFiles Library/ScriptAssemblies/Unity.PlasticSCM.Editor.Assistant.pdb
[1666/1771  0s] CopyFiles Library/ScriptAssemblies/Unity.PlasticSCM.Editor.Assistant.dll
[1667/1771  0s] CopyFiles Library/ScriptAssemblies/Unity.RenderPipelines.Universal.2D.Editor.Overrides.dll
[1668/1771  0s] CopyFiles Library/ScriptAssemblies/Unity.RenderPipelines.Universal.2D.Editor.Overrides.pdb
[1669/1771  0s] CopyFiles Library/ScriptAssemblies/Unity.VisualScripting.Shared.Editor.pdb
[1670/1771  0s] CopyFiles Library/ScriptAssemblies/Unity.VisualScripting.Shared.Editor.dll
[1671/1771  0s] CopyFiles Library/ScriptAssemblies/Unity.ProBuilder.AssetIdRemapUtility.pdb
[1672/1771  0s] CopyFiles Library/ScriptAssemblies/Unity.ProBuilder.AssetIdRemapUtility.dll
[1673/1771  0s] CopyFiles Library/ScriptAssemblies/glTFast.Editor.dll
[1674/1771  0s] CopyFiles Library/ScriptAssemblies/glTFast.Editor.pdb
[1675/1771  0s] CopyFiles Library/ScriptAssemblies/Unity.Splines.Editor.dll
[1676/1771  0s] CopyFiles Library/ScriptAssemblies/Unity.Splines.Editor.pdb
[1677/1771  0s] CopyFiles Library/ScriptAssemblies/DialogSystem.Tests.pdb
[1678/1771  0s] CopyFiles Library/ScriptAssemblies/DialogSystem.Tests.dll
[1679/1771  0s] CopyFiles Library/ScriptAssemblies/Unity.CollabProxy.Editor.dll
[1680/1771  0s] CopyFiles Library/ScriptAssemblies/Unity.CollabProxy.Editor.pdb
[1681/1771  0s] CopyFiles Library/ScriptAssemblies/Unity.VisualScripting.SettingsProvider.Editor.dll
[1682/1771  0s] CopyFiles Library/ScriptAssemblies/Unity.VisualScripting.SettingsProvider.Editor.pdb
[1683/1771  0s] CopyFiles Library/ScriptAssemblies/Unity.PlasticSCM.Editor.Entities.dll
[1684/1771  0s] CopyFiles Library/ScriptAssemblies/Unity.PlasticSCM.Editor.Entities.pdb
[1685/1771  0s] CopyFiles Library/ScriptAssemblies/Unity.RenderPipelines.Universal.Editor.pdb
[1686/1771  0s] CopyFiles Library/ScriptAssemblies/DialogSystem.Flow.Editor.dll
[1687/1771  0s] CopyFiles Library/ScriptAssemblies/Unity.Rendering.LightTransport.Editor.pdb
[1688/1771  0s] CopyFiles Library/ScriptAssemblies/Unity.Rendering.LightTransport.Editor.dll
[1689/1771  0s] CopyFiles Library/ScriptAssemblies/Unity.VisualScripting.Core.Editor.pdb
[1690/1771  0s] CopyFiles Library/ScriptAssemblies/Unity.RenderPipelines.Universal.Editor.dll
[1691/1771  0s] CopyFiles Library/ScriptAssemblies/Unity.Burst.Editor.pdb
[1692/1771  0s] CopyFiles Library/ScriptAssemblies/Unity.VisualScripting.Flow.Editor.pdb
[1693/1771  0s] CopyFiles Library/ScriptAssemblies/Unity.VisualScripting.Core.Editor.dll
[1694/1771  0s] CopyFiles Library/ScriptAssemblies/Unity.Burst.Editor.dll
[1695/1771  0s] CopyFiles Library/ScriptAssemblies/Unity.Cursor.Editor.dll
[1696/1771  0s] CopyFiles Library/ScriptAssemblies/Unity.Cursor.Editor.pdb
[1697/1771  0s] CopyFiles Library/ScriptAssemblies/Unity.VisualScripting.Flow.Editor.dll
[1698/1771  0s] CopyFiles Library/ScriptAssemblies/Unity.VisualScripting.State.Editor.dll
[1699/1771  0s] CopyFiles Library/ScriptAssemblies/Unity.VisualScripting.State.Editor.pdb
[1700/1771  0s] CopyFiles Library/ScriptAssemblies/Disposable.Tests.dll
[1701/1771  0s] CopyFiles Library/ScriptAssemblies/Disposable.Tests.pdb
[1702/1771  0s] CopyFiles Library/ScriptAssemblies/MCPForUnity.Editor.pdb
[1703/1771  0s] CopyFiles Library/ScriptAssemblies/Unity.Timeline.Editor.pdb
[1704/1771  0s] CopyFiles Library/ScriptAssemblies/Unity.Timeline.Editor.dll
[1705/1771  0s] CopyFiles Library/ScriptAssemblies/LocalSaveSystem.Tests.pdb
[1706/1771  0s] CopyFiles Library/ScriptAssemblies/LocalSaveSystem.Tests.dll
[1707/1771  0s] CopyFiles Library/ScriptAssemblies/Observer.Tests.pdb
[1708/1771  0s] CopyFiles Library/ScriptAssemblies/MCPForUnity.Editor.dll
[1709/1771  0s] CopyFiles Library/ScriptAssemblies/Observer.Tests.dll
[1710/1771  0s] CopyFiles Library/ScriptAssemblies/ResourceLoader.Tests.pdb
[1711/1771  0s] CopyFiles Library/ScriptAssemblies/ResourceLoader.Tests.dll
[1712/1771  0s] CopyFiles Library/ScriptAssemblies/Config.Tests.pdb
[1713/1771  0s] CopyFiles Library/ScriptAssemblies/Config.Tests.dll
[1714/1771  0s] CopyFiles Library/ScriptAssemblies/LocalizedDomain.Editor.dll
[1715/1771  0s] CopyFiles Library/ScriptAssemblies/LocalizedDomain.Editor.pdb
[1716/1771  0s] CopyFiles Library/ScriptAssemblies/LocalizedDomain.Tests.pdb
[1717/1771  0s] CopyFiles Library/ScriptAssemblies/LocalizedDomain.Tests.dll
[1718/1771  0s] CopyFiles Library/ScriptAssemblies/Unity.InternalAPIEngineBridge.RenderPipelines.Core.Editor.dll
[1719/1771  0s] CopyFiles Library/ScriptAssemblies/Unity.AutoGroupGenerator.Editor.dll
[1720/1771  0s] CopyFiles Library/ScriptAssemblies/Unity.InternalAPIEngineBridge.RenderPipelines.Core.Editor.pdb
[1721/1771  0s] CopyFiles Library/ScriptAssemblies/Unity.AutoGroupGenerator.Editor.pdb
[1722/1771  0s] CopyFiles Library/ScriptAssemblies/Unity.TextMeshPro.Editor.pdb
[1723/1771  0s] CopyFiles Library/ScriptAssemblies/Unity.TextMeshPro.Editor.dll
[1724/1771  0s] CopyFiles Library/ScriptAssemblies/NuGetForUnity.dll
[1725/1771  0s] CopyFiles Library/ScriptAssemblies/LightDI.Tests.dll
[1726/1771  0s] CopyFiles Library/ScriptAssemblies/NuGetForUnity.pdb
[1727/1771  0s] CopyFiles Library/ScriptAssemblies/LightDI.Tests.pdb
[1728/1771  0s] CopyFiles Library/ScriptAssemblies/Unity.Addressables.DocExampleCode.Editor.Tests.dll
[1729/1771  0s] CopyFiles Library/ScriptAssemblies/Unity.RenderPipelines.Core.Runtime.dll
[1730/1771  0s] CopyFiles Library/ScriptAssemblies/Unity.Addressables.DocExampleCode.Editor.Tests.pdb
[1731/1771  0s] CopyFiles Library/ScriptAssemblies/AssemblyExample.pdb
[1732/1771  0s] CopyFiles Library/ScriptAssemblies/AssemblyExample.dll
[1733/1771  0s] CopyFiles Library/ScriptAssemblies/glTFast.dots.pdb
[1734/1771  0s] CopyFiles Library/ScriptAssemblies/DetectionService.Tests.pdb
[1735/1771  0s] CopyFiles Library/ScriptAssemblies/DetectionService.Tests.dll
[1736/1771  0s] CopyFiles Library/ScriptAssemblies/BehaviourTree.Tests.dll
[1737/1771  0s] CopyFiles Library/ScriptAssemblies/BehaviourTree.Tests.pdb
[1738/1771  0s] CopyFiles Library/ScriptAssemblies/MCPForUnity.Runtime.pdb
[1739/1771  0s] CopyFiles Library/ScriptAssemblies/Unity.Searcher.Editor.pdb
[1740/1771  0s] CopyFiles Library/ScriptAssemblies/Unity.Burst.pdb
[1741/1771  0s] CopyFiles Library/ScriptAssemblies/Unity.Searcher.Editor.dll
[1742/1771  0s] CopyFiles Library/ScriptAssemblies/Unity.RenderPipelines.Universal.2D.Runtime.pdb
[1743/1771  0s] CopyFiles Library/ScriptAssemblies/Unity.RenderPipelines.Core.Runtime.Shared.pdb
[1744/1771  0s] CopyFiles Library/ScriptAssemblies/Unity.RenderPipelines.Universal.Runtime.pdb
[1745/1771  0s] CopyFiles Library/ScriptAssemblies/UniTask.pdb
[1746/1771  0s] CopyFiles Library/ScriptAssemblies/Unity.InternalAPIEngineBridge.RenderPipelines.Core.Runtime.Shared.pdb
[1747/1771  0s] CopyFiles Library/ScriptAssemblies/Unity.VisualScripting.Core.pdb
[1748/1771  0s] CopyFiles Library/ScriptAssemblies/Unity.VisualScripting.State.pdb
[1749/1771  0s] CopyFiles Library/ScriptAssemblies/MVP.pdb
[1750/1771  0s] CopyFiles Library/ScriptAssemblies/Unity.ProBuilder.KdTree.pdb
[1751/1771  0s] CopyFiles Library/ScriptAssemblies/UniTask.Addressables.pdb
[1752/1771  0s] CopyFiles Library/ScriptAssemblies/Root.Example.pdb
[1753/1771  0s] CopyFiles Library/ScriptAssemblies/Unity.InternalAPIEngineBridge.004.pdb
[1754/1771  0s] CopyFiles Library/ScriptAssemblies/DialogSystem.Flow.pdb
[1755/1771  0s] CopyFiles Library/ScriptAssemblies/Config.Example.pdb
[1756/1771  0s] CopyFiles Library/ScriptAssemblies/MVP.Tests.pdb
[1757/1771  0s] CopyFiles Library/ScriptAssemblies/DialogSystem.Example.pdb
[1758/1771  0s] CopyFiles Library/ScriptAssemblies/Unity.ScriptableBuildPipeline.pdb
[1759/1771  0s] CopyFiles Library/ScriptAssemblies/TickHandler.pdb
[1760/1771  0s] CopyFiles Library/ScriptAssemblies/MVP.Example.pdb
[1761/1771  0s] CopyFiles Library/ScriptAssemblies/Logger.pdb
[1762/1771  0s] CopyFiles Library/ScriptAssemblies/Unity.ProBuilder.Stl.pdb
[1763/1771  0s] CopyFiles Library/ScriptAssemblies/Unity.RenderPipelines.ShaderGraph.ShaderGraphLibrary.pdb
[1764/1771  0s] CopyFiles Library/ScriptAssemblies/glTFast.Export.pdb
[1765/1771  0s] CopyFiles Library/ScriptAssemblies/UnityEditor.UI.dll
[1766/1771  0s] CopyFiles Library/ScriptAssemblies/Unity.ProBuilder.pdb
[1767/1771  0s] CopyFiles Library/ScriptAssemblies/Unity.RenderPipeline.Universal.ShaderLibrary.pdb
[1768/1771  0s] CopyFiles Library/ScriptAssemblies/Unity.Splines.pdb
[1769/1771  0s] CopyFiles Library/ScriptAssemblies/ResourceLoader.pdb
[1770/1771  0s] CopyFiles Library/ScriptAssemblies/Unity.Cinemachine.pdb
[1771/1771  0s] CopyFiles Library/ScriptAssemblies/glTFast.Documentation.Examples.pdb
[1772/1771  0s] CopyFiles Library/ScriptAssemblies/DetectionService.pdb
[1773/1771  0s] CopyFiles Library/ScriptAssemblies/UniRx.Examples.pdb
[1774/1771  0s] CopyFiles Library/ScriptAssemblies/Unity.PerformanceTesting.pdb
[1775/1771  0s] CopyFiles Library/ScriptAssemblies/Unity.RenderPipelines.Core.ShaderLibrary.pdb
[1776/1771  0s] CopyFiles Library/ScriptAssemblies/glTFast.Newtonsoft.pdb
[1777/1771  0s] CopyFiles Library/ScriptAssemblies/UniTask.TextMeshPro.pdb
[1778/1771  0s] CopyFiles Library/ScriptAssemblies/Unity.SurfaceCache.Runtime.pdb
[1779/1771  0s] CopyFiles Library/ScriptAssemblies/LocalizedDomain.Unity.pdb
[1780/1771  0s] CopyFiles Library/ScriptAssemblies/Config.pdb
[1781/1771  0s] CopyFiles Library/ScriptAssemblies/Disposable.pdb
[1782/1771  0s] CopyFiles Library/ScriptAssemblies/Unity.ProBuilder.Poly2Tri.pdb
[1783/1771  0s] CopyFiles Library/ScriptAssemblies/Unity.TextMeshPro.pdb
[1784/1771  0s] CopyFiles Library/ScriptAssemblies/BehaviourTree.Example.pdb
[1785/1771  0s] CopyFiles Library/ScriptAssemblies/SceneSwitcher.pdb
[1786/1771  0s] CopyFiles Library/ScriptAssemblies/UniTask.Linq.pdb
[1787/1771  0s] CopyFiles Library/ScriptAssemblies/Unity.VisualScripting.Flow.pdb
[1788/1771  0s] CopyFiles Library/ScriptAssemblies/Unity.Addressables.pdb
[1789/1771  0s] CopyFiles Library/ScriptAssemblies/Unity.RenderPipelines.Universal.Shaders.pdb
[1790/1771  0s] CopyFiles Library/ScriptAssemblies/Unity.RenderPipelines.Universal.Config.Runtime.pdb
[1791/1771  0s] CopyFiles Library/ScriptAssemblies/LightDI.pdb
[1792/1771  0s] CopyFiles Library/ScriptAssemblies/Utils.pdb
[1793/1771  0s] CopyFiles Library/ScriptAssemblies/Unity.ProBuilder.Csg.pdb
[1794/1771  0s] CopyFiles Library/ScriptAssemblies/Observer.pdb
[1795/1771  0s] CopyFiles Library/ScriptAssemblies/Unity.Profiling.Core.pdb
[1796/1771  0s] CopyFiles Library/ScriptAssemblies/LocalizedDomain.Unity.TextMeshPro.pdb
[1797/1771  0s] CopyFiles Library/ScriptAssemblies/MVVM.Core.pdb
[1798/1771  0s] CopyFiles Library/ScriptAssemblies/MVVM.Tests.pdb
[1799/1771  0s] CopyFiles Library/ScriptAssemblies/Unity.Timeline.pdb
[1800/1771  0s] CopyFiles Library/ScriptAssemblies/UniRx.pdb
[1801/1771  0s] CopyFiles Library/ScriptAssemblies/LocalizedDomain.Example.pdb
[1802/1771  0s] CopyFiles Library/ScriptAssemblies/MVVM.Example.pdb
[1803/1771  0s] CopyFiles Library/ScriptAssemblies/UnityEngine.UI.pdb
[1804/1771  0s] CopyFiles Library/ScriptAssemblies/LocalSaveSystem.Example.pdb
[1805/1771  0s] CopyFiles Library/ScriptAssemblies/Unity.Mathematics.pdb
[1806/1771  0s] CopyFiles Library/ScriptAssemblies/Unity.VisualEffectGraph.Runtime.pdb
[1807/1771  0s] CopyFiles Library/ScriptAssemblies/Unity.ScriptableBuildPipeline.Editor.dll
[1808/1771  0s] CopyFiles Library/ScriptAssemblies/Observer.Samples.pdb
[1809/1771  0s] CopyFiles Library/ScriptAssemblies/LocalizedDomain.Unity.Addressables.pdb
[1810/1771  0s] CopyFiles Library/ScriptAssemblies/UniTask.DOTween.pdb
[1811/1771  0s] CopyFiles Library/ScriptAssemblies/DialogSystem.Runtime.pdb
[1812/1771  0s] CopyFiles Library/ScriptAssemblies/MVVM.Reactive.pdb
[1813/1771  0s] CopyFiles Library/ScriptAssemblies/Disposable.PlayModeTests.pdb
[1814/1771  0s] CopyFiles Library/ScriptAssemblies/BehaviourTree.pdb
[1815/1771  0s] CopyFiles Library/ScriptAssemblies/Unity.VisualScripting.DocCodeExamples.pdb
[1816/1771  0s] CopyFiles Library/ScriptAssemblies/Unity.ResourceManager.pdb
[1817/1771  0s] CopyFiles Library/ScriptAssemblies/LocalSaveSystem.pdb
[1818/1771  0s] CopyFiles Library/ScriptAssemblies/Root.pdb
[1819/1771  0s] CopyFiles Library/ScriptAssemblies/MVVM.Unity.pdb
[1820/1771  0s] CopyFiles Library/ScriptAssemblies/LocalizedDomain.Core.pdb
[1821/1771  0s] ILPostProcess Library/Bee/artifacts/1900b0aEDbg.dag/post-processed/Unity.RenderPipelines.Core.Editor.Shared.dll (+pdb)
Processing assembly Library/Bee/artifacts/1900b0aEDbg.dag/Unity.RenderPipelines.Core.Editor.Shared.dll, with 143 defines and 373 references

processors: Unity.Jobs.CodeGen.JobsILPostProcessor, zzzUnity.Burst.CodeGen.BurstILPostProcessor

running Unity.Jobs.CodeGen.JobsILPostProcessor

running zzzUnity.Burst.CodeGen.BurstILPostProcessor
[1822/1771  2s] ILPostProcess Library/Bee/artifacts/1900b0aEDbg.dag/post-processed/Unity.UnifiedRayTracing.Runtime.dll (+pdb)
Processing assembly Library/Bee/artifacts/1900b0aEDbg.dag/Unity.UnifiedRayTracing.Runtime.dll, with 143 defines and 317 references

processors: Unity.Jobs.CodeGen.JobsILPostProcessor, zzzUnity.Burst.CodeGen.BurstILPostProcessor

running Unity.Jobs.CodeGen.JobsILPostProcessor

running zzzUnity.Burst.CodeGen.BurstILPostProcessor
[1823/1771  0s] ILPostProcess Library/Bee/artifacts/1900b0aEDbg.dag/post-processed/DialogSystem.Editor.dll (+pdb)
Processing assembly Library/Bee/artifacts/1900b0aEDbg.dag/DialogSystem.Editor.dll, with 143 defines and 367 references

processors: Unity.Jobs.CodeGen.JobsILPostProcessor, zzzUnity.Burst.CodeGen.BurstILPostProcessor

running Unity.Jobs.CodeGen.JobsILPostProcessor

running zzzUnity.Burst.CodeGen.BurstILPostProcessor
[1824/1771  0s] ILPostProcess Library/Bee/artifacts/1900b0aEDbg.dag/post-processed/Unity.Addressables.Editor.dll (+pdb)
Processing assembly Library/Bee/artifacts/1900b0aEDbg.dag/Unity.Addressables.Editor.dll, with 144 defines and 370 references

processors: Unity.Jobs.CodeGen.JobsILPostProcessor, zzzUnity.Burst.CodeGen.BurstILPostProcessor

running Unity.Jobs.CodeGen.JobsILPostProcessor

running zzzUnity.Burst.CodeGen.BurstILPostProcessor
[1825/1771  0s] ILPostProcess Library/Bee/artifacts/1900b0aEDbg.dag/post-processed/Unity.Collections.Editor.dll (+pdb)
Processing assembly Library/Bee/artifacts/1900b0aEDbg.dag/Unity.Collections.Editor.dll, with 144 defines and 367 references

processors: Unity.Jobs.CodeGen.JobsILPostProcessor, zzzUnity.Burst.CodeGen.BurstILPostProcessor

running Unity.Jobs.CodeGen.JobsILPostProcessor

running zzzUnity.Burst.CodeGen.BurstILPostProcessor
[1826/1771  0s] ILPostProcess Library/Bee/artifacts/1900b0aEDbg.dag/post-processed/Unity.Cinemachine.Editor.dll (+pdb)
Processing assembly Library/Bee/artifacts/1900b0aEDbg.dag/Unity.Cinemachine.Editor.dll, with 151 defines and 376 references

processors: Unity.Jobs.CodeGen.JobsILPostProcessor, zzzUnity.Burst.CodeGen.BurstILPostProcessor

running Unity.Jobs.CodeGen.JobsILPostProcessor

running zzzUnity.Burst.CodeGen.BurstILPostProcessor
[1827/1771  0s] CopyFiles Library/ScriptAssemblies/Unity.RenderPipelines.Core.Editor.Shared.pdb
[1828/1771  0s] CopyFiles Library/ScriptAssemblies/DialogSystem.Editor.pdb
[1829/1771  0s] CopyFiles Library/ScriptAssemblies/Unity.Cinemachine.Editor.pdb
[1830/1771  0s] CopyFiles Library/ScriptAssemblies/Unity.Addressables.Editor.pdb
[1831/1771  0s] CopyFiles Library/ScriptAssemblies/Unity.Collections.Editor.dll
[1832/1771  0s] CopyFiles Library/ScriptAssemblies/Unity.UnifiedRayTracing.Runtime.dll
[1833/1771  0s] CopyFiles Library/ScriptAssemblies/Unity.UnifiedRayTracing.Runtime.pdb
[1834/1771  0s] CopyFiles Library/ScriptAssemblies/Unity.Collections.Editor.pdb
[1835/1771  0s] CopyFiles Library/ScriptAssemblies/Unity.RenderPipelines.Core.Editor.Shared.dll
[1836/1771  0s] ILPostProcess Library/Bee/artifacts/1900b0aEDbg.dag/post-processed/Assembly-CSharp.dll (+pdb)
Processing assembly Library/Bee/artifacts/1900b0aEDbg.dag/Assembly-CSharp.dll, with 142 defines and 408 references

processors: Unity.Jobs.CodeGen.JobsILPostProcessor, zzzUnity.Burst.CodeGen.BurstILPostProcessor

running Unity.Jobs.CodeGen.JobsILPostProcessor

running zzzUnity.Burst.CodeGen.BurstILPostProcessor
[1837/1771  0s] ILPostProcess Library/Bee/artifacts/1900b0aEDbg.dag/post-processed/Unity.ProBuilder.Editor.dll (+pdb)
Processing assembly Library/Bee/artifacts/1900b0aEDbg.dag/Unity.ProBuilder.Editor.dll, with 143 defines and 371 references

processors: Unity.Jobs.CodeGen.JobsILPostProcessor, zzzUnity.Burst.CodeGen.BurstILPostProcessor

running Unity.Jobs.CodeGen.JobsILPostProcessor

running zzzUnity.Burst.CodeGen.BurstILPostProcessor
[1838/1771  0s] ILPostProcess Library/Bee/artifacts/1900b0aEDbg.dag/post-processed/Unity.ShaderGraph.Editor.dll (+pdb)
Processing assembly Library/Bee/artifacts/1900b0aEDbg.dag/Unity.ShaderGraph.Editor.dll, with 144 defines and 371 references

processors: Unity.Jobs.CodeGen.JobsILPostProcessor, zzzUnity.Burst.CodeGen.BurstILPostProcessor

running Unity.Jobs.CodeGen.JobsILPostProcessor

running zzzUnity.Burst.CodeGen.BurstILPostProcessor
[1839/1771  0s] CopyFiles Library/ScriptAssemblies/DialogSystem.Editor.dll
[1840/1771  0s] CopyFiles Library/ScriptAssemblies/Assembly-CSharp.pdb
[1841/1771  0s] CopyFiles Library/ScriptAssemblies/Assembly-CSharp.dll
[1842/1771  0s] CopyFiles Library/ScriptAssemblies/Unity.ShaderGraph.Editor.pdb
[1843/1771  0s] CopyFiles Library/ScriptAssemblies/Unity.ProBuilder.Editor.pdb
[1844/1771  0s] CopyFiles Library/ScriptAssemblies/Unity.Addressables.Editor.dll
[1845/1771  1s] ILPostProcess Library/Bee/artifacts/1900b0aEDbg.dag/post-processed/Unity.PlasticSCM.Editor.dll (+pdb)
Processing assembly Library/Bee/artifacts/1900b0aEDbg.dag/Unity.PlasticSCM.Editor.dll, with 144 defines and 350 references

processors: Unity.Jobs.CodeGen.JobsILPostProcessor, zzzUnity.Burst.CodeGen.BurstILPostProcessor

running Unity.Jobs.CodeGen.JobsILPostProcessor

running zzzUnity.Burst.CodeGen.BurstILPostProcessor
[1846/1771  0s] CopyFiles Library/ScriptAssemblies/Unity.VisualEffectGraph.Editor.dll
[1847/1771  0s] CopyFiles Library/ScriptAssemblies/Unity.PlasticSCM.Editor.pdb
[1848/1771  1s] ILPostProcess Library/Bee/artifacts/1900b0aEDbg.dag/post-processed/Unity.RenderPipelines.Core.Editor.dll (+pdb)
Processing assembly Library/Bee/artifacts/1900b0aEDbg.dag/Unity.RenderPipelines.Core.Editor.dll, with 146 defines and 375 references

processors: Unity.Jobs.CodeGen.JobsILPostProcessor, zzzUnity.Burst.CodeGen.BurstILPostProcessor

running Unity.Jobs.CodeGen.JobsILPostProcessor

running zzzUnity.Burst.CodeGen.BurstILPostProcessor
[1849/1771  0s] CopyFiles Library/ScriptAssemblies/Unity.Cinemachine.Editor.dll
[1850/1771  0s] CopyFiles Library/ScriptAssemblies/Unity.RenderPipelines.Core.Editor.pdb
[1851/1771  0s] CopyFiles Library/ScriptAssemblies/Unity.ProBuilder.Editor.dll
[1852/1771  3s] ILPostProcess Library/Bee/artifacts/1900b0aEDbg.dag/post-processed/Unity.RenderPipelines.GPUDriven.Runtime.dll (+pdb)
Processing assembly Library/Bee/artifacts/1900b0aEDbg.dag/Unity.RenderPipelines.GPUDriven.Runtime.dll, with 142 defines and 318 references

processors: Unity.Jobs.CodeGen.JobsILPostProcessor, zzzUnity.Burst.CodeGen.BurstILPostProcessor

running Unity.Jobs.CodeGen.JobsILPostProcessor

running zzzUnity.Burst.CodeGen.BurstILPostProcessor
[1853/1771  2s] ILPostProcess Library/Bee/artifacts/1900b0aEDbg.dag/post-processed/glTFast.dll (+pdb)
Processing assembly Library/Bee/artifacts/1900b0aEDbg.dag/glTFast.dll, with 149 defines and 318 references

processors: Unity.Jobs.CodeGen.JobsILPostProcessor, zzzUnity.Burst.CodeGen.BurstILPostProcessor

running Unity.Jobs.CodeGen.JobsILPostProcessor

running zzzUnity.Burst.CodeGen.BurstILPostProcessor
[1854/1771  0s] CopyFiles Library/ScriptAssemblies/Unity.ShaderGraph.Editor.dll
[1855/1771  0s] CopyFiles Library/ScriptAssemblies/Unity.RenderPipelines.GPUDriven.Runtime.pdb
[1856/1771  0s] CopyFiles Library/ScriptAssemblies/glTFast.pdb
[1857/1771  0s] CopyFiles Library/ScriptAssemblies/glTFast.dll
[1858/1771  0s] CopyFiles Library/ScriptAssemblies/Unity.RenderPipelines.GPUDriven.Runtime.dll
[1859/1771  3s] ILPostProcess Library/Bee/artifacts/1900b0aEDbg.dag/post-processed/Unity.Collections.dll (+pdb)
Processing assembly Library/Bee/artifacts/1900b0aEDbg.dag/Unity.Collections.dll, with 144 defines and 316 references

processors: Unity.Jobs.CodeGen.JobsILPostProcessor, zzzUnity.Burst.CodeGen.BurstILPostProcessor

running Unity.Jobs.CodeGen.JobsILPostProcessor

running zzzUnity.Burst.CodeGen.BurstILPostProcessor
[1860/1771  0s] CopyFiles Library/ScriptAssemblies/Unity.PlasticSCM.Editor.dll
[1861/1771  0s] CopyFiles Library/ScriptAssemblies/Unity.Collections.pdb
[1862/1771  0s] CopyFiles Library/ScriptAssemblies/Unity.Collections.dll
[1863/1771  0s] CopyFiles Library/ScriptAssemblies/Unity.RenderPipelines.Core.Editor.dll
[1864/1771  0s] Csc Library/Bee/artifacts/1900b0aEDbg.dag/UniTask.Editor.dll (+2 others)
##### CommandLine
"<UNITY_INSTALL>\Editor\Data\DotNetSdk\dotnet.exe" exec "<UNITY_INSTALL>/Editor/Data/DotNetSdk/sdk/8.0.318/Roslyn/bincore/csc.dll" /nostdlib /noconfig /shared "@Library/Bee/artifacts/1900b0aEDbg.dag/UniTask.Editor.rsp" "@Library/Bee/artifacts/1900b0aEDbg.dag/UniTask.Editor.rsp2"
##### Contents of Library\Bee\artifacts\1900b0aEDbg.dag\UniTask.Editor.rsp
-target:library
-out:"Library/Bee/artifacts/1900b0aEDbg.dag/UniTask.Editor.dll"
-refout:"Library/Bee/artifacts/1900b0aEDbg.dag/UniTask.Editor.ref.dll"
-define:UNITY_6000_5_8
-define:UNITY_6000_5
-define:UNITY_6000
-define:UNITY_5_3_OR_NEWER
-define:UNITY_5_4_OR_NEWER
-define:UNITY_5_5_OR_NEWER
-define:UNITY_5_6_OR_NEWER
-define:UNITY_2017_1_OR_NEWER
-define:UNITY_2017_2_OR_NEWER
-define:UNITY_2017_3_OR_NEWER
-define:UNITY_2017_4_OR_NEWER
-define:UNITY_2018_1_OR_NEWER
-define:UNITY_2018_2_OR_NEWER
-define:UNITY_2018_3_OR_NEWER
-define:UNITY_2018_4_OR_NEWER
-define:UNITY_2019_1_OR_NEWER
-define:UNITY_2019_2_OR_NEWER
-define:UNITY_2019_3_OR_NEWER
-define:UNITY_2019_4_OR_NEWER
-define:UNITY_2020_1_OR_NEWER
-define:UNITY_2020_2_OR_NEWER
-define:UNITY_2020_3_OR_NEWER
-define:UNITY_2021_1_OR_NEWER
-define:UNITY_2021_2_OR_NEWER
-define:UNITY_2021_3_OR_NEWER
-define:UNITY_2022_1_OR_NEWER
-define:UNITY_2022_2_OR_NEWER
-define:UNITY_2022_3_OR_NEWER
-define:UNITY_2023_1_OR_NEWER
-define:UNITY_2023_2_OR_NEWER
-define:UNITY_2023_3_OR_NEWER
-define:UNITY_6000_0_OR_NEWER
-define:UNITY_6000_1_OR_NEWER
-define:UNITY_6000_2_OR_NEWER
-define:UNITY_6000_3_OR_NEWER
-define:UNITY_6000_4_OR_NEWER
-define:UNITY_6000_5_OR_NEWER
-define:PLATFORM_ARCH_64
-define:UNITY_64
-define:UNITY_INCLUDE_TESTS
-define:ENABLE_AR
-define:ENABLE_AUDIO
-define:ENABLE_AUDIO_SCRIPTABLE_PIPELINE
-define:ENABLE_CACHING
-define:ENABLE_CLOTH
-define:ENABLE_EVENT_QUEUE
-define:ENABLE_MICROPHONE
-define:ENABLE_MULTIPLE_DISPLAYS
-define:ENABLE_PHYSICS
-define:ENABLE_TEXTURE_STREAMING
-define:ENABLE_VIRTUALTEXTURING
-define:ENABLE_LZMA
-define:ENABLE_UNITYEVENTS
-define:ENABLE_VR
-define:ENABLE_WEBCAM
-define:ENABLE_UNITYWEBREQUEST
-define:ENABLE_WWW
-define:ENABLE_CLOUD_SERVICES
-define:ENABLE_CLOUD_SERVICES_ADS
-define:ENABLE_CLOUD_SERVICES_USE_WEBREQUEST
-define:ENABLE_UNITY_CONSENT
-define:ENABLE_UNITY_CLOUD_IDENTIFIERS
-define:ENABLE_CLOUD_SERVICES_CRASH_REPORTING
-define:ENABLE_CLOUD_SERVICES_NATIVE_CRASH_REPORTING
-define:ENABLE_CLOUD_SERVICES_PURCHASING
-define:ENABLE_CLOUD_SERVICES_ANALYTICS
-define:ENABLE_CLOUD_SERVICES_BUILD
-define:ENABLE_EDITOR_GAME_SERVICES
-define:ENABLE_UNITY_GAME_SERVICES_ANALYTICS_SUPPORT
-define:ENABLE_CLOUD_LICENSE
-define:ENABLE_EDITOR_HUB_LICENSE
-define:ENABLE_WEBSOCKET_CLIENT
-define:ENABLE_GENERATE_NATIVE_PLUGINS_FOR_ASSEMBLIES_API
-define:ENABLE_DIRECTOR_AUDIO
-define:ENABLE_DIRECTOR_TEXTURE
-define:ENABLE_MANAGED_JOBS
-define:ENABLE_MANAGED_TRANSFORM_JOBS
-define:ENABLE_MANAGED_ANIMATION_JOBS
-define:ENABLE_MANAGED_AUDIO_JOBS
-define:ENABLE_MANAGED_UNITYTLS
-define:INCLUDE_DYNAMIC_GI
-define:ENABLE_SCRIPTING_GC_WBARRIERS
-define:PLATFORM_SUPPORTS_MONO
-define:RENDER_SOFTWARE_CURSOR
-define:ENABLE_MARSHALLING_TESTS
-define:ENABLE_VIDEO
-define:ENABLE_NAVIGATION_OFFMESHLINK_TO_NAVMESHLINK
-define:ENABLE_ACCELERATOR_CLIENT_DEBUGGING
-define:ENABLE_ACCESSIBILITY_SCREEN_READER
-define:TEXTCORE_1_0_OR_NEWER
-define:EDITOR_ONLY_NAVMESH_BUILDER_DEPRECATED
-define:PLATFORM_STANDALONE_WIN
-define:PLATFORM_STANDALONE
-define:UNITY_STANDALONE_WIN
-define:UNITY_STANDALONE
-define:ENABLE_RUNTIME_GI
-define:ENABLE_MOVIES
-define:ENABLE_NETWORK
-define:ENABLE_NVIDIA
-define:ENABLE_AMD
-define:ENABLE_CRUNCH_TEXTURE_COMPRESSION
-define:ENABLE_CLOUD_SERVICES_ENGINE_DIAGNOSTICS
-define:ENABLE_OUT_OF_PROCESS_CRASH_HANDLER
-define:ENABLE_CLUSTER_SYNC
-define:ENABLE_CLUSTERINPUT
-define:PLATFORM_UPDATES_TIME_OUTSIDE_OF_PLAYER_LOOP
-define:GFXDEVICE_WAITFOREVENT_MESSAGEPUMP
-define:PLATFORM_USES_EXPLICIT_MEMORY_MANAGER_INITIALIZER
-define:PLATFORM_SUPPORTS_WAIT_FOR_PRESENTATION
-define:PLATFORM_SUPPORTS_SPLIT_GRAPHICS_JOBS
-define:PLATFORM_USES_VULKAN_OLD_SWAPCHAIN
-define:USE_READ_ASYNC_MANAGED_API
-define:ENABLE_MONO
-define:NET_STANDARD_2_0
-define:NET_STANDARD
-define:NET_STANDARD_2_1
-define:NETSTANDARD
-define:NETSTANDARD2_1
-define:ENABLE_PROFILER
-define:DEBUG
-define:TRACE
-define:UNITY_ASSERTIONS
-define:UNITY_EDITOR
-define:UNITY_EDITOR_64
-define:UNITY_EDITOR_WIN
-define:ENABLE_UNITY_COLLECTIONS_CHECKS
-define:ENABLE_BURST_AOT
-define:UNITY_TEAM_LICENSE
-define:ENABLE_CUSTOM_RENDER_TEXTURE
-define:ENABLE_DIRECTOR
-define:ENABLE_LOCALIZATION
-define:ENABLE_SPRITES
-define:ENABLE_TERRAIN
-define:ENABLE_TILEMAP
-define:ENABLE_TIMELINE
-define:ENABLE_LEGACY_INPUT_MANAGER
-define:TEXTCORE_FONT_ENGINE_1_5_OR_NEWER
-define:TEXTCORE_TEXT_ENGINE_1_5_OR_NEWER
-define:TEXTCORE_FONT_ENGINE_1_6_OR_NEWER
-define:PROJECT_SUPPORT_R3
-define:CSHARP_7_OR_LATER
-define:CSHARP_7_3_OR_NEWER
-define:UNITY_EDITOR_ONLY_COMPILATION
-r:"<UNITY_INSTALL>/Editor/Data/BCLExtensions/TargetingPacks/netstandard2.1/ref/Microsoft.Bcl.AsyncInterfaces.dll"
-r:"<UNITY_INSTALL>/Editor/Data/BCLExtensions/TargetingPacks/netstandard2.1/ref/Microsoft.Extensions.DependencyInjection.Abstractions.dll"
-r:"<UNITY_INSTALL>/Editor/Data/BCLExtensions/TargetingPacks/netstandard2.1/ref/Microsoft.Extensions.Logging.Abstractions.dll"
-r:"<UNITY_INSTALL>/Editor/Data/BCLExtensions/TargetingPacks/netstandard2.1/ref/System.Collections.Immutable.dll"
-r:"<UNITY_INSTALL>/Editor/Data/BCLExtensions/TargetingPacks/netstandard2.1/ref/System.Diagnostics.DiagnosticSource.dll"
-r:"<UNITY_INSTALL>/Editor/Data/BCLExtensions/TargetingPacks/netstandard2.1/ref/System.IO.Hashing.dll"
-r:"<UNITY_INSTALL>/Editor/Data/BCLExtensions/TargetingPacks/netstandard2.1/ref/System.Reflection.Metadata.dll"
-r:"<UNITY_INSTALL>/Editor/Data/BCLExtensions/TargetingPacks/netstandard2.1/ref/System.Runtime.CompilerServices.Unsafe.dll"
-r:"<UNITY_INSTALL>/Editor/Data/BCLExtensions/TargetingPacks/netstandard2.1/ref/System.Text.Encodings.Web.dll"
-r:"<UNITY_INSTALL>/Editor/Data/BCLExtensions/TargetingPacks/netstandard2.1/ref/System.Text.Json.dll"
-r:"Assets/Packages/Microsoft.Bcl.TimeProvider.8.0.0/lib/netstandard2.0/Microsoft.Bcl.TimeProvider.dll"
-r:"Assets/Packages/R3.1.3.0/lib/netstandard2.1/R3.dll"
-r:"Assets/Packages/System.ComponentModel.Annotations.5.0.0/lib/netstandard2.1/System.ComponentModel.Annotations.dll"
-r:"Assets/Packages/System.Threading.Channels.8.0.0/lib/netstandard2.1/System.Threading.Channels.dll"
-r:"Assets/Plugins/Roslyn/Microsoft.CodeAnalysis.CSharp.dll"
-r:"Assets/Plugins/Roslyn/Microsoft.CodeAnalysis.dll"
-r:"<UNITY_INSTALL>/Editor/Data/Managed/UnityEditor.Graphs.dll"
-r:"<UNITY_INSTALL>/Editor/Data/Managed/UnityEngine/Unity.Scripting.dll"
-r:"<UNITY_INSTALL>/Editor/Data/Managed/UnityEngine/UnityEditor.AIModule.dll"
-r:"<UNITY_INSTALL>/Editor/Data/Managed/UnityEngine/UnityEditor.AccessibilityModule.dll"
-r:"<UNITY_INSTALL>/Editor/Data/Managed/UnityEngine/UnityEditor.AdaptivePerformanceModule.dll"
-r:"<UNITY_INSTALL>/Editor/Data/Managed/UnityEngine/UnityEditor.AssetComplianceModule.dll"
-r:"<UNITY_INSTALL>/Editor/Data/Managed/UnityEngine/UnityEditor.BuildProfileModule.dll"
-r:"<UNITY_INSTALL>/Editor/Data/Managed/UnityEngine/UnityEditor.ClothModule.dll"
-r:"<UNITY_INSTALL>/Editor/Data/Managed/UnityEngine/UnityEditor.ContentLoadModule.dll"
-r:"<UNITY_INSTALL>/Editor/Data/Managed/UnityEngine/UnityEditor.CoreBusinessMetricsModule.dll"
-r:"<UNITY_INSTALL>/Editor/Data/Managed/UnityEngine/UnityEditor.CoreModule.dll"
-r:"<UNITY_INSTALL>/Editor/Data/Managed/UnityEngine/UnityEditor.DeviceSimulatorModule.dll"
-r:"<UNITY_INSTALL>/Editor/Data/Managed/UnityEngine/UnityEditor.DiagnosticsModule.dll"
-r:"<UNITY_INSTALL>/Editor/Data/Managed/UnityEngine/UnityEditor.EditorToolbarModule.dll"
-r:"<UNITY_INSTALL>/Editor/Data/Managed/UnityEngine/UnityEditor.EmbreeModule.dll"
-r:"<UNITY_INSTALL>/Editor/Data/Managed/UnityEngine/UnityEditor.GIModule.dll"
-r:"<UNITY_INSTALL>/Editor/Data/Managed/UnityEngine/UnityEditor.GenericRemoteModule.dll"
-r:"<UNITY_INSTALL>/Editor/Data/Managed/UnityEngine/UnityEditor.GraphToolkitModule.dll"
-r:"<UNITY_INSTALL>/Editor/Data/Managed/UnityEngine/UnityEditor.GraphViewModule.dll"
-r:"<UNITY_INSTALL>/Editor/Data/Managed/UnityEngine/UnityEditor.GraphicsStateCollectionSerializerModule.dll"
-r:"<UNITY_INSTALL>/Editor/Data/Managed/UnityEngine/UnityEditor.GridAndSnapModule.dll"
-r:"<UNITY_INSTALL>/Editor/Data/Managed/UnityEngine/UnityEditor.GridModule.dll"
-r:"<UNITY_INSTALL>/Editor/Data/Managed/UnityEngine/UnityEditor.HierarchyModule.dll"
-r:"<UNITY_INSTALL>/Editor/Data/Managed/UnityEngine/UnityEditor.LightingModule.dll"
-r:"<UNITY_INSTALL>/Editor/Data/Managed/UnityEngine/UnityEditor.MathematicsModule.dll"
-r:"<UNITY_INSTALL>/Editor/Data/Managed/UnityEngine/UnityEditor.MediaModule.dll"
-r:"<UNITY_INSTALL>/Editor/Data/Managed/UnityEngine/UnityEditor.MultiplayerModule.dll"
-r:"<UNITY_INSTALL>/Editor/Data/Managed/UnityEngine/UnityEditor.Physics2DModule.dll"
-r:"<UNITY_INSTALL>/Editor/Data/Managed/UnityEngine/UnityEditor.PhysicsCore2DModule.dll"
-r:"<UNITY_INSTALL>/Editor/Data/Managed/UnityEngine/UnityEditor.PhysicsModule.dll"
-r:"<UNITY_INSTALL>/Editor/Data/Managed/UnityEngine/UnityEditor.PlayModeModule.dll"
-r:"<UNITY_INSTALL>/Editor/Data/Managed/UnityEngine/UnityEditor.PresetsUIModule.dll"
-r:"<UNITY_INSTALL>/Editor/Data/Managed/UnityEngine/UnityEditor.ProjectAuditorModule.dll"
-r:"<UNITY_INSTALL>/Editor/Data/Managed/UnityEngine/UnityEditor.PropertiesModule.dll"
-r:"<UNITY_INSTALL>/Editor/Data/Managed/UnityEngine/UnityEditor.QuickInstallModule.dll"
-r:"<UNITY_INSTALL>/Editor/Data/Managed/UnityEngine/UnityEditor.QuickSearchModule.dll"
-r:"<UNITY_INSTALL>/Editor/Data/Managed/UnityEngine/UnityEditor.SafeModeModule.dll"
-r:"<UNITY_INSTALL>/Editor/Data/Managed/UnityEngine/UnityEditor.SceneTemplateModule.dll"
-r:"<UNITY_INSTALL>/Editor/Data/Managed/UnityEngine/UnityEditor.SceneViewModule.dll"
-r:"<UNITY_INSTALL>/Editor/Data/Managed/UnityEngine/UnityEditor.ShaderBuildSettingsModule.dll"
-r:"<UNITY_INSTALL>/Editor/Data/Managed/UnityEngine/UnityEditor.ShaderCompilationModule.dll"
-r:"<UNITY_INSTALL>/Editor/Data/Managed/UnityEngine/UnityEditor.ShaderFoundryModule.dll"
-r:"<UNITY_INSTALL>/Editor/Data/Managed/UnityEngine/UnityEditor.SketchUpModule.dll"
-r:"<UNITY_INSTALL>/Editor/Data/Managed/UnityEngine/UnityEditor.SpriteMaskModule.dll"
-r:"<UNITY_INSTALL>/Editor/Data/Managed/UnityEngine/UnityEditor.SpriteShapeModule.dll"
-r:"<UNITY_INSTALL>/Editor/Data/Managed/UnityEngine/UnityEditor.SubstanceModule.dll"
-r:"<UNITY_INSTALL>/Editor/Data/Managed/UnityEngine/UnityEditor.TerrainModule.dll"
-r:"<UNITY_INSTALL>/Editor/Data/Managed/UnityEngine/UnityEditor.TextCoreFontEngineModule.dll"
-r:"<UNITY_INSTALL>/Editor/Data/Managed/UnityEngine/UnityEditor.TextCoreTextEngineModule.dll"
-r:"<UNITY_INSTALL>/Editor/Data/Managed/UnityEngine/UnityEditor.TextRenderingModule.dll"
-r:"<UNITY_INSTALL>/Editor/Data/Managed/UnityEngine/UnityEditor.TilemapModule.dll"
-r:"<UNITY_INSTALL>/Editor/Data/Managed/UnityEngine/UnityEditor.TreeModule.dll"
-r:"<UNITY_INSTALL>/Editor/Data/Managed/UnityEngine/UnityEditor.U2DModule.dll"
-r:"<UNITY_INSTALL>/Editor/Data/Managed/UnityEngine/UnityEditor.UIAutomationModule.dll"
-r:"<UNITY_INSTALL>/Editor/Data/Managed/UnityEngine/UnityEditor.UIBuilderModule.dll"
-r:"<UNITY_INSTALL>/Editor/Data/Managed/UnityEngine/UnityEditor.UIElementsModule.dll"
-r:"<UNITY_INSTALL>/Editor/Data/Managed/UnityEngine/UnityEditor.UIElementsSamplesModule.dll"
-r:"<UNITY_INSTALL>/Editor/Data/Managed/UnityEngine/UnityEditor.UIToolkitAuthoringModule.dll"
-r:"<UNITY_INSTALL>/Editor/Data/Managed/UnityEngine/UnityEditor.UmbraModule.dll"
-r:"<UNITY_INSTALL>/Editor/Data/Managed/UnityEngine/UnityEditor.UnityConnectModule.dll"
-r:"<UNITY_INSTALL>/Editor/Data/Managed/UnityEngine/UnityEditor.VFXModule.dll"
-r:"<UNITY_INSTALL>/Editor/Data/Managed/UnityEngine/UnityEditor.VectorGraphicsModule.dll"
-r:"<UNITY_INSTALL>/Editor/Data/Managed/UnityEngine/UnityEditor.VideoModule.dll"
-r:"<UNITY_INSTALL>/Editor/Data/Managed/UnityEngine/UnityEditor.XRModule.dll"
-r:"<UNITY_INSTALL>/Editor/Data/Managed/UnityEngine/UnityEditor.dll"
-r:"<UNITY_INSTALL>/Editor/Data/Managed/UnityEngine/UnityEngine.AIModule.dll"
-r:"<UNITY_INSTALL>/Editor/Data/Managed/UnityEngine/UnityEngine.AMDModule.dll"
-r:"<UNITY_INSTALL>/Editor/Data/Managed/UnityEngine/UnityEngine.ARModule.dll"
-r:"<UNITY_INSTALL>/Editor/Data/Managed/UnityEngine/UnityEngine.AccessibilityModule.dll"
-r:"<UNITY_INSTALL>/Editor/Data/Managed/UnityEngine/UnityEngine.AdaptivePerformanceModule.dll"
-r:"<UNITY_INSTALL>/Editor/Data/Managed/UnityEngine/UnityEngine.AndroidJNIModule.dll"
-r:"<UNITY_INSTALL>/Editor/Data/Managed/UnityEngine/UnityEngine.AnimationModule.dll"
-r:"<UNITY_INSTALL>/Editor/Data/Managed/UnityEngine/UnityEngine.AssetBundleModule.dll"
-r:"<UNITY_INSTALL>/Editor/Data/Managed/UnityEngine/UnityEngine.AudioModule.dll"
-r:"<UNITY_INSTALL>/Editor/Data/Managed/UnityEngine/UnityEngine.ClothModule.dll"
-r:"<UNITY_INSTALL>/Editor/Data/Managed/UnityEngine/UnityEngine.ClusterInputModule.dll"
-r:"<UNITY_INSTALL>/Editor/Data/Managed/UnityEngine/UnityEngine.ClusterRendererModule.dll"
-r:"<UNITY_INSTALL>/Editor/Data/Managed/UnityEngine/UnityEngine.ContentLoadModule.dll"
-r:"<UNITY_INSTALL>/Editor/Data/Managed/UnityEngine/UnityEngine.CoreModule.dll"
-r:"<UNITY_INSTALL>/Editor/Data/Managed/UnityEngine/UnityEngine.CrashReportingModule.dll"
-r:"<UNITY_INSTALL>/Editor/Data/Managed/UnityEngine/UnityEngine.DSPGraphModule.dll"
-r:"<UNITY_INSTALL>/Editor/Data/Managed/UnityEngine/UnityEngine.DirectorModule.dll"
-r:"<UNITY_INSTALL>/Editor/Data/Managed/UnityEngine/UnityEngine.GIModule.dll"
-r:"<UNITY_INSTALL>/Editor/Data/Managed/UnityEngine/UnityEngine.GameCenterModule.dll"
-r:"<UNITY_INSTALL>/Editor/Data/Managed/UnityEngine/UnityEngine.GraphicsStateCollectionSerializerModule.dll"
-r:"<UNITY_INSTALL>/Editor/Data/Managed/UnityEngine/UnityEngine.GridModule.dll"
-r:"<UNITY_INSTALL>/Editor/Data/Managed/UnityEngine/UnityEngine.HierarchyCoreModule.dll"
-r:"<UNITY_INSTALL>/Editor/Data/Managed/UnityEngine/UnityEngine.HierarchyModule.dll"
-r:"<UNITY_INSTALL>/Editor/Data/Managed/UnityEngine/UnityEngine.HotReloadModule.dll"
-r:"<UNITY_INSTALL>/Editor/Data/Managed/UnityEngine/UnityEngine.IMGUIModule.dll"
-r:"<UNITY_INSTALL>/Editor/Data/Managed/UnityEngine/UnityEngine.IdentifiersModule.dll"
-r:"<UNITY_INSTALL>/Editor/Data/Managed/UnityEngine/UnityEngine.ImageConversionModule.dll"
-r:"<UNITY_INSTALL>/Editor/Data/Managed/UnityEngine/UnityEngine.InputForUIModule.dll"
-r:"<UNITY_INSTALL>/Editor/Data/Managed/UnityEngine/UnityEngine.InputLegacyModule.dll"
-r:"<UNITY_INSTALL>/Editor/Data/Managed/UnityEngine/UnityEngine.InputModule.dll"
-r:"<UNITY_INSTALL>/Editor/Data/Managed/UnityEngine/UnityEngine.InsightsModule.dll"
-r:"<UNITY_INSTALL>/Editor/Data/Managed/UnityEngine/UnityEngine.JSONSerializeModule.dll"
-r:"<UNITY_INSTALL>/Editor/Data/Managed/UnityEngine/UnityEngine.LocalizationModule.dll"
-r:"<UNITY_INSTALL>/Editor/Data/Managed/UnityEngine/UnityEngine.MarshallingModule.dll"
-r:"<UNITY_INSTALL>/Editor/Data/Managed/UnityEngine/UnityEngine.MathematicsModule.dll"
-r:"<UNITY_INSTALL>/Editor/Data/Managed/UnityEngine/UnityEngine.MultiplayerModule.dll"
-r:"<UNITY_INSTALL>/Editor/Data/Managed/UnityEngine/UnityEngine.NVIDIAModule.dll"
-r:"<UNITY_INSTALL>/Editor/Data/Managed/UnityEngine/UnityEngine.ParticleSystemModule.dll"
-r:"<UNITY_INSTALL>/Editor/Data/Managed/UnityEngine/UnityEngine.PerformanceReportingModule.dll"
-r:"<UNITY_INSTALL>/Editor/Data/Managed/UnityEngine/UnityEngine.Physics2DModule.dll"
-r:"<UNITY_INSTALL>/Editor/Data/Managed/UnityEngine/UnityEngine.PhysicsBackendPhysXModule.dll"
-r:"<UNITY_INSTALL>/Editor/Data/Managed/UnityEngine/UnityEngine.PhysicsCore2DModule.dll"
-r:"<UNITY_INSTALL>/Editor/Data/Managed/UnityEngine/UnityEngine.PhysicsModule.dll"
-r:"<UNITY_INSTALL>/Editor/Data/Managed/UnityEngine/UnityEngine.PropertiesModule.dll"
-r:"<UNITY_INSTALL>/Editor/Data/Managed/UnityEngine/UnityEngine.RenderAs2DModule.dll"
-r:"<UNITY_INSTALL>/Editor/Data/Managed/UnityEngine/UnityEngine.RuntimeInitializeOnLoadManagerInitializerModule.dll"
-r:"<UNITY_INSTALL>/Editor/Data/Managed/UnityEngine/UnityEngine.ScreenCaptureModule.dll"
-r:"<UNITY_INSTALL>/Editor/Data/Managed/UnityEngine/UnityEngine.ScriptingModule.dll"
-r:"<UNITY_INSTALL>/Editor/Data/Managed/UnityEngine/UnityEngine.ShaderVariantAnalyticsModule.dll"
-r:"<UNITY_INSTALL>/Editor/Data/Managed/UnityEngine/UnityEngine.SharedInternalsModule.dll"
-r:"<UNITY_INSTALL>/Editor/Data/Managed/UnityEngine/UnityEngine.SpriteMaskModule.dll"
-r:"<UNITY_INSTALL>/Editor/Data/Managed/UnityEngine/UnityEngine.SpriteShapeModule.dll"
-r:"<UNITY_INSTALL>/Editor/Data/Managed/UnityEngine/UnityEngine.StreamingModule.dll"
-r:"<UNITY_INSTALL>/Editor/Data/Managed/UnityEngine/UnityEngine.SubstanceModule.dll"
-r:"<UNITY_INSTALL>/Editor/Data/Managed/UnityEngine/UnityEngine.SubsystemsModule.dll"
-r:"<UNITY_INSTALL>/Editor/Data/Managed/UnityEngine/UnityEngine.TLSModule.dll"
-r:"<UNITY_INSTALL>/Editor/Data/Managed/UnityEngine/UnityEngine.TerrainModule.dll"
-r:"<UNITY_INSTALL>/Editor/Data/Managed/UnityEngine/UnityEngine.TerrainPhysicsModule.dll"
-r:"<UNITY_INSTALL>/Editor/Data/Managed/UnityEngine/UnityEngine.TextCoreFontEngineModule.dll"
-r:"<UNITY_INSTALL>/Editor/Data/Managed/UnityEngine/UnityEngine.TextCoreTextEngineModule.dll"
-r:"<UNITY_INSTALL>/Editor/Data/Managed/UnityEngine/UnityEngine.TextRenderingModule.dll"
-r:"<UNITY_INSTALL>/Editor/Data/Managed/UnityEngine/UnityEngine.TilemapModule.dll"
-r:"<UNITY_INSTALL>/Editor/Data/Managed/UnityEngine/UnityEngine.U2DRuntimeModule.dll"
-r:"<UNITY_INSTALL>/Editor/Data/Managed/UnityEngine/UnityEngine.UIElementsModule.dll"
-r:"<UNITY_INSTALL>/Editor/Data/Managed/UnityEngine/UnityEngine.UIModule.dll"
-r:"<UNITY_INSTALL>/Editor/Data/Managed/UnityEngine/UnityEngine.UmbraModule.dll"
-r:"<UNITY_INSTALL>/Editor/Data/Managed/UnityEngine/UnityEngine.UnityAnalyticsCommonModule.dll"
-r:"<UNITY_INSTALL>/Editor/Data/Managed/UnityEngine/UnityEngine.UnityAnalyticsModule.dll"
-r:"<UNITY_INSTALL>/Editor/Data/Managed/UnityEngine/UnityEngine.UnityConnectModule.dll"
-r:"<UNITY_INSTALL>/Editor/Data/Managed/UnityEngine/UnityEngine.UnityConsentModule.dll"
-r:"<UNITY_INSTALL>/Editor/Data/Managed/UnityEngine/UnityEngine.UnityCurlModule.dll"
-r:"<UNITY_INSTALL>/Editor/Data/Managed/UnityEngine/UnityEngine.UnityWebRequestAssetBundleModule.dll"
-r:"<UNITY_INSTALL>/Editor/Data/Managed/UnityEngine/UnityEngine.UnityWebRequestAudioModule.dll"
-r:"<UNITY_INSTALL>/Editor/Data/Managed/UnityEngine/UnityEngine.UnityWebRequestModule.dll"
-r:"<UNITY_INSTALL>/Editor/Data/Managed/UnityEngine/UnityEngine.UnityWebRequestTextureModule.dll"
-r:"<UNITY_INSTALL>/Editor/Data/Managed/UnityEngine/UnityEngine.UnityWebRequestWWWModule.dll"
-r:"<UNITY_INSTALL>/Editor/Data/Managed/UnityEngine/UnityEngine.VFXModule.dll"
-r:"<UNITY_INSTALL>/Editor/Data/Managed/UnityEngine/UnityEngine.VectorGraphicsModule.dll"
-r:"<UNITY_INSTALL>/Editor/Data/Managed/UnityEngine/UnityEngine.VehiclesModule.dll"
-r:"<UNITY_INSTALL>/Editor/Data/Managed/UnityEngine/UnityEngine.VideoModule.dll"
-r:"<UNITY_INSTALL>/Editor/Data/Managed/UnityEngine/UnityEngine.VirtualTexturingModule.dll"
-r:"<UNITY_INSTALL>/Editor/Data/Managed/UnityEngine/UnityEngine.WindModule.dll"
-r:"<UNITY_INSTALL>/Editor/Data/Managed/UnityEngine/UnityEngine.XRModule.dll"
-r:"<UNITY_INSTALL>/Editor/Data/Managed/UnityEngine/UnityEngine.dll"
-r:"<UNITY_INSTALL>/Editor/Data/NetStandard/EditorExtensions/Microsoft.CSharp.dll"
-r:"<UNITY_INSTALL>/Editor/Data/NetStandard/EditorExtensions/Microsoft.Extensions.ObjectPool.dll"
-r:"<UNITY_INSTALL>/Editor/Data/NetStandard/EditorExtensions/Microsoft.Win32.Registry.AccessControl.dll"
-r:"<UNITY_INSTALL>/Editor/Data/NetStandard/EditorExtensions/Microsoft.Win32.Registry.dll"
-r:"<UNITY_INSTALL>/Editor/Data/NetStandard/EditorExtensions/Microsoft.Win32.SystemEvents.dll"
-r:"<UNITY_INSTALL>/Editor/Data/NetStandard/EditorExtensions/System.CodeDom.dll"
-r:"<UNITY_INSTALL>/Editor/Data/NetStandard/EditorExtensions/System.ComponentModel.Composition.Registration.dll"
-r:"<UNITY_INSTALL>/Editor/Data/NetStandard/EditorExtensions/System.Configuration.ConfigurationManager.dll"
-r:"<UNITY_INSTALL>/Editor/Data/NetStandard/EditorExtensions/System.Data.DataSetExtensions.dll"
-r:"<UNITY_INSTALL>/Editor/Data/NetStandard/EditorExtensions/System.Data.Odbc.dll"
-r:"<UNITY_INSTALL>/Editor/Data/NetStandard/EditorExtensions/System.Data.OleDb.dll"
-r:"<UNITY_INSTALL>/Editor/Data/NetStandard/EditorExtensions/System.Data.SqlClient.dll"
-r:"<UNITY_INSTALL>/Editor/Data/NetStandard/EditorExtensions/System.Diagnostics.EventLog.dll"
-r:"<UNITY_INSTALL>/Editor/Data/NetStandard/EditorExtensions/System.Diagnostics.PerformanceCounter.dll"
-r:"<UNITY_INSTALL>/Editor/Data/NetStandard/EditorExtensions/System.DirectoryServices.AccountManagement.dll"
-r:"<UNITY_INSTALL>/Editor/Data/NetStandard/EditorExtensions/System.DirectoryServices.Protocols.dll"
-r:"<UNITY_INSTALL>/Editor/Data/NetStandard/EditorExtensions/System.DirectoryServices.dll"
-r:"<UNITY_INSTALL>/Editor/Data/NetStandard/EditorExtensions/System.Drawing.Common.dll"
-r:"<UNITY_INSTALL>/Editor/Data/NetStandard/EditorExtensions/System.Formats.Asn1.dll"
-r:"<UNITY_INSTALL>/Editor/Data/NetStandard/EditorExtensions/System.IO.FileSystem.AccessControl.dll"
-r:"<UNITY_INSTALL>/Editor/Data/NetStandard/EditorExtensions/System.IO.Packaging.dll"
-r:"<UNITY_INSTALL>/Editor/Data/NetStandard/EditorExtensions/System.IO.Pipes.AccessControl.dll"
-r:"<UNITY_INSTALL>/Editor/Data/NetStandard/EditorExtensions/System.IO.Ports.dll"
-r:"<UNITY_INSTALL>/Editor/Data/NetStandard/EditorExtensions/System.Management.dll"
-r:"<UNITY_INSTALL>/Editor/Data/NetStandard/EditorExtensions/System.Private.ServiceModel.dll"
-r:"<UNITY_INSTALL>/Editor/Data/NetStandard/EditorExtensions/System.Reflection.Context.dll"
-r:"<UNITY_INSTALL>/Editor/Data/NetStandard/EditorExtensions/System.Runtime.Caching.dll"
-r:"<UNITY_INSTALL>/Editor/Data/NetStandard/EditorExtensions/System.Security.AccessControl.dll"
-r:"<UNITY_INSTALL>/Editor/Data/NetStandard/EditorExtensions/System.Security.Cryptography.Cng.dll"
-r:"<UNITY_INSTALL>/Editor/Data/NetStandard/EditorExtensions/System.Security.Cryptography.Pkcs.dll"
-r:"<UNITY_INSTALL>/Editor/Data/NetStandard/EditorExtensions/System.Security.Cryptography.ProtectedData.dll"
-r:"<UNITY_INSTALL>/Editor/Data/NetStandard/EditorExtensions/System.Security.Cryptography.Xml.dll"
-r:"<UNITY_INSTALL>/Editor/Data/NetStandard/EditorExtensions/System.Security.Permissions.dll"
-r:"<UNITY_INSTALL>/Editor/Data/NetStandard/EditorExtensions/System.Security.Principal.Windows.dll"
-r:"<UNITY_INSTALL>/Editor/Data/NetStandard/EditorExtensions/System.ServiceModel.Duplex.dll"
-r:"<UNITY_INSTALL>/Editor/Data/NetStandard/EditorExtensions/System.ServiceModel.Http.dll"
-r:"<UNITY_INSTALL>/Editor/Data/NetStandard/EditorExtensions/System.ServiceModel.NetTcp.dll"
-r:"<UNITY_INSTALL>/Editor/Data/NetStandard/EditorExtensions/System.ServiceModel.Primitives.dll"
-r:"<UNITY_INSTALL>/Editor/Data/NetStandard/EditorExtensions/System.ServiceModel.Security.dll"
-r:"<UNITY_INSTALL>/Editor/Data/NetStandard/EditorExtensions/System.ServiceModel.Syndication.dll"
-r:"<UNITY_INSTALL>/Editor/Data/NetStandard/EditorExtensions/System.ServiceModel.dll"
-r:"<UNITY_INSTALL>/Editor/Data/NetStandard/EditorExtensions/System.ServiceProcess.ServiceController.dll"
-r:"<UNITY_INSTALL>/Editor/Data/NetStandard/EditorExtensions/System.Speech.dll"
-r:"<UNITY_INSTALL>/Editor/Data/NetStandard/EditorExtensions/System.Text.Encoding.CodePages.dll"
-r:"<UNITY_INSTALL>/Editor/Data/NetStandard/EditorExtensions/System.Threading.AccessControl.dll"
-r:"<UNITY_INSTALL>/Editor/Data/NetStandard/EditorExtensions/System.Web.Services.Description.dll"
-r:"<UNITY_INSTALL>/Editor/Data/NetStandard/Extensions/2.0.0/System.Runtime.InteropServices.WindowsRuntime.dll"
-r:"<UNITY_INSTALL>/Editor/Data/NetStandard/compat/2.1.0/shims/netfx/System.ComponentModel.Composition.dll"
-r:"<UNITY_INSTALL>/Editor/Data/NetStandard/compat/2.1.0/shims/netfx/System.Core.dll"
-r:"<UNITY_INSTALL>/Editor/Data/NetStandard/compat/2.1.0/shims/netfx/System.Data.dll"
-r:"<UNITY_INSTALL>/Editor/Data/NetStandard/compat/2.1.0/shims/netfx/System.Drawing.dll"
-r:"<UNITY_INSTALL>/Editor/Data/NetStandard/compat/2.1.0/shims/netfx/System.IO.Compression.FileSystem.dll"
-r:"<UNITY_INSTALL>/Editor/Data/NetStandard/compat/2.1.0/shims/netfx/System.Net.dll"
-r:"<UNITY_INSTALL>/Editor/Data/NetStandard/compat/2.1.0/shims/netfx/System.Numerics.dll"
-r:"<UNITY_INSTALL>/Editor/Data/NetStandard/compat/2.1.0/shims/netfx/System.Runtime.Serialization.dll"
-r:"<UNITY_INSTALL>/Editor/Data/NetStandard/compat/2.1.0/shims/netfx/System.ServiceModel.Web.dll"
-r:"<UNITY_INSTALL>/Editor/Data/NetStandard/compat/2.1.0/shims/netfx/System.Transactions.dll"
-r:"<UNITY_INSTALL>/Editor/Data/NetStandard/compat/2.1.0/shims/netfx/System.Web.dll"
-r:"<UNITY_INSTALL>/Editor/Data/NetStandard/compat/2.1.0/shims/netfx/System.Windows.dll"
-r:"<UNITY_INSTALL>/Editor/Data/NetStandard/compat/2.1.0/shims/netfx/System.Xml.Linq.dll"
-r:"<UNITY_INSTALL>/Editor/Data/NetStandard/compat/2.1.0/shims/netfx/System.Xml.Serialization.dll"
-r:"<UNITY_INSTALL>/Editor/Data/NetStandard/compat/2.1.0/shims/netfx/System.Xml.dll"
-r:"<UNITY_INSTALL>/Editor/Data/NetStandard/compat/2.1.0/shims/netfx/System.dll"
-r:"<UNITY_INSTALL>/Editor/Data/NetStandard/compat/2.1.0/shims/netfx/mscorlib.dll"
-r:"<UNITY_INSTALL>/Editor/Data/NetStandard/compat/2.1.0/shims/netstandard/Microsoft.Win32.Primitives.dll"
-r:"<UNITY_INSTALL>/Editor/Data/NetStandard/compat/2.1.0/shims/netstandard/System.AppContext.dll"
-r:"<UNITY_INSTALL>/Editor/Data/NetStandard/compat/2.1.0/shims/netstandard/System.Buffers.dll"
-r:"<UNITY_INSTALL>/Editor/Data/NetStandard/compat/2.1.0/shims/netstandard/System.Collections.Concurrent.dll"
-r:"<UNITY_INSTALL>/Editor/Data/NetStandard/compat/2.1.0/shims/netstandard/System.Collections.NonGeneric.dll"
-r:"<UNITY_INSTALL>/Editor/Data/NetStandard/compat/2.1.0/shims/netstandard/System.Collections.Specialized.dll"
-r:"<UNITY_INSTALL>/Editor/Data/NetStandard/compat/2.1.0/shims/netstandard/System.Collections.dll"
-r:"<UNITY_INSTALL>/Editor/Data/NetStandard/compat/2.1.0/shims/netstandard/System.ComponentModel.EventBasedAsync.dll"
-r:"<UNITY_INSTALL>/Editor/Data/NetStandard/compat/2.1.0/shims/netstandard/System.ComponentModel.Primitives.dll"
-r:"<UNITY_INSTALL>/Editor/Data/NetStandard/compat/2.1.0/shims/netstandard/System.ComponentModel.TypeConverter.dll"
-r:"<UNITY_INSTALL>/Editor/Data/NetStandard/compat/2.1.0/shims/netstandard/System.ComponentModel.dll"
-r:"<UNITY_INSTALL>/Editor/Data/NetStandard/compat/2.1.0/shims/netstandard/System.Console.dll"
-r:"<UNITY_INSTALL>/Editor/Data/NetStandard/compat/2.1.0/shims/netstandard/System.Data.Common.dll"
-r:"<UNITY_INSTALL>/Editor/Data/NetStandard/compat/2.1.0/shims/netstandard/System.Diagnostics.Contracts.dll"
-r:"<UNITY_INSTALL>/Editor/Data/NetStandard/compat/2.1.0/shims/netstandard/System.Diagnostics.Debug.dll"
-r:"<UNITY_INSTALL>/Editor/Data/NetStandard/compat/2.1.0/shims/netstandard/System.Diagnostics.FileVersionInfo.dll"
-r:"<UNITY_INSTALL>/Editor/Data/NetStandard/compat/2.1.0/shims/netstandard/System.Diagnostics.Process.dll"
-r:"<UNITY_INSTALL>/Editor/Data/NetStandard/compat/2.1.0/shims/netstandard/System.Diagnostics.StackTrace.dll"
-r:"<UNITY_INSTALL>/Editor/Data/NetStandard/compat/2.1.0/shims/netstandard/System.Diagnostics.TextWriterTraceListener.dll"
-r:"<UNITY_INSTALL>/Editor/Data/NetStandard/compat/2.1.0/shims/netstandard/System.Diagnostics.Tools.dll"
-r:"<UNITY_INSTALL>/Editor/Data/NetStandard/compat/2.1.0/shims/netstandard/System.Diagnostics.TraceSource.dll"
-r:"<UNITY_INSTALL>/Editor/Data/NetStandard/compat/2.1.0/shims/netstandard/System.Diagnostics.Tracing.dll"
-r:"<UNITY_INSTALL>/Editor/Data/NetStandard/compat/2.1.0/shims/netstandard/System.Drawing.Primitives.dll"
-r:"<UNITY_INSTALL>/Editor/Data/NetStandard/compat/2.1.0/shims/netstandard/System.Dynamic.Runtime.dll"
-r:"<UNITY_INSTALL>/Editor/Data/NetStandard/compat/2.1.0/shims/netstandard/System.Globalization.Calendars.dll"
-r:"<UNITY_INSTALL>/Editor/Data/NetStandard/compat/2.1.0/shims/netstandard/System.Globalization.Extensions.dll"
-r:"<UNITY_INSTALL>/Editor/Data/NetStandard/compat/2.1.0/shims/netstandard/System.Globalization.dll"
-r:"<UNITY_INSTALL>/Editor/Data/NetStandard/compat/2.1.0/shims/netstandard/System.IO.Compression.ZipFile.dll"
-r:"<UNITY_INSTALL>/Editor/Data/NetStandard/compat/2.1.0/shims/netstandard/System.IO.Compression.dll"
-r:"<UNITY_INSTALL>/Editor/Data/NetStandard/compat/2.1.0/shims/netstandard/System.IO.FileSystem.DriveInfo.dll"
-r:"<UNITY_INSTALL>/Editor/Data/NetStandard/compat/2.1.0/shims/netstandard/System.IO.FileSystem.Primitives.dll"
-r:"<UNITY_INSTALL>/Editor/Data/NetStandard/compat/2.1.0/shims/netstandard/System.IO.FileSystem.Watcher.dll"
-r:"<UNITY_INSTALL>/Editor/Data/NetStandard/compat/2.1.0/shims/netstandard/System.IO.FileSystem.dll"
-r:"<UNITY_INSTALL>/Editor/Data/NetStandard/compat/2.1.0/shims/netstandard/System.IO.IsolatedStorage.dll"
-r:"<UNITY_INSTALL>/Editor/Data/NetStandard/compat/2.1.0/shims/netstandard/System.IO.MemoryMappedFiles.dll"
-r:"<UNITY_INSTALL>/Editor/Data/NetStandard/compat/2.1.0/shims/netstandard/System.IO.Pipes.dll"
-r:"<UNITY_INSTALL>/Editor/Data/NetStandard/compat/2.1.0/shims/netstandard/System.IO.UnmanagedMemoryStream.dll"
-r:"<UNITY_INSTALL>/Editor/Data/NetStandard/compat/2.1.0/shims/netstandard/System.IO.dll"
-r:"<UNITY_INSTALL>/Editor/Data/NetStandard/compat/2.1.0/shims/netstandard/System.Linq.Expressions.dll"
-r:"<UNITY_INSTALL>/Editor/Data/NetStandard/compat/2.1.0/shims/netstandard/System.Linq.Parallel.dll"
-r:"<UNITY_INSTALL>/Editor/Data/NetStandard/compat/2.1.0/shims/netstandard/System.Linq.Queryable.dll"
-r:"<UNITY_INSTALL>/Editor/Data/NetStandard/compat/2.1.0/shims/netstandard/System.Linq.dll"
-r:"<UNITY_INSTALL>/Editor/Data/NetStandard/compat/2.1.0/shims/netstandard/System.Memory.dll"
-r:"<UNITY_INSTALL>/Editor/Data/NetStandard/compat/2.1.0/shims/netstandard/System.Net.Http.dll"
-r:"<UNITY_INSTALL>/Editor/Data/NetStandard/compat/2.1.0/shims/netstandard/System.Net.NameResolution.dll"
-r:"<UNITY_INSTALL>/Editor/Data/NetStandard/compat/2.1.0/shims/netstandard/System.Net.NetworkInformation.dll"
-r:"<UNITY_INSTALL>/Editor/Data/NetStandard/compat/2.1.0/shims/netstandard/System.Net.Ping.dll"
-r:"<UNITY_INSTALL>/Editor/Data/NetStandard/compat/2.1.0/shims/netstandard/System.Net.Primitives.dll"
-r:"<UNITY_INSTALL>/Editor/Data/NetStandard/compat/2.1.0/shims/netstandard/System.Net.Requests.dll"
-r:"<UNITY_INSTALL>/Editor/Data/NetStandard/compat/2.1.0/shims/netstandard/System.Net.Security.dll"
-r:"<UNITY_INSTALL>/Editor/Data/NetStandard/compat/2.1.0/shims/netstandard/System.Net.Sockets.dll"
-r:"<UNITY_INSTALL>/Editor/Data/NetStandard/compat/2.1.0/shims/netstandard/System.Net.WebHeaderCollection.dll"
-r:"<UNITY_INSTALL>/Editor/Data/NetStandard/compat/2.1.0/shims/netstandard/System.Net.WebSockets.Client.dll"
-r:"<UNITY_INSTALL>/Editor/Data/NetStandard/compat/2.1.0/shims/netstandard/System.Net.WebSockets.dll"
-r:"<UNITY_INSTALL>/Editor/Data/NetStandard/compat/2.1.0/shims/netstandard/System.Numerics.Vectors.dll"
-r:"<UNITY_INSTALL>/Editor/Data/NetStandard/compat/2.1.0/shims/netstandard/System.ObjectModel.dll"
-r:"<UNITY_INSTALL>/Editor/Data/NetStandard/compat/2.1.0/shims/netstandard/System.Reflection.DispatchProxy.dll"
-r:"<UNITY_INSTALL>/Editor/Data/NetStandard/compat/2.1.0/shims/netstandard/System.Reflection.Emit.ILGeneration.dll"
-r:"<UNITY_INSTALL>/Editor/Data/NetStandard/compat/2.1.0/shims/netstandard/System.Reflection.Emit.Lightweight.dll"
-r:"<UNITY_INSTALL>/Editor/Data/NetStandard/compat/2.1.0/shims/netstandard/System.Reflection.Emit.dll"
-r:"<UNITY_INSTALL>/Editor/Data/NetStandard/compat/2.1.0/shims/netstandard/System.Reflection.Extensions.dll"
-r:"<UNITY_INSTALL>/Editor/Data/NetStandard/compat/2.1.0/shims/netstandard/System.Reflection.Primitives.dll"
-r:"<UNITY_INSTALL>/Editor/Data/NetStandard/compat/2.1.0/shims/netstandard/System.Reflection.dll"
-r:"<UNITY_INSTALL>/Editor/Data/NetStandard/compat/2.1.0/shims/netstandard/System.Resources.Reader.dll"
-r:"<UNITY_INSTALL>/Editor/Data/NetStandard/compat/2.1.0/shims/netstandard/System.Resources.ResourceManager.dll"
-r:"<UNITY_INSTALL>/Editor/Data/NetStandard/compat/2.1.0/shims/netstandard/System.Resources.Writer.dll"
-r:"<UNITY_INSTALL>/Editor/Data/NetStandard/compat/2.1.0/shims/netstandard/System.Runtime.CompilerServices.VisualC.dll"
-r:"<UNITY_INSTALL>/Editor/Data/NetStandard/compat/2.1.0/shims/netstandard/System.Runtime.Extensions.dll"
-r:"<UNITY_INSTALL>/Editor/Data/NetStandard/compat/2.1.0/shims/netstandard/System.Runtime.Handles.dll"
-r:"<UNITY_INSTALL>/Editor/Data/NetStandard/compat/2.1.0/shims/netstandard/System.Runtime.InteropServices.RuntimeInformation.dll"
-r:"<UNITY_INSTALL>/Editor/Data/NetStandard/compat/2.1.0/shims/netstandard/System.Runtime.InteropServices.dll"
-r:"<UNITY_INSTALL>/Editor/Data/NetStandard/compat/2.1.0/shims/netstandard/System.Runtime.Numerics.dll"
-r:"<UNITY_INSTALL>/Editor/Data/NetStandard/compat/2.1.0/shims/netstandard/System.Runtime.Serialization.Formatters.dll"
-r:"<UNITY_INSTALL>/Editor/Data/NetStandard/compat/2.1.0/shims/netstandard/System.Runtime.Serialization.Json.dll"
-r:"<UNITY_INSTALL>/Editor/Data/NetStandard/compat/2.1.0/shims/netstandard/System.Runtime.Serialization.Primitives.dll"
-r:"<UNITY_INSTALL>/Editor/Data/NetStandard/compat/2.1.0/shims/netstandard/System.Runtime.Serialization.Xml.dll"
-r:"<UNITY_INSTALL>/Editor/Data/NetStandard/compat/2.1.0/shims/netstandard/System.Runtime.dll"
-r:"<UNITY_INSTALL>/Editor/Data/NetStandard/compat/2.1.0/shims/netstandard/System.Security.Claims.dll"
-r:"<UNITY_INSTALL>/Editor/Data/NetStandard/compat/2.1.0/shims/netstandard/System.Security.Cryptography.Algorithms.dll"
-r:"<UNITY_INSTALL>/Editor/Data/NetStandard/compat/2.1.0/shims/netstandard/System.Security.Cryptography.Csp.dll"
-r:"<UNITY_INSTALL>/Editor/Data/NetStandard/compat/2.1.0/shims/netstandard/System.Security.Cryptography.Encoding.dll"
-r:"<UNITY_INSTALL>/Editor/Data/NetStandard/compat/2.1.0/shims/netstandard/System.Security.Cryptography.Primitives.dll"
-r:"<UNITY_INSTALL>/Editor/Data/NetStandard/compat/2.1.0/shims/netstandard/System.Security.Cryptography.X509Certificates.dll"
-r:"<UNITY_INSTALL>/Editor/Data/NetStandard/compat/2.1.0/shims/netstandard/System.Security.Principal.dll"
-r:"<UNITY_INSTALL>/Editor/Data/NetStandard/compat/2.1.0/shims/netstandard/System.Security.SecureString.dll"
-r:"<UNITY_INSTALL>/Editor/Data/NetStandard/compat/2.1.0/shims/netstandard/System.Text.Encoding.Extensions.dll"
-r:"<UNITY_INSTALL>/Editor/Data/NetStandard/compat/2.1.0/shims/netstandard/System.Text.Encoding.dll"
-r:"<UNITY_INSTALL>/Editor/Data/NetStandard/compat/2.1.0/shims/netstandard/System.Text.RegularExpressions.dll"
-r:"<UNITY_INSTALL>/Editor/Data/NetStandard/compat/2.1.0/shims/netstandard/System.Threading.Overlapped.dll"
-r:"<UNITY_INSTALL>/Editor/Data/NetStandard/compat/2.1.0/shims/netstandard/System.Threading.Tasks.Extensions.dll"
-r:"<UNITY_INSTALL>/Editor/Data/NetStandard/compat/2.1.0/shims/netstandard/System.Threading.Tasks.Parallel.dll"
-r:"<UNITY_INSTALL>/Editor/Data/NetStandard/compat/2.1.0/shims/netstandard/System.Threading.Tasks.dll"
-r:"<UNITY_INSTALL>/Editor/Data/NetStandard/compat/2.1.0/shims/netstandard/System.Threading.Thread.dll"
-r:"<UNITY_INSTALL>/Editor/Data/NetStandard/compat/2.1.0/shims/netstandard/System.Threading.ThreadPool.dll"
-r:"<UNITY_INSTALL>/Editor/Data/NetStandard/compat/2.1.0/shims/netstandard/System.Threading.Timer.dll"
-r:"<UNITY_INSTALL>/Editor/Data/NetStandard/compat/2.1.0/shims/netstandard/System.Threading.dll"
-r:"<UNITY_INSTALL>/Editor/Data/NetStandard/compat/2.1.0/shims/netstandard/System.ValueTuple.dll"
-r:"<UNITY_INSTALL>/Editor/Data/NetStandard/compat/2.1.0/shims/netstandard/System.Xml.ReaderWriter.dll"
-r:"<UNITY_INSTALL>/Editor/Data/NetStandard/compat/2.1.0/shims/netstandard/System.Xml.XDocument.dll"
-r:"<UNITY_INSTALL>/Editor/Data/NetStandard/compat/2.1.0/shims/netstandard/System.Xml.XPath.XDocument.dll"
-r:"<UNITY_INSTALL>/Editor/Data/NetStandard/compat/2.1.0/shims/netstandard/System.Xml.XPath.dll"
-r:"<UNITY_INSTALL>/Editor/Data/NetStandard/compat/2.1.0/shims/netstandard/System.Xml.XmlDocument.dll"
-r:"<UNITY_INSTALL>/Editor/Data/NetStandard/compat/2.1.0/shims/netstandard/System.Xml.XmlSerializer.dll"
-r:"<UNITY_INSTALL>/Editor/Data/NetStandard/ref/2.1.0/netstandard.dll"
-r:"<UNITY_INSTALL>/Editor/Data/PlaybackEngines/AndroidPlayer/Unity.Android.Gradle.dll"
-r:"<UNITY_INSTALL>/Editor/Data/PlaybackEngines/AndroidPlayer/Unity.Android.Types.dll"
-r:"<UNITY_INSTALL>/Editor/Data/PlaybackEngines/AndroidPlayer/UnityEditor.Android.Extensions.dll"
-r:"<UNITY_INSTALL>/Editor/Data/PlaybackEngines/LinuxStandaloneSupport/UnityEditor.LinuxStandalone.Extensions.dll"
-r:"<UNITY_INSTALL>/Editor/Data/PlaybackEngines/MacStandaloneSupport/UnityEditor.OSXStandalone.Extensions.dll"
-r:"<UNITY_INSTALL>/Editor/Data/PlaybackEngines/MacStandaloneSupport/UnityEditor.iOS.Extensions.Xcode.dll"
-r:"<UNITY_INSTALL>/Editor/Data/PlaybackEngines/WebGLSupport/UnityEditor.WebGL.Extensions.dll"
-r:"<UNITY_INSTALL>/Editor/Data/PlaybackEngines/WindowsStandaloneSupport/UnityEditor.WindowsStandalone.Extensions.dll"
-r:"<UNITY_INSTALL>/Editor/Data/PlaybackEngines/iOSSupport/UnityEditor.Apple.Extensions.Common.dll"
-r:"<UNITY_INSTALL>/Editor/Data/PlaybackEngines/iOSSupport/UnityEditor.iOS.Extensions.Common.dll"
-r:"<UNITY_INSTALL>/Editor/Data/PlaybackEngines/iOSSupport/UnityEditor.iOS.Extensions.Xcode.dll"
-r:"<UNITY_INSTALL>/Editor/Data/PlaybackEngines/iOSSupport/UnityEditor.iOS.Extensions.dll"
-r:"Library/PackageCache/com.github-glitchenzo.nugetforunity@ee9526e0fa37/Editor/PluginAPI/NuGetForUnity.PluginAPI.dll"
-r:"Library/PackageCache/com.unity.collab-proxy@120d77864ebc/Lib/Editor/TextMateSharp/Onigwrap/OnigwrapPlastic.dll"
-r:"Library/PackageCache/com.unity.collab-proxy@120d77864ebc/Lib/Editor/TextMateSharp/TextMateSharpPlastic.Grammars.dll"
-r:"Library/PackageCache/com.unity.collab-proxy@120d77864ebc/Lib/Editor/TextMateSharp/TextMateSharpPlastic.dll"
-r:"Library/PackageCache/com.unity.collab-proxy@120d77864ebc/Lib/Editor/Unity.Plastic.Antlr3.Runtime.dll"
-r:"Library/PackageCache/com.unity.collab-proxy@120d77864ebc/Lib/Editor/Unity.Plastic.Newtonsoft.Json.dll"
-r:"Library/PackageCache/com.unity.collab-proxy@120d77864ebc/Lib/Editor/log4netPlastic.dll"
-r:"Library/PackageCache/com.unity.collab-proxy@120d77864ebc/Lib/Editor/unityplastic.dll"
-r:"Library/PackageCache/com.unity.collections@ec2c217e4cb2/Unity.Collections.LowLevel.ILSupport/Unity.Collections.LowLevel.ILSupport.dll"
-r:"Library/PackageCache/com.unity.ext.nunit@44f7d31723bd/net472/unity-custom/nunit.framework.dll"
-r:"Library/PackageCache/com.unity.ext.nunit@44f7d31723bd/net472/unity-custom/nunit.framework.dll"
-r:"Library/PackageCache/com.unity.nuget.mono-cecil@ecb9724e46ff/Mono.Cecil.dll"
-r:"Library/PackageCache/com.unity.nuget.newtonsoft-json@4dfd81071c64/Runtime/Newtonsoft.Json.dll"
-r:"Library/PackageCache/com.unity.visualscripting@4edfcc09512f/Editor/VisualScripting.Core/Dependencies/DotNetZip/Unity.VisualScripting.IonicZip.dll"
-r:"Library/PackageCache/com.unity.visualscripting@4edfcc09512f/Editor/VisualScripting.Core/Dependencies/YamlDotNet/Unity.VisualScripting.YamlDotNet.dll"
-r:"Library/PackageCache/com.unity.visualscripting@4edfcc09512f/Editor/VisualScripting.Core/EditorAssetResources/Unity.VisualScripting.TextureAssets.dll"
-r:"Library/PackageCache/com.unity.visualscripting@4edfcc09512f/Runtime/VisualScripting.Flow/Dependencies/NCalc/Unity.VisualScripting.Antlr3.Runtime.dll"
-r:"Library/Bee/artifacts/1900b0aEDbg.dag/UniTask.ref.dll"
-r:"Library/Bee/artifacts/1900b0aEDbg.dag/UnityEditor.TestRunner.ref.dll"
-r:"Library/Bee/artifacts/1900b0aEDbg.dag/UnityEditor.UI.ref.dll"
-r:"Library/Bee/artifacts/1900b0aEDbg.dag/UnityEngine.TestRunner.ref.dll"
-r:"Library/Bee/artifacts/1900b0aEDbg.dag/UnityEngine.UI.ref.dll"
-analyzer:"Assets/LightDI/SourceGenerators/LightDiSourceGenerators.dll"
-analyzer:"<UNITY_INSTALL>/Editor/Data/BCLExtensions/TargetingPacks/netstandard2.1/analyzers/dotnet/roslyn4.0/cs/Microsoft.Extensions.Logging.Generators.dll"
-analyzer:"<UNITY_INSTALL>/Editor/Data/BCLExtensions/TargetingPacks/netstandard2.1/analyzers/dotnet/roslyn4.0/cs/System.Text.Json.SourceGeneration.dll"
-analyzer:"<UNITY_INSTALL>/Editor/Data/Tools/BuildPipeline/Unity.Analyzers.Common/Unity.Analyzers.Common.dll"
-analyzer:"<UNITY_INSTALL>/Editor/Data/Tools/BuildPipeline/Unity.Analyzers.LongLiving/Unity.Analyzers.LongLiving.dll"
-analyzer:"<UNITY_INSTALL>/Editor/Data/Tools/BuildPipeline/Unity.SourceGenerators/Unity.Properties.SourceGenerator.dll"
-analyzer:"<UNITY_INSTALL>/Editor/Data/Tools/BuildPipeline/Unity.SourceGenerators/Unity.SourceGenerators.dll"
-analyzer:"<UNITY_INSTALL>/Editor/Data/Tools/BuildPipeline/Unity.SourceGenerators/Unity.UIToolkit.SourceGenerator.dll"
"Library/PackageCache/com.cysharp.unitask@a85b92a8e443/Editor/SplitterGUILayout.cs"
"Library/PackageCache/com.cysharp.unitask@a85b92a8e443/Editor/UniTaskTrackerTreeView.cs"
"Library/PackageCache/com.cysharp.unitask@a85b92a8e443/Editor/UniTaskTrackerWindow.cs"
-langversion:9.0
/deterministic
/optimize-
/debug:portable
/nologo
/RuntimeMetadataVersion:v4.0.30319
/nowarn:0169
/nowarn:0649
/nowarn:0282
/nowarn:1701
/nowarn:1702
/utf8output
/preferreduilang:en-US
-warn:0
/additionalfile:"Library/Bee/artifacts/1900b0aEDbg.dag/UniTask.Editor.UnityAdditionalFile.txt"
##### Custom Environment Variables
DOTNET_HOST_PATH=<UNITY_INSTALL>\Editor\Data\DotNetSdk\dotnet.exe
DOTNET_MULTILEVEL_LOOKUP=0
##### ExitCode
1
##### Output
Library\PackageCache\com.cysharp.unitask@a85b92a8e443\Editor\UniTaskTrackerTreeView.cs(16,43): error CS0619: 'TreeViewItem' is obsolete: 'TreeViewItem is now deprecated. You can likely now use TreeViewItem<int> instead and not think more about it. But if you were using that identifier to store InstanceID data, you should instead opt to upgrade your TreeViews to use TreeViewItem<InstanceID> to get the proper typing.'

Library\PackageCache\com.cysharp.unitask@a85b92a8e443\Editor\UniTaskTrackerTreeView.cs(58,43): error CS0619: 'TreeView' is obsolete: 'TreeView is now deprecated. You can likely now use TreeView<int> instead and not think more about it. But if you were using that identifier to store InstanceID data, you should instead opt to upgrade your TreeViews to use TreeView<InstanceID> to get the proper typing.'

Library\PackageCache\com.cysharp.unitask@a85b92a8e443\Editor\UniTaskTrackerTreeView.cs(128,28): error CS0619: 'TreeViewItem' is obsolete: 'TreeViewItem is now deprecated. You can likely now use TreeViewItem<int> instead and not think more about it. But if you were using that identifier to store InstanceID data, you should instead opt to upgrade your TreeViews to use TreeViewItem<InstanceID> to get the proper typing.'

Library\PackageCache\com.cysharp.unitask@a85b92a8e443\Editor\UniTaskTrackerTreeView.cs(144,48): error CS0619: 'TreeViewItem' is obsolete: 'TreeViewItem is now deprecated. You can likely now use TreeViewItem<int> instead and not think more about it. But if you were using that identifier to store InstanceID data, you should instead opt to upgrade your TreeViews to use TreeViewItem<InstanceID> to get the proper typing.'

Library\PackageCache\com.cysharp.unitask@a85b92a8e443\Editor\UniTaskTrackerTreeView.cs(62,30): error CS0619: 'TreeViewItem' is obsolete: 'TreeViewItem is now deprecated. You can likely now use TreeViewItem<int> instead and not think more about it. But if you were using that identifier to store InstanceID data, you should instead opt to upgrade your TreeViews to use TreeViewItem<InstanceID> to get the proper typing.'

Library\PackageCache\com.cysharp.unitask@a85b92a8e443\Editor\UniTaskTrackerTreeView.cs(75,32): error CS0619: 'TreeViewState' is obsolete: 'TreeViewState is now deprecated. You can likely now use TreeViewState<int> instead and not think more about it. But if you were using that identifier to store InstanceID data, you should instead opt to upgrade your TreeViews to use TreeViewState<InstanceID> to get the proper typing.'
*** Tundra build failed (8.76 seconds), 1670 items updated, 1771 evaluated
## Script Compilation Error for: Csc Library/Bee/artifacts/1900b0aEDbg.dag/UniTask.Editor.dll (+2 others)
## CmdLine: "<UNITY_INSTALL>\Editor\Data\DotNetSdk\dotnet.exe" exec "<UNITY_INSTALL>/Editor/Data/DotNetSdk/sdk/8.0.318/Roslyn/bincore/csc.dll" /nostdlib /noconfig /shared "@Library/Bee/artifacts/1900b0aEDbg.dag/UniTask.Editor.rsp" "@Library/Bee/artifacts/1900b0aEDbg.dag/UniTask.Editor.rsp2"
## Output:
Library\PackageCache\com.cysharp.unitask@a85b92a8e443\Editor\UniTaskTrackerTreeView.cs(16,43): error CS0619: 'TreeViewItem' is obsolete: 'TreeViewItem is now deprecated. You can likely now use TreeViewItem<int> instead and not think more about it. But if you were using that identifier to store InstanceID data, you should instead opt to upgrade your TreeViews to use TreeViewItem<InstanceID> to get the proper typing.'
Library\PackageCache\com.cysharp.unitask@a85b92a8e443\Editor\UniTaskTrackerTreeView.cs(58,43): error CS0619: 'TreeView' is obsolete: 'TreeView is now deprecated. You can likely now use TreeView<int> instead and not think more about it. But if you were using that identifier to store InstanceID data, you should instead opt to upgrade your TreeViews to use TreeView<InstanceID> to get the proper typing.'
Library\PackageCache\com.cysharp.unitask@a85b92a8e443\Editor\UniTaskTrackerTreeView.cs(128,28): error CS0619: 'TreeViewItem' is obsolete: 'TreeViewItem is now deprecated. You can likely now use TreeViewItem<int> instead and not think more about it. But if you were using that identifier to store InstanceID data, you should instead opt to upgrade your TreeViews to use TreeViewItem<InstanceID> to get the proper typing.'
Library\PackageCache\com.cysharp.unitask@a85b92a8e443\Editor\UniTaskTrackerTreeView.cs(144,48): error CS0619: 'TreeViewItem' is obsolete: 'TreeViewItem is now deprecated. You can likely now use TreeViewItem<int> instead and not think more about it. But if you were using that identifier to store InstanceID data, you should instead opt to upgrade your TreeViews to use TreeViewItem<InstanceID> to get the proper typing.'
Library\PackageCache\com.cysharp.unitask@a85b92a8e443\Editor\UniTaskTrackerTreeView.cs(62,30): error CS0619: 'TreeViewItem' is obsolete: 'TreeViewItem is now deprecated. You can likely now use TreeViewItem<int> instead and not think more about it. But if you were using that identifier to store InstanceID data, you should instead opt to upgrade your TreeViews to use TreeViewItem<InstanceID> to get the proper typing.'
Library\PackageCache\com.cysharp.unitask@a85b92a8e443\Editor\UniTaskTrackerTreeView.cs(75,32): error CS0619: 'TreeViewState' is obsolete: 'TreeViewState is now deprecated. You can likely now use TreeViewState<int> instead and not think more about it. But if you were using that identifier to store InstanceID data, you should instead opt to upgrade your TreeViews to use TreeViewState<InstanceID> to get the proper typing.'

Assets\MVP\Source\Model.cs(65,26): warning CS0114: 'Model.OnDispose()' hides inherited member 'DisposableBase.OnDispose()'. To make the current member override that implementation, add the override keyword. Otherwise add the new keyword.
Assets\MVP\Source\Presenter.cs(137,26): warning CS0114: 'Presenter<TView, TModel>.OnDispose()' hides inherited member 'DisposableBase.OnDispose()'. To make the current member override that implementation, add the override keyword. Otherwise add the new keyword.
Assets\MVP\Source\View.cs(85,26): warning CS0114: 'View<TPresenter>.OnDispose()' hides inherited member 'DisposableBase.OnDispose()'. To make the current member override that implementation, add the override keyword. Otherwise add the new keyword.
Assets\MVVM\Source\Core\View\ViewBase.cs(167,29): warning CS0114: 'ViewBase<TViewModel>.OnDispose()' hides inherited member 'DisposableBase.OnDispose()'. To make the current member override that implementation, add the override keyword. Otherwise add the new keyword.
Assets\MVVM\Source\Core\ViewModel\ViewModelBase.cs(155,29): warning CS0114: 'ViewModelBase<TModel>.OnDispose()' hides inherited member 'DisposableBase.OnDispose()'. To make the current member override that implementation, add the override keyword. Otherwise add the new keyword.
Assets\LocalizedDomain\Runtime\TextMeshPro\LocalizedTMPText.cs(99,28): warning CS0618: 'TMP_Text.enableWordWrapping' is obsolete: 'The enabledWordWrapping property is now obsolete. Please use the textWrappingMode property instead.'
Assets\LocalizedDomain\Runtime\TextMeshPro\LocalizedTMPText.cs(108,29): warning CS0618: 'TMP_Text.enableKerning' is obsolete: 'The "enableKerning" property has been deprecated. Use the "fontFeatures" property to control what features are enabled on the text component.'
Assets\LocalizedDomain\Runtime\TextMeshPro\LocalizedTMPText.cs(133,13): warning CS0618: 'TMP_Text.enableWordWrapping' is obsolete: 'The enabledWordWrapping property is now obsolete. Please use the textWrappingMode property instead.'
Assets\LocalizedDomain\Runtime\TextMeshPro\LocalizedTMPText.cs(142,13): warning CS0618: 'TMP_Text.enableKerning' is obsolete: 'The "enableKerning" property has been deprecated. Use the "fontFeatures" property to control what features are enabled on the text component.'
Assets\LocalSaveSystem\V2\Legacy\LegacyBinaryFormatterImporter.cs(57,22): warning CS0618: 'ISavable' is obsolete: 'Legacy API. Use SaveKey<T> + SaveStore instead.'
Assets\LocalSaveSystem\V2\Legacy\LegacyBinaryFormatterImporter.cs(64,22): warning CS0618: 'ISavable' is obsolete: 'Legacy API. Use SaveKey<T> + SaveStore instead.'
Assets\LocalSaveSystem\V2\Legacy\LegacyBinaryFormatterImporter.cs(66,41): warning CS0618: 'ISavable' is obsolete: 'Legacy API. Use SaveKey<T> + SaveStore instead.'
Assets\LocalSaveSystem\V2\Legacy\LegacyBinaryFormatterImporter.cs(66,64): warning CS0618: 'ISavable' is obsolete: 'Legacy API. Use SaveKey<T> + SaveStore instead.'
Assets\LocalSaveSystem\V2\Legacy\LegacyBinaryFormatterImporter.cs(71,20): warning CS0618: 'ISavable' is obsolete: 'Legacy API. Use SaveKey<T> + SaveStore instead.'
Assets\Plugins\UniRx\Scripts\UnityEngineBridge\MainThreadDispatcher.cs(452,34): warning CS0618: 'Object.FindObjectOfType<T>()' is obsolete: 'Object.FindObjectOfType has been deprecated. Use Object.FindAnyObjectByType instead.'
Assets\Plugins\UniRx\Scripts\UnityEngineBridge\MainThreadDispatcher.cs(580,31): warning CS0618: 'Object.FindObjectsOfType<T>()' is obsolete: 'Object.FindObjectsOfType has been deprecated. Use Object.FindObjectsByType instead which lets you decide whether you need the results sorted or not.  FindObjectsOfType sorts the results by InstanceID but if you do not need this using FindObjectSortMode.None is considerably faster.'
Assets\Plugins\UniRx\Scripts\UnityEngineBridge\MainThreadDispatcher.cs(591,28): warning CS0618: 'Object.FindObjectOfType<T>()' is obsolete: 'Object.FindObjectOfType has been deprecated. Use Object.FindAnyObjectByType instead.'
Assets\Config\Tests\FakeObjects\FakeExecutor.cs(20,60): warning CS8632: The annotation for nullable reference types should only be used in code within a '#nullable' annotations context.
Assets\Config\Tests\FakeObjects\FakeExecutor.cs(21,85): warning CS8632: The annotation for nullable reference types should only be used in code within a '#nullable' annotations context.
Assets\Config\Tests\DependencyAwareConfigParserTests.cs(124,27): warning CS1998: This async method lacks 'await' operators and will run synchronously. Consider using the 'await' operator to await non-blocking API calls, or 'await Task.Run(...)' to do CPU-bound work on a background thread.
Assets\Disposable\Tests\DisposableBaseTests.cs(267,27): warning CS1998: This async method lacks 'await' operators and will run synchronously. Consider using the 'await' operator to await non-blocking API calls, or 'await Task.Run(...)' to do CPU-bound work on a background thread.
Assets\Disposable\Tests\CollectionsExtensionsTests.cs(217,27): warning CS1998: This async method lacks 'await' operators and will run synchronously. Consider using the 'await' operator to await non-blocking API calls, or 'await Task.Run(...)' to do CPU-bound work on a background thread.
Assets\Root\Tests\RootTests.cs(25,27): warning CS1998: This async method lacks 'await' operators and will run synchronously. Consider using the 'await' operator to await non-blocking API calls, or 'await Task.Run(...)' to do CPU-bound work on a background thread.
Assets\LocalSaveSystem\Tests\SaveSerializerTests.cs(102,34): warning CS0618: 'ISavable' is obsolete: 'Legacy API. Use SaveKey<T> + SaveStore instead.'
Library\PackageCache\com.cysharp.unitask@a85b92a8e443\Editor\UniTaskTrackerTreeView.cs(16,43): error CS0619: 'TreeViewItem' is obsolete: 'TreeViewItem is now deprecated. You can likely now use TreeViewItem<int> instead and not think more about it. But if you were using that identifier to store InstanceID data, you should instead opt to upgrade your TreeViews to use TreeViewItem<InstanceID> to get the proper typing.'
Library\PackageCache\com.cysharp.unitask@a85b92a8e443\Editor\UniTaskTrackerTreeView.cs(58,43): error CS0619: 'TreeView' is obsolete: 'TreeView is now deprecated. You can likely now use TreeView<int> instead and not think more about it. But if you were using that identifier to store InstanceID data, you should instead opt to upgrade your TreeViews to use TreeView<InstanceID> to get the proper typing.'
Library\PackageCache\com.cysharp.unitask@a85b92a8e443\Editor\UniTaskTrackerTreeView.cs(128,28): error CS0619: 'TreeViewItem' is obsolete: 'TreeViewItem is now deprecated. You can likely now use TreeViewItem<int> instead and not think more about it. But if you were using that identifier to store InstanceID data, you should instead opt to upgrade your TreeViews to use TreeViewItem<InstanceID> to get the proper typing.'
Library\PackageCache\com.cysharp.unitask@a85b92a8e443\Editor\UniTaskTrackerTreeView.cs(144,48): error CS0619: 'TreeViewItem' is obsolete: 'TreeViewItem is now deprecated. You can likely now use TreeViewItem<int> instead and not think more about it. But if you were using that identifier to store InstanceID data, you should instead opt to upgrade your TreeViews to use TreeViewItem<InstanceID> to get the proper typing.'
Library\PackageCache\com.cysharp.unitask@a85b92a8e443\Editor\UniTaskTrackerTreeView.cs(62,30): error CS0619: 'TreeViewItem' is obsolete: 'TreeViewItem is now deprecated. You can likely now use TreeViewItem<int> instead and not think more about it. But if you were using that identifier to store InstanceID data, you should instead opt to upgrade your TreeViews to use TreeViewItem<InstanceID> to get the proper typing.'
Library\PackageCache\com.cysharp.unitask@a85b92a8e443\Editor\UniTaskTrackerTreeView.cs(75,32): error CS0619: 'TreeViewState' is obsolete: 'TreeViewState is now deprecated. You can likely now use TreeViewState<int> instead and not think more about it. But if you were using that identifier to store InstanceID data, you should instead opt to upgrade your TreeViews to use TreeViewState<InstanceID> to get the proper typing.'
Assets\LightDI\Tests\Integration\IntegrationTests.cs(38,38): warning CS0618: 'DiContainerProvider.Resolve<T>()' is obsolete: 'Use attribute [Inject]. DiContainer not for regular use. It's for internal use or critical cases only.'
Assets\LightDI\Tests\Integration\IntegrationTests.cs(41,21): warning CS0618: 'DiContainerProvider.Resolve<T>()' is obsolete: 'Use attribute [Inject]. DiContainer not for regular use. It's for internal use or critical cases only.'
Assets\LightDI\Tests\Integration\IntegrationTests.cs(42,21): warning CS0618: 'DiContainerProvider.Resolve<T>()' is obsolete: 'Use attribute [Inject]. DiContainer not for regular use. It's for internal use or critical cases only.'
Assets\LightDI\Tests\Integration\IntegrationTests.cs(78,38): warning CS0618: 'DiContainerProvider.Resolve<T>()' is obsolete: 'Use attribute [Inject]. DiContainer not for regular use. It's for internal use or critical cases only.'
Assets\LightDI\Tests\Integration\IntegrationTests.cs(81,21): warning CS0618: 'DiContainerProvider.Resolve<T>()' is obsolete: 'Use attribute [Inject]. DiContainer not for regular use. It's for internal use or critical cases only.'
Assets\LightDI\Tests\Integration\IntegrationTests.cs(82,21): warning CS0618: 'DiContainerProvider.Resolve<T>()' is obsolete: 'Use attribute [Inject]. DiContainer not for regular use. It's for internal use or critical cases only.'
Assets\LightDI\Tests\Integration\IntegrationTests.cs(185,17): warning CS0618: 'DiContainerProvider.Resolve<T>()' is obsolete: 'Use attribute [Inject]. DiContainer not for regular use. It's for internal use or critical cases only.'
Assets\LightDI\Tests\Runtime\LifetimeTests.cs(106,27): warning CS1718: Comparison made to same variable; did you mean to compare something else?
Assets\LightDI\Tests\Runtime\LifetimeTests.cs(107,27): warning CS1718: Comparison made to same variable; did you mean to compare something else?
Assets\LightDI\Tests\Integration\IntegrationTests.cs(249,38): warning CS0618: 'DiContainerProvider.Resolve<T>()' is obsolete: 'Use attribute [Inject]. DiContainer not for regular use. It's for internal use or critical cases only.'
Assets\LightDI\Tests\Integration\IntegrationTests.cs(251,38): warning CS0618: 'DiContainerProvider.Resolve<T>()' is obsolete: 'Use attribute [Inject]. DiContainer not for regular use. It's for internal use or critical cases only.'
Assets\LightDI\Tests\Runtime\LifetimeTests.cs(116,28): warning CS1718: Comparison made to same variable; did you mean to compare something else?
Assets\LightDI\Tests\Runtime\LifetimeTests.cs(117,28): warning CS1718: Comparison made to same variable; did you mean to compare something else?
Assets\LightDI\Tests\Runtime\DiContainerFactoryTests.cs(326,38): warning CS0618: 'DiContainerProvider.Resolve<T>()' is obsolete: 'Use attribute [Inject]. DiContainer not for regular use. It's for internal use or critical cases only.'
Assets\LightDI\Tests\Runtime\DiContainerFactoryTests.cs(329,21): warning CS0618: 'DiContainerProvider.Resolve<T>()' is obsolete: 'Use attribute [Inject]. DiContainer not for regular use. It's for internal use or critical cases only.'
Assets\LightDI\Tests\Runtime\DiContainerFactoryTests.cs(330,21): warning CS0618: 'DiContainerProvider.Resolve<T>()' is obsolete: 'Use attribute [Inject]. DiContainer not for regular use. It's for internal use or critical cases only.'
Assets\LightDI\Tests\TestUtilities\TestHelper.cs(57,89): warning CS0618: 'DiContainerProvider.Resolve<T>()' is obsolete: 'Use attribute [Inject]. DiContainer not for regular use. It's for internal use or critical cases only.'
Assets\LightDI\Tests\TestUtilities\TestHelper.cs(59,17): warning CS0618: 'DiContainerProvider.Resolve<T>()' is obsolete: 'Use attribute [Inject]. DiContainer not for regular use. It's for internal use or critical cases only.'
Assets\LightDI\Tests\TestUtilities\TestHelper.cs(60,17): warning CS0618: 'DiContainerProvider.Resolve<T>()' is obsolete: 'Use attribute [Inject]. DiContainer not for regular use. It's for internal use or critical cases only.'
Assets\LightDI\Tests\Runtime\DiContainerProviderTests.cs(396,38): warning CS0618: 'DiContainerProvider.Resolve<T>()' is obsolete: 'Use attribute [Inject]. DiContainer not for regular use. It's for internal use or critical cases only.'
Assets\MVVM\Tests\ViewModelTests.cs(266,28): warning CS8632: The annotation for nullable reference types should only be used in code within a '#nullable' annotations context.
Assets\MVVM\Tests\ModelTests.cs(152,25): warning CS0108: 'ModelTests.TestModel.IsInitialized' hides inherited member 'ModelBase.IsInitialized'. Use the new keyword if hiding was intended.
Assets\MVVM\Tests\ViewModelTests.cs(197,25): warning CS0108: 'ViewModelTests.TestViewModel.IsInitialized' hides inherited member 'ViewModelBase<ViewModelTests.TestModel>.IsInitialized'. Use the new keyword if hiding was intended.
Assets\MVVM\Tests\ViewTests.cs(244,25): warning CS0108: 'ViewTests.TestView.IsInitialized' hides inherited member 'ViewBase<ViewTests.TestViewModel>.IsInitialized'. Use the new keyword if hiding was intended.
Assets\MVVM\Tests\ViewTests.cs(120,27): warning CS1998: This async method lacks 'await' operators and will run synchronously. Consider using the 'await' operator to await non-blocking API calls, or 'await Task.Run(...)' to do CPU-bound work on a background thread.
AssetDatabase: script compilation time: 10.815875s
Scripts have compiler errors.
Exiting without the bug reporter. Application will terminate with return code 1